Crop,Crop_Year,Season,State,Area,Production,Annual_Rainfall,Fertilizer,Pesticide,Yield,Avg_Temperature,Max_Temperature,Min_Temperature
Arhar/Tur,1997,Kharif     ,Assam,8.80056599227992,4685,2051.4,13.356081682400971,7.629718267385035,0.71,23.692,33.435,14.779
Castor seed,1997,Kharif     ,Assam,6.680854678790215,22,2051.4,11.235277152234566,5.512460535664947,0.238,23.692,33.435,14.779
Cotton(lint),1997,Kharif     ,Assam,7.461640392208575,794,2051.4,12.016736322693353,6.291735792337641,0.421,23.692,33.435,14.779
Dry chillies,1997,Whole Year ,Assam,9.516942329280475,9073,2051.4,14.07253427165875,8.345923141137144,0.644,23.692,33.435,14.779
Gram,1997,Rabi       ,Assam,7.9996785794994505,1507,2051.4,12.555011245985966,6.829242234111026,0.465,23.692,33.435,14.779
Linseed,1997,Rabi       ,Assam,9.220191688026556,5158,2051.4,13.77575847005643,8.049229080937437,0.461,23.692,33.435,14.779
Niger seed,1997,Whole Year ,Assam,9.201804040953895,5076,2051.4,13.757369004530345,8.030845523057073,0.482,23.692,33.435,14.779
Onion,1997,Whole Year ,Assam,8.96610085736724,17943,2051.4,13.52163929190668,7.795201993095444,2.343,23.692,33.435,14.779
Sesamum,1997,Whole Year ,Assam,9.665611001619853,8257,2051.4,14.221213004572094,8.494569187778291,0.487,23.692,33.435,14.779
Small millets,1997,Kharif     ,Assam,9.258273025731485,5391,2051.4,13.813843469143576,8.087302185146246,0.473,23.692,33.435,14.779
Sweet potato,1997,Whole Year ,Assam,9.14644164612595,32618,2051.4,13.702000928287825,7.97549590398316,3.44,23.692,33.435,14.779
Tobacco,1997,Whole Year ,Assam,6.073044534100405,26,2051.4,10.626426760565684,4.906977032485268,0.38,23.692,33.435,14.779
Turmeric,1997,Whole Year ,Assam,9.217514575724183,6974,2051.4,13.7730810950754,8.046552559327264,0.67,23.692,33.435,14.779
Bajra,1997,Summer     ,Karnataka,6.710523109452428,662,1266.7,11.264981920300539,5.542047551470635,0.81,25.766,35.922,16.838
Black pepper,1997,Kharif     ,Karnataka,8.249575150000199,924,1266.7,12.804981259403304,7.078973757431427,0.438,25.766,35.922,16.838
Dry chillies,1997,Rabi       ,Karnataka,8.42639282708974,7895,1266.7,12.981840860865956,7.255697200846635,1.869,25.766,35.922,16.838
Garlic,1997,Whole Year ,Karnataka,8.529516941105069,3799,1266.7,13.084986213469435,7.358773571858458,1.585,25.766,35.922,16.838
Ginger,1997,Kharif     ,Karnataka,8.194229304819817,4745,1266.7,12.749620693073696,7.023660998026327,1.262,25.766,35.922,16.838
Jowar,1997,Summer     ,Karnataka,8.722254235179681,15135,1266.7,13.277757780629758,7.551433815257063,2.471,25.766,35.922,16.838
Maize,1997,Summer     ,Karnataka,9.18307194482199,20893,1266.7,13.738635021172545,8.012117670741928,2.166,25.766,35.922,16.838
Ragi,1997,Summer     ,Karnataka,9.512073267650623,25035,1266.7,14.067664854568132,8.341054878906206,1.848,25.766,35.922,16.838
Arecanut,1997,Whole Year ,West Bengal,8.994544758324512,12423,1852.9,13.55008673581991,7.823637927601646,1.692,25.795,35.236,17.038
Arhar/Tur,1997,Whole Year ,West Bengal,8.197263371414335,2181,1852.9,12.752655587970605,7.026693203053651,0.778,25.795,35.236,17.038
Bajra,1997,Kharif     ,West Bengal,5.337538079701318,95,1852.9,9.888434318993076,4.176999240344289,0.427,25.795,35.236,17.038
Barley,1997,Whole Year ,West Bengal,8.718827059242566,5034,1852.9,13.274330051168496,7.548007883787558,1.68,25.795,35.236,17.038
Cardamom,1997,Whole Year ,West Bengal,7.891704659330107,7,1852.9,12.44699945324959,6.72135340902103,0.0,25.795,35.236,17.038
Castor seed,1997,Whole Year ,West Bengal,6.493753839851686,46,1852.9,11.047920521452042,5.32593253358101,0.07,25.795,35.236,17.038
Horse-gram,1997,Kharif     ,West Bengal,8.638702608813434,2556,1852.9,13.194192104050316,7.467913776766782,0.439,25.795,35.236,17.038
Jowar,1997,Whole Year ,West Bengal,6.855408798609928,450,1852.9,11.410030352152186,5.686568493921513,0.482,25.795,35.236,17.038
Linseed,1997,Whole Year ,West Bengal,9.710327470561179,4210,1852.9,14.265932218316975,8.539279483673328,0.252,25.795,35.236,17.038
Moong(Green Gram),1997,Kharif     ,West Bengal,7.307202314764738,711,1852.9,11.862203217020953,6.137511048037225,0.549,25.795,35.236,17.038
Moong(Green Gram),1997,Rabi       ,West Bengal,8.0925452638913,1710,1852.9,12.647907387092948,6.922042725590207,0.543,25.795,35.236,17.038
Moong(Green Gram),1997,Summer     ,West Bengal,9.206332350578643,303,1852.9,13.761897765092439,8.035372818652316,0.046,25.795,35.236,17.038
Niger seed,1997,Whole Year ,West Bengal,8.781555458546402,3522,1852.9,13.337068287326886,7.610714166926075,0.404,25.795,35.236,17.038
Other Kharif pulses,1997,Kharif     ,West Bengal,7.154615356913663,725,1852.9,11.709506783042071,5.985169776545233,0.585,25.795,35.236,17.038
Ragi,1997,Autumn     ,West Bengal,9.44208681209766,15330,1852.9,13.99767309378173,8.271080354230794,0.986,25.795,35.236,17.038
Safflower,1997,Whole Year ,West Bengal,9.287394001418473,3000,1852.9,13.842967152113948,8.116417072794205,0.298,25.795,35.236,17.038
Small millets,1997,Whole Year ,West Bengal,8.526549286340263,3222,1852.9,13.082017977628087,7.355807223360801,0.627,25.795,35.236,17.038
Soyabean,1997,Kharif     ,West Bengal,7.349873704738337,1172,1852.9,11.90490234791776,6.180120167963518,1.197,25.795,35.236,17.038
Sunflower,1997,Whole Year ,West Bengal,5.631211781821365,1,1852.9,10.183323675869499,4.467974946810247,0.0,25.795,35.236,17.038
Turmeric,1997,Whole Year ,West Bengal,9.432042885493988,23556,1852.9,13.98762837488304,8.26103820939249,1.661,25.795,35.236,17.038
Urad,1997,Rabi       ,West Bengal,9.722864552377755,10553,1852.9,14.278470047913261,8.551814883728396,0.628,25.795,35.236,17.038
Arhar/Tur,1998,Kharif     ,Assam,8.943506132037239,5389,2354.4,13.536474467722869,7.705951426673706,0.709,24.142,33.323,16.002
Castor seed,1998,Kharif     ,Assam,7.455298485683291,708,2354.4,12.047823411425606,6.218839134950008,0.411,24.142,33.323,16.002
Cotton(lint),1998,Kharif     ,Assam,7.410347097821024,751,2354.4,12.002845685606225,6.173952756681257,0.399,24.142,33.323,16.002
Dry chillies,1998,Whole Year ,Assam,9.597302008519787,9690,2354.4,14.190332386664714,8.359593905309435,0.637,24.142,33.323,16.002
Gram,1998,Rabi       ,Assam,8.00736706798333,1503,2354.4,12.600134988512995,6.77030765650155,0.46,24.142,33.323,16.002
Linseed,1998,Rabi       ,Assam,9.232395362757014,5212,2354.4,13.825396134245663,7.994760465108494,0.481,24.142,33.323,16.002
Niger seed,1998,Kharif     ,Assam,9.07726601775084,4478,2354.4,13.67025053882713,7.839671297751621,0.521,24.142,33.323,16.002
Onion,1998,Whole Year ,Assam,8.997642078523512,18341,2354.4,13.59061722667759,7.760070531181124,2.34,24.142,33.323,16.002
Sesamum,1998,Kharif     ,Assam,9.676649685633647,8210,2354.4,14.269685192070066,8.438928901420113,0.485,24.142,33.323,16.002
Small millets,1998,Kharif     ,Assam,9.263691547473178,5450,2354.4,13.85669530268272,8.026049272602934,0.521,24.142,33.323,16.002
Sweet potato,1998,Whole Year ,Assam,9.152075463844207,32437,2354.4,13.745068136387038,7.9144605903773995,3.436,24.142,33.323,16.002
Tobacco,1998,Whole Year ,Assam,7.290292882446597,732,2354.4,11.882715035025827,6.05408717158709,0.57,24.142,33.323,16.002
Turmeric,1998,Whole Year ,Assam,9.280798835624744,7416,2354.4,13.873804182763923,8.043152624692247,0.667,24.142,33.323,16.002
Bajra,1998,Rabi       ,Karnataka,6.113682179832232,536,1260.8,10.704587386260751,4.881209746655798,1.19,25.85,36.034,16.947
Bajra,1998,Summer     ,Karnataka,6.741700694652055,498,1260.8,11.33362892818622,5.506712695513338,0.59,25.85,36.034,16.947
Black pepper,1998,Whole Year ,Karnataka,8.38662882139512,10342,1260.8,12.979500813065195,7.149312257807062,2.238,25.85,36.034,16.947
Coriander,1998,Whole Year ,Karnataka,9.79456514531194,2982,1260.8,14.387607559061138,8.55682728065631,0.118,25.85,36.034,16.947
Garlic,1998,Whole Year ,Karnataka,8.181720455128108,3034,1260.8,12.774541132438264,6.944530697144753,1.459,25.85,36.034,16.947
Jowar,1998,Summer     ,Karnataka,9.093581811365986,23144,1260.8,13.686568162623827,7.855982566524575,2.461,25.85,36.034,16.947
Maize,1998,Summer     ,Karnataka,9.390576422279116,27080,1260.8,13.983591361525006,8.15290649430443,2.242,25.85,36.034,16.947
Moong(Green Gram),1998,Rabi       ,Karnataka,9.656819456174961,7005,1260.8,14.249853718857288,8.419101747480047,0.439,25.85,36.034,16.947
Ragi,1998,Summer     ,Karnataka,9.27556615689389,24008,1260.8,13.86857101999091,8.037921142762867,2.239,25.85,36.034,16.947
Rapeseed &Mustard,1998,Kharif     ,Karnataka,8.80597465931132,1790,1260.8,13.398923934433963,7.5684670738988125,0.211,25.85,36.034,16.947
Arecanut,1998,Whole Year ,West Bengal,9.016755622903517,13665,2152.5,13.609733089549964,7.7791783436272866,1.595,25.748,35.759,16.392
Arhar/Tur,1998,Kharif     ,West Bengal,7.865955413933502,1672,2152.5,12.458673246336478,6.629019733410817,0.757,25.748,35.759,16.392
Bajra,1998,Kharif     ,West Bengal,5.170483995038151,84,2152.5,9.75794141390479,3.9464244321454784,0.437,25.748,35.759,16.392
Barley,1998,Rabi       ,West Bengal,8.68929604801586,5910,2152.5,13.28222696459906,7.451833844121618,1.104,25.748,35.759,16.392
Cardamom,1998,Whole Year ,West Bengal,7.964155718840937,690,2152.5,12.55690907848603,6.727132278823764,0.24,25.748,35.759,16.392
Castor seed,1998,Rabi       ,West Bengal,4.007333185232471,38,2152.5,8.582269068152424,2.8130106367386967,0.7,25.748,35.759,16.392
Cotton(lint),1998,Kharif     ,West Bengal,5.303304908059076,73,2152.5,9.891465577308802,4.07753744390572,0.37,25.748,35.759,16.392
Ginger,1998,Kharif     ,West Bengal,9.148358579620302,18839,2152.5,13.741350861395945,7.910744672288842,1.449,25.748,35.759,16.392
Horse-gram,1998,Rabi       ,West Bengal,8.508959386489133,2043,2152.5,13.101857358786464,7.271578612197474,0.422,25.748,35.759,16.392
Jowar,1998,Kharif     ,West Bengal,6.787844982309579,414,2152.5,11.379825979060572,5.552726999736245,0.465,25.748,35.759,16.392
Linseed,1998,Rabi       ,West Bengal,9.242226560838505,2691,2152.5,13.835228279695293,8.004589320839488,0.24,25.748,35.759,16.392
Moong(Green Gram),1998,Kharif     ,West Bengal,6.71295620067707,429,2152.5,11.30485031294282,5.478052247445224,0.507,25.748,35.759,16.392
Moong(Green Gram),1998,Rabi       ,West Bengal,7.912056888179006,1598,2152.5,12.504791834307422,6.675078934633711,0.61,25.748,35.759,16.392
Moong(Green Gram),1998,Summer     ,West Bengal,9.140025198061156,2980,2152.5,13.733016598426163,7.9024134699303055,0.313,25.748,35.759,16.392
Niger seed,1998,Kharif     ,West Bengal,8.934323331054905,4100,2152.5,13.527290474143662,7.696771574022406,0.408,25.748,35.759,16.392
Other Kharif pulses,1998,Kharif     ,West Bengal,6.645090969505644,318,2152.5,11.236900516795759,5.410395269953387,0.516,25.748,35.759,16.392
Peas & beans (Pulses),1998,Rabi       ,West Bengal,9.130322663990151,6776,2152.5,13.72331302883273,7.8927134960775405,0.706,25.748,35.759,16.392
Ragi,1998,Kharif     ,West Bengal,9.464672464746409,15648,2152.5,14.057693307982296,8.226987938420018,0.91,25.748,35.759,16.392
Safflower,1998,Rabi       ,West Bengal,3.8918202981106265,16,2152.5,8.464509457130793,2.702702594775615,0.458,25.748,35.759,16.392
Small millets,1998,Kharif     ,West Bengal,8.22764270790443,1877,2152.5,12.820475816409825,6.990422232615908,0.576,25.748,35.759,16.392
Small millets,1998,Rabi       ,West Bengal,7.119635638017636,1387,2152.5,11.711932049294454,5.88374012852081,1.035,25.748,35.759,16.392
Soyabean,1998,Kharif     ,West Bengal,6.68586094706836,461,2152.5,11.277721984163579,5.4510384535657,0.482,25.748,35.759,16.392
Sunflower,1998,Kharif     ,West Bengal,5.0106352940962555,111,2152.5,9.597111837637094,3.788951007838152,0.71,25.748,35.759,16.392
Turmeric,1998,Whole Year ,West Bengal,9.454383987398135,21487,2152.5,14.047404036767421,8.216701424023354,1.569,25.748,35.759,16.392
Urad,1998,Rabi       ,West Bengal,9.62331057957012,9700,2152.5,14.21634268369788,8.38559820845407,0.649,25.748,35.759,16.392
Arhar/Tur,1999,Kharif     ,Assam,8.891098830616636,5102,2201.8,13.555627267334451,7.582137493689004,0.708,24.694,34.815,16.007
Castor seed,1999,Kharif     ,Assam,7.454141078146678,704,2201.8,12.118232088502136,6.146372083304329,0.423,24.694,34.815,16.007
Cotton(lint),1999,Kharif     ,Assam,7.401231264413015,746,2201.8,12.065291091027191,6.093547196426922,0.412,24.694,34.815,16.007
Dry chillies,1999,Whole Year ,Assam,9.576302060306647,9516,2201.8,14.240898116254929,8.267156232538012,0.637,24.694,34.815,16.007
Gram,1999,Rabi       ,Assam,7.756623334538858,1196,2201.8,12.420864135278133,6.448446258001854,0.47,24.694,34.815,16.007
Linseed,1999,Rabi       ,Assam,9.234935418831563,5323,2201.8,13.89950352078845,7.925865865766093,0.503,24.694,34.815,16.007
Niger seed,1999,Kharif     ,Assam,9.094368195723762,4582,2201.8,13.758921708950304,7.78533844601989,0.549,24.694,34.815,16.007
Onion,1999,Whole Year ,Assam,8.904630097005011,17167,2201.8,13.569160366018792,7.5956637614938805,2.322,24.694,34.815,16.007
Sesamum,1999,Kharif     ,Assam,9.625359692889159,7866,2201.8,14.289959037958713,8.31620488996709,0.485,24.694,34.815,16.007
Small millets,1999,Kharif     ,Assam,9.276315360899716,5467,2201.8,13.940887381028237,7.967235117268359,0.503,24.694,34.815,16.007
Sweet potato,1999,Whole Year ,Assam,9.100078977718645,30979,2201.8,13.76463312446302,7.791047499592716,3.409,24.694,34.815,16.007
Tobacco,1999,Whole Year ,Assam,7.2254814727822945,695,2201.8,11.889425026159438,5.91811398035805,0.574,24.694,34.815,16.007
Turmeric,1999,Whole Year ,Assam,9.303921785597714,7586,2201.8,13.968496330979551,7.9948346518365225,0.667,24.694,34.815,16.007
Arecanut,1999,Whole Year ,West Bengal,8.946114375560743,13124,2318.1,13.610650109956156,7.637133130046778,1.864,25.806,36.204,16.809
Arhar/Tur,1999,Kharif     ,West Bengal,8.032035314398824,2320,2318.1,12.696378195296637,6.723580005115843,0.83,25.806,36.204,16.809
Bajra,1999,Kharif     ,West Bengal,4.990432586778736,96,2318.1,9.648335914430346,3.699324711975475,0.607,25.806,36.204,16.809
Barley,1999,Rabi       ,West Bengal,8.532672762264625,4686,2318.1,13.197142428619832,7.223871735346276,0.777,25.806,36.204,16.809
Cardamom,1999,Whole Year ,West Bengal,7.964155718840937,690,2318.1,12.628475988358588,6.655762048938863,0.24,25.806,36.204,16.809
Castor seed,1999,Kharif     ,West Bengal,3.58351893845611,24,2318.1,8.22028199464599,2.34660197841082,0.69,25.806,36.204,16.809
Cotton(lint),1999,Kharif     ,West Bengal,6.621405651764134,2040,2318.1,11.284750527433815,5.31566600488265,2.72,25.806,36.204,16.809
Dry chillies,1999,Autumn     ,West Bengal,9.732105935780508,13874,2318.1,14.396711903838412,8.422933060117964,0.717,25.806,36.204,16.809
Ginger,1999,Kharif     ,West Bengal,9.123256265069069,18890,2318.1,13.787812946132822,7.814217872537312,1.663,25.806,36.204,16.809
Groundnut,1999,Kharif     ,West Bengal,8.477412321404392,3311,2318.1,13.14187090233856,7.168641528646755,1.166,25.806,36.204,16.809
Groundnut,1999,Rabi       ,West Bengal,8.715880102296456,9269,2318.1,13.380382430484149,7.406989986870991,1.525,25.806,36.204,16.809
Horse-gram,1999,Rabi       ,West Bengal,8.372629740224884,2087,2318.1,13.037065542371854,7.063921069965581,0.452,25.806,36.204,16.809
Jowar,1999,Kharif     ,West Bengal,7.053585727193677,540,2318.1,11.717393957843495,5.746586503647766,0.68,25.806,36.204,16.809
Linseed,1999,Rabi       ,West Bengal,9.1958356857733,4004,2318.1,13.860399933464253,7.886776648757347,0.361,25.806,36.204,16.809
Moong(Green Gram),1999,Kharif     ,West Bengal,6.361302477572996,293,2318.1,11.024254928054557,5.056627897946728,0.532,25.806,36.204,16.809
Moong(Green Gram),1999,Rabi       ,West Bengal,7.773173680482536,1465,2318.1,12.437421441563648,6.464977635989993,0.615,25.806,36.204,16.809
Moong(Green Gram),1999,Summer     ,West Bengal,8.980675603671708,3942,2318.1,13.645215721368988,7.671682399936434,0.851,25.806,36.204,16.809
Niger seed,1999,Kharif     ,West Bengal,8.814924599721019,3528,2318.1,13.479442245754612,7.505992699559039,0.388,25.806,36.204,16.809
Other Kharif pulses,1999,Kharif     ,West Bengal,6.664409020350408,419,2318.1,11.327809487416884,5.358518369238793,0.592,25.806,36.204,16.809
Peas & beans (Pulses),1999,Rabi       ,West Bengal,8.859647499714997,6027,2318.1,13.524171580511892,7.550698045792988,0.931,25.806,36.204,16.809
Ragi,1999,Kharif     ,West Bengal,9.432683603119623,15051,2318.1,14.097269048092972,8.123566729181599,0.898,25.806,36.204,16.809
Safflower,1999,Rabi       ,West Bengal,4.110873864173311,19,2318.1,8.759166347774368,2.8449093838194073,0.542,25.806,36.204,16.809
Sannhamp,1999,Rabi       ,West Bengal,4.68213122712422,298,2318.1,9.337581648232263,3.3975239762958465,3.6,25.806,36.204,16.809
Sesamum,1999,Autumn     ,West Bengal,6.79346613258001,406,2318.1,11.457019760280076,5.487159286165225,0.378,25.806,36.204,16.809
Sesamum,1999,Winter     ,West Bengal,7.828436359157585,1285,2318.1,12.49270654383932,6.520179203709713,0.542,25.806,36.204,16.809
Small millets,1999,Kharif     ,West Bengal,8.216898580913613,1924,2318.1,12.881295796124487,6.908295133234604,0.617,25.806,36.204,16.809
Small millets,1999,Rabi       ,West Bengal,7.317212408359839,1541,2318.1,11.981219195672313,6.009672766756651,0.918,25.806,36.204,16.809
Soyabean,1999,Kharif     ,West Bengal,6.594413459749778,441,2318.1,11.257722199239009,5.288771953704505,0.448,25.806,36.204,16.809
Sunflower,1999,Kharif     ,West Bengal,5.017279836814924,90,2318.1,9.67536286594036,3.7256934272366524,0.683,25.806,36.204,16.809
Tobacco,1999,Whole Year ,West Bengal,9.345133468317714,6694,2318.1,14.00971165609483,8.036036396201135,0.592,25.806,36.204,16.809
Turmeric,1999,Whole Year ,West Bengal,9.494315582496638,20023,2318.1,14.158905768264297,8.185185772645175,1.426,25.806,36.204,16.809
Urad,1999,Rabi       ,West Bengal,9.827038380372722,10987,2318.1,14.491649672900635,8.517850975029154,0.637,25.806,36.204,16.809
Arecanut,2000,Whole Year ,Andhra Pradesh,5.572154032177765,724,935.6,10.15508405214229,4.2358441244958005,2.78,27.813,37.114,20.098
Arhar/Tur,2000,Rabi       ,Andhra Pradesh,8.715880102296456,2701,935.6,13.30241846770242,7.3692730045775745,0.424,27.813,37.114,20.098
Bajra,2000,Rabi       ,Andhra Pradesh,9.563107691083898,12524,935.6,14.149738800140744,8.216234033929188,0.883,27.813,37.114,20.098
Ginger,2000,Whole Year ,Andhra Pradesh,7.753623546559746,6515,935.6,12.339899313306697,6.407770678394021,3.149,27.813,37.114,20.098
Gram,2000,Kharif     ,Andhra Pradesh,4.61512051684126,173,935.6,9.191972714617998,3.295836866004329,1.158,27.813,37.114,20.098
Horse-gram,2000,Kharif     ,Andhra Pradesh,9.534233826390535,6838,935.6,14.120862897612241,8.187366027314877,0.5,27.813,37.114,20.098
Linseed,2000,Rabi       ,Andhra Pradesh,8.610136937058975,1093,935.6,13.196657198001445,7.263581863165474,0.208,27.813,37.114,20.098
Niger seed,2000,Kharif     ,Andhra Pradesh,9.822982237876477,6001,935.6,14.40962926643116,8.476062816018153,0.36,27.813,37.114,20.098
Other  Rabi pulses,2000,Rabi       ,Andhra Pradesh,9.561067663645012,5471,935.6,14.147698630646435,8.214194414852564,0.325,27.813,37.114,20.098
Other Kharif pulses,2000,Kharif     ,Andhra Pradesh,9.89600966268017,5000,935.6,14.482660468988971,8.54907938027856,0.275,27.813,37.114,20.098
Ragi,2000,Rabi       ,Andhra Pradesh,9.665293813175541,27299,935.6,14.251931679461988,8.318400730965859,1.639,27.813,37.114,20.098
Rapeseed &Mustard,2000,Rabi       ,Andhra Pradesh,8.40804774415544,1048,935.6,12.994527596800634,7.061608771796567,0.152,27.813,37.114,20.098
Safflower,2000,Rabi       ,Andhra Pradesh,9.692704790920137,6574,935.6,14.279344355381628,8.345806826874865,0.34,27.813,37.114,20.098
Small millets,2000,Rabi       ,Andhra Pradesh,7.581719640125308,1449,935.6,12.167915690385668,6.236095580063615,0.682,27.813,37.114,20.098
Wheat,2000,Rabi       ,Andhra Pradesh,9.565353936588249,8121,935.6,14.151985201725447,8.218479830754005,0.582,27.813,37.114,20.098
Arhar/Tur,2000,Kharif     ,Assam,8.893023494394711,5159,1965.5,13.479588210126508,7.5463406715494,0.714,23.738,33.507,15.767
Castor seed,2000,Kharif     ,Assam,7.416378479192928,681,1965.5,12.00248377410906,6.0710148258659915,0.418,23.738,33.507,15.767
Cotton(lint),2000,Kharif     ,Assam,7.422971251049421,760,1965.5,12.009080459382417,6.077596370737269,0.427,23.738,33.507,15.767
Dry chillies,2000,Whole Year ,Assam,9.594854193331415,9681,1965.5,14.18148747608375,8.247974287494637,0.638,23.738,33.507,15.767
Gram,2000,Rabi       ,Assam,7.8868329989550565,1329,1965.5,12.473161768713622,6.540827958579054,0.462,23.738,33.507,15.767
Linseed,2000,Rabi       ,Assam,9.230829038403499,5278,1965.5,13.81743272940852,7.884034194895046,0.505,23.738,33.507,15.767
Maize,2000,Kharif     ,Assam,9.915514932748847,14616,1965.5,14.502166702256167,8.568581881253497,0.606,23.738,33.507,15.767
Niger seed,2000,Kharif     ,Assam,9.109967397829395,4653,1965.5,13.696558629418698,7.763208366352136,0.627,23.738,33.507,15.767
Onion,2000,Whole Year ,Assam,8.903815211722922,17156,1965.5,13.490381386841422,7.557128194690558,2.331,23.738,33.507,15.767
Sesamum,2000,Kharif     ,Assam,9.613202094214232,8076,1965.5,14.199836602142515,8.266318666363716,0.49,23.738,33.507,15.767
Small millets,2000,Kharif     ,Assam,9.26785427817679,5410,1965.5,13.85446149434646,7.921049301992909,0.495,23.738,33.507,15.767
Sweet potato,2000,Whole Year ,Assam,9.077722847361343,30351,1965.5,13.664310492456687,7.730974124203846,3.435,23.738,33.507,15.767
Tobacco,2000,Whole Year ,Assam,7.153833801578843,624,1965.5,11.739760275198039,5.808982977512661,0.585,23.738,33.507,15.767
Turmeric,2000,Whole Year ,Assam,9.361085258668608,8032,1965.5,13.94770079414041,8.014256369070484,0.669,23.738,33.507,15.767
Bajra,2000,Rabi       ,Karnataka,5.081404364984463,129,1213.3,9.661938147982518,3.751854253275325,0.81,25.335,35.855,16.473
Bajra,2000,Summer     ,Karnataka,6.81783057145415,998,1213.3,11.403447707314188,5.473866039054562,1.11,25.335,35.855,16.473
Black pepper,2000,Whole Year ,Karnataka,8.88875674784872,17586,1213.3,13.475320882220394,7.542075595789811,2.264,25.335,35.855,16.473
Cardamom,2000,Whole Year ,Karnataka,9.897570078772091,1132,1213.3,14.484220962829799,8.550639572850994,0.06,25.335,35.855,16.473
Coriander,2000,Whole Year ,Karnataka,9.193194213141211,1467,1213.3,13.779794184633461,7.846410060789202,0.119,25.335,35.855,16.473
Garlic,2000,Whole Year ,Karnataka,8.691146498539675,4156,1213.3,13.277680799180553,7.344551081386707,1.491,25.335,35.855,16.473
Jowar,2000,Summer     ,Karnataka,8.679141958402255,11916,1213.3,13.265674249654117,7.332552315389793,2.019,25.335,35.855,16.473
Linseed,2000,Rabi       ,Karnataka,9.76226955062059,6404,1213.3,14.348913221488326,8.415359781534567,0.361,25.335,35.855,16.473
Maize,2000,Summer     ,Karnataka,9.320628725870305,31091,1213.3,13.907240746330384,7.973809940090072,2.775,25.335,35.855,16.473
Mesta,2000,Kharif     ,Karnataka,8.36380888451688,6666,1213.3,12.95027874801459,7.017398610278106,1.807,25.335,35.855,16.473
Moong(Green Gram),2000,Rabi       ,Karnataka,9.646981097552796,4147,1213.3,14.233617803105673,8.30009135214817,0.269,25.335,35.855,16.473
Ragi,2000,Summer     ,Karnataka,9.285633356011614,21376,1213.3,13.87224221909157,7.9388236459284,1.983,25.335,35.855,16.473
Rapeseed &Mustard,2000,Rabi       ,Karnataka,8.940891067785461,2012,1213.3,13.52746213841559,7.594189981182507,0.209,25.335,35.855,16.473
Sannhamp,2000,Whole Year ,Karnataka,7.261927092702751,354,1213.3,11.847932915029507,5.916848753727192,0.285,25.335,35.855,16.473
Urad,2000,Rabi       ,Karnataka,9.386392315756542,4171,1213.3,13.973009978780066,8.039557310494564,0.363,25.335,35.855,16.473
Cotton(lint),2000,Kharif     ,Kerala,8.255308811785596,6209,2412.6,12.84175222033763,6.908974535386866,1.61,24.928,32.432,18.922
Ginger,2000,Whole Year ,Kerala,9.359880439245758,42699,2412.6,13.946495872079993,8.013051844678834,2.957,24.928,32.432,18.922
Groundnut,2000,Kharif     ,Kerala,8.210124405164267,2733,2412.6,12.796555921306823,6.8638242898761685,0.37,24.928,32.432,18.922
Jowar,2000,Kharif     ,Kerala,6.139884552226255,236,2412.6,10.724449724437044,4.798926120407709,0.51,24.928,32.432,18.922
Ragi,2000,Kharif     ,Kerala,7.578656850594762,1582,2412.6,12.1648513525509,6.233037233890559,0.813,24.928,32.432,18.922
Sesamum,2000,Kharif     ,Kerala,7.602401335665818,797,2412.6,12.188607717684198,6.256747624616284,0.346,24.928,32.432,18.922
Turmeric,2000,Whole Year ,Kerala,8.325548307161398,9037,2412.6,12.912009167690295,6.979163896869353,1.906,24.928,32.432,18.922
Arecanut,2000,Whole Year ,West Bengal,8.958540111412168,12191,1907.7,13.54511344942026,7.611832508334664,1.84,25.311,34.094,16.45
Arhar/Tur,2000,Kharif     ,West Bengal,9.090317329376452,5930,1907.7,13.676906389110624,7.74356454027372,0.686,25.311,34.094,16.45
Bajra,2000,Kharif     ,West Bengal,5.749392985908253,256,1907.7,10.33293640416016,4.411342689007935,0.888,25.311,34.094,16.45
Barley,2000,Rabi       ,West Bengal,8.15248607578024,1820,1907.7,12.738901620281393,6.806231836777749,0.62,25.311,34.094,16.45
Castor seed,2000,Kharif     ,West Bengal,4.61512051684126,127,1907.7,9.191972714617998,3.295836866004329,1.27,25.311,34.094,16.45
Cotton(lint),2000,Kharif     ,West Bengal,7.080867896690782,2732,1907.7,11.66673574401057,5.7361851257637015,2.3,25.311,34.094,16.45
Ginger,2000,Kharif     ,West Bengal,9.140883106960962,18898,1907.7,13.727477670319335,7.79411449916721,1.524,25.311,34.094,16.45
Groundnut,2000,Kharif     ,West Bengal,7.611347717403621,1594,1907.7,12.197558502864851,6.2656813686061925,0.968,25.311,34.094,16.45
Groundnut,2000,Rabi       ,West Bengal,9.049467146388098,12379,1907.7,13.636051552159053,7.702727733590656,1.37,25.311,34.094,16.45
Horse-gram,2000,Rabi       ,West Bengal,8.369157112588834,2164,1907.7,12.955628207337043,7.022743301113721,0.49,25.311,34.094,16.45
Jowar,2000,Kharif     ,West Bengal,6.92461239604856,521,1907.7,11.510339323787997,5.580333417373191,0.578,25.311,34.094,16.45
Linseed,2000,Rabi       ,West Bengal,9.381769487603714,3972,1907.7,13.968386765997261,8.034935587967304,0.461,25.311,34.094,16.45
Moong(Green Gram),2000,Kharif     ,West Bengal,6.455198563340122,308,1907.7,11.040341710061098,5.112590016619249,0.499,25.311,34.094,16.45
Moong(Green Gram),2000,Rabi       ,West Bengal,7.787796878181171,1402,1907.7,12.37408692290689,6.441903020858877,0.584,25.311,34.094,16.45
Moong(Green Gram),2000,Summer     ,West Bengal,9.011645501064283,4809,1907.7,13.598225425056619,7.664918969455499,0.545,25.311,34.094,16.45
Niger seed,2000,Kharif     ,West Bengal,8.835646922534773,3702,1907.7,13.422203608988486,7.488987174913582,0.406,25.311,34.094,16.45
Other Kharif pulses,2000,Kharif     ,West Bengal,6.716594773520978,409,1907.7,11.30209640312813,5.372960909543803,0.548,25.311,34.094,16.45
Peas & beans (Pulses),2000,Rabi       ,West Bengal,8.900957872545062,6111,1907.7,13.487523662791402,7.55427196161377,0.843,25.311,34.094,16.45
Ragi,2000,Kharif     ,West Bengal,9.445570584425539,15242,1907.7,14.032193017305032,8.098721867992543,0.926,25.311,34.094,16.45
Safflower,2000,Rabi       ,West Bengal,3.4011973816621555,9,1907.7,7.9543476935781205,2.1447610078004784,0.3,25.311,34.094,16.45
Small millets,2000,Kharif     ,West Bengal,8.026823576217629,1625,1907.7,12.613200936449378,6.680679004640214,0.683,25.311,34.094,16.45
Small millets,2000,Rabi       ,West Bengal,7.1592919047975645,1308,1907.7,11.745222594170679,5.814428994743265,0.947,25.311,34.094,16.45
Soyabean,2000,Kharif     ,West Bengal,6.289715570908998,322,1907.7,10.874578163537022,4.94790846418795,0.578,25.311,34.094,16.45
Sunflower,2000,Kharif     ,West Bengal,5.5093883366279774,156,1907.7,10.092073612955625,4.173771695853422,1.277,25.311,34.094,16.45
Tobacco,2000,Whole Year ,West Bengal,9.25502688959859,5703,1907.7,13.841632899224859,7.9082253814988395,0.598,25.311,34.094,16.45
Turmeric,2000,Whole Year ,West Bengal,9.538636417313219,22445,1907.7,14.125265803072091,8.1917677140538,1.536,25.311,34.094,16.45
Urad,2000,Rabi       ,West Bengal,9.536834420213353,8813,1907.7,14.123463677398366,8.189966086558705,0.612,25.311,34.094,16.45
Arecanut,2001,Whole Year ,Andhra Pradesh,5.594711379601839,449,928.4,10.217270026665854,4.2581626474514955,1.71,28.261,38.403,20.394
Arhar/Tur,2001,Rabi       ,Andhra Pradesh,8.601534339849989,2706,928.4,13.22759881123975,7.254983745112435,0.46,28.261,38.403,20.394
Bajra,2001,Rabi       ,Andhra Pradesh,9.178333575841096,7442,928.4,13.80447784074227,7.831553757066546,0.795,28.261,38.403,20.394
Ginger,2001,Whole Year ,Andhra Pradesh,7.843064016692054,6263,928.4,12.468921830866071,6.4971067601818175,2.438,28.261,38.403,20.394
Gram,2001,Kharif     ,Andhra Pradesh,4.5217885770490405,101,928.4,9.137213610585386,3.2051824977361982,1.093,28.261,38.403,20.394
Horse-gram,2001,Kharif     ,Andhra Pradesh,9.3425083355536,4417,928.4,13.968668081918322,7.9956840347367955,0.369,28.261,38.403,20.394
Linseed,2001,Rabi       ,Andhra Pradesh,8.67812085552252,1419,928.4,13.304198749362921,7.331531706861554,0.218,28.261,38.403,20.394
Niger seed,2001,Kharif     ,Andhra Pradesh,9.856972298794659,8017,928.4,14.483166941219165,8.510047723255367,0.38,28.261,38.403,20.394
Other  Rabi pulses,2001,Rabi       ,Andhra Pradesh,9.528866827722945,5012,928.4,14.155041326789364,8.182000136293405,0.511,28.261,38.403,20.394
Other Kharif pulses,2001,Kharif     ,Andhra Pradesh,9.7603097828598,4573,928.4,14.386499161006178,8.413400335226841,0.314,28.261,38.403,20.394
Ragi,2001,Rabi       ,Andhra Pradesh,9.47231994707559,22707,928.4,14.098490256565853,8.125465294277166,1.738,28.261,38.403,20.394
Rapeseed &Mustard,2001,Rabi       ,Andhra Pradesh,7.8050670442584895,790,928.4,12.430909801885395,6.459152998396278,0.328,28.261,38.403,20.394
Safflower,2001,Rabi       ,Andhra Pradesh,9.889844913494969,5920,928.4,14.516041233316104,8.542915517572018,0.303,28.261,38.403,20.394
Small millets,2001,Rabi       ,Andhra Pradesh,6.837332814685591,760,928.4,11.462516305935594,5.493308326442654,0.732,28.261,38.403,20.394
Wheat,2001,Rabi       ,Andhra Pradesh,9.531988993991236,9486,928.4,14.158163717550165,8.185121657483172,0.628,28.261,38.403,20.394
Arhar/Tur,2001,Kharif     ,Assam,8.886962034866128,5125,1824.7,13.513071711261032,7.540281587718616,0.709,24.368,34.125,16.055
Castor seed,2001,Kharif     ,Assam,7.400620577371135,671,1824.7,12.026262013723958,6.055284059820936,0.43,24.368,34.125,16.055
Cotton(lint),2001,Kharif     ,Assam,7.5406215286571525,860,1824.7,12.166342034401012,6.1950582391774764,0.444,24.368,34.125,16.055
Dry chillies,2001,Whole Year ,Assam,9.597845154707354,9647,1824.7,14.22402445379242,8.25096467031696,0.638,24.368,34.125,16.055
Gram,2001,Rabi       ,Assam,7.80954132465341,1295,1824.7,12.435385885115668,6.463622104983058,0.466,24.368,34.125,16.055
Linseed,2001,Rabi       ,Assam,9.207636720401869,5114,1824.7,13.833783938126503,7.860848417647058,0.506,24.368,34.125,16.055
Maize,2001,Kharif     ,Assam,9.883335864325275,13940,1824.7,14.509531856371874,8.536407410340042,0.609,24.368,34.125,16.055
Moong(Green Gram),2001,Rabi       ,Assam,9.012742727629712,3740,1824.7,13.638868577796677,7.666015815430496,0.442,24.368,34.125,16.055
Niger seed,2001,Kharif     ,Assam,9.09549053029724,4567,1824.7,13.721625963530085,7.748736085877364,0.533,24.368,34.125,16.055
Onion,2001,Whole Year ,Assam,8.919586920999915,17453,1824.7,13.545700989881334,7.57289385512277,2.351,24.368,34.125,16.055
Sesamum,2001,Kharif     ,Assam,9.598252320836758,8054,1824.7,14.22443164728383,8.251371757820298,0.49,24.368,34.125,16.055
Small millets,2001,Kharif     ,Assam,9.0455836463617,4403,1824.7,13.671713395026503,7.6988455338720465,0.492,24.368,34.125,16.055
Sweet potato,2001,Whole Year ,Assam,9.029297996680608,28665,1824.7,13.655425828103077,7.682565392403157,3.327,24.368,34.125,16.055
Tobacco,2001,Whole Year ,Assam,7.086737934510577,593,1824.7,11.712156169597598,5.7420411867732915,0.6,24.368,34.125,16.055
Turmeric,2001,Whole Year ,Assam,9.37695589894852,8164,1824.7,14.003118583393732,8.030123156004644,0.672,24.368,34.125,16.055
Arecanut,2001,Whole Year ,Goa,7.3783837129967145,2500,2530.6,12.00401153945058,6.0330862217988015,1.56,25.148,34.819,17.618
Black pepper,2001,Whole Year ,Goa,6.352629396319567,100,2530.6,10.97714931619065,5.010501951873243,0.17,25.148,34.819,17.618
Groundnut,2001,Kharif     ,Goa,5.003946305945459,137,2530.6,9.623524941559532,3.675794214565281,0.93,25.148,34.819,17.618
Groundnut,2001,Rabi       ,Goa,7.323830566202317,2390,2530.6,11.949423692510797,5.978632568292603,1.58,25.148,34.819,17.618
Other  Rabi pulses,2001,Rabi       ,Goa,9.09884999594282,8085,2530.6,13.724985801734096,7.752094481139117,0.9,25.148,34.819,17.618
Other Kharif pulses,2001,Kharif     ,Goa,6.226536669287466,283,2530.6,10.850824329672015,4.88507207112091,0.56,25.148,34.819,17.618
Ragi,2001,Kharif     ,Goa,5.755742213586912,315,2530.6,10.378850233876289,4.417635062141249,1.0,25.148,34.819,17.618
Rice,2001,Rabi       ,Goa,9.719444514843833,47452,2530.6,14.345631509783704,8.372541915707458,2.85,25.148,34.819,17.618
Bajra,2001,Rabi       ,Karnataka,6.093569770045136,221,1002.9,10.717578546006683,4.752900298012427,0.5,25.637,36.012,16.564
Bajra,2001,Summer     ,Karnataka,6.7464121285733745,929,1002.9,11.37149438035188,5.402677381872279,1.09,25.637,36.012,16.564
Black pepper,2001,Whole Year ,Karnataka,9.179881164491475,22185,1002.9,13.806025587514155,7.833100891408529,2.214,25.637,36.012,16.564
Coriander,2001,Whole Year ,Karnataka,9.33326571881348,1845,1002.9,13.959424659487757,7.986443733008754,0.117,25.637,36.012,16.564
Jowar,2001,Summer     ,Karnataka,8.767017621311778,12385,1002.9,13.39310985888069,7.420387270283496,1.952,25.637,36.012,16.564
Linseed,2001,Rabi       ,Karnataka,9.883896902771124,6581,1002.9,14.510092923153893,8.53696836735524,0.329,25.637,36.012,16.564
Maize,2001,Summer     ,Karnataka,9.134862230800225,23960,1002.9,13.761001952631716,7.7880954648730585,2.626,25.637,36.012,16.564
Mesta,2001,Kharif     ,Karnataka,8.207674424355282,5195,1002.9,12.83365101438545,6.861376205795343,1.944,25.637,36.012,16.564
Moong(Green Gram),2001,Rabi       ,Karnataka,8.86953877719374,2090,1002.9,13.495646048415663,7.522865239533147,0.283,25.637,36.012,16.564
Ragi,2001,Summer     ,Karnataka,9.134754385019587,14154,1002.9,13.760894095333017,7.787987652185059,1.546,25.637,36.012,16.564
Rapeseed &Mustard,2001,Rabi       ,Karnataka,8.862766742283796,1905,1002.9,13.48887306729873,7.5160959228320054,0.222,25.637,36.012,16.564
Sannhamp,2001,Whole Year ,Karnataka,7.846198815497425,634,1002.9,12.472057846487505,6.500238066747841,0.238,25.637,36.012,16.564
Urad,2001,Rabi       ,Karnataka,9.380420642347783,4448,1002.9,14.006583616742084,8.033587066274126,0.347,25.637,36.012,16.564
Arecanut,2001,Whole Year ,West Bengal,9.135293497653272,14885,1556.6,13.761433265532172,7.78852659942688,1.862,25.588,35.034,16.928
Arhar/Tur,2001,Kharif     ,West Bengal,8.278682162970906,3268,1556.6,12.904677257185753,6.932330811548178,0.817,25.588,35.034,16.928
Bajra,2001,Kharif     ,West Bengal,6.054439346269371,322,1556.6,10.678358718936755,4.7140245909001735,0.855,25.588,35.034,16.928
Barley,2001,Rabi       ,West Bengal,7.872073979866873,2825,1556.6,12.497942910247748,6.526084819439689,1.068,25.588,35.034,16.928
Cardamom,2001,Whole Year ,West Bengal,7.964155718840937,704,1556.6,12.590057870534713,6.618071203859683,0.24,25.588,35.034,16.928
Castor seed,2001,Kharif     ,West Bengal,4.394449154672439,73,1556.6,9.008395531802966,3.0819099697950434,0.91,25.588,35.034,16.928
Cotton(lint),2001,Kharif     ,West Bengal,7.493317248862145,4481,1556.6,12.119012267340004,6.147827064731841,1.993,25.588,35.034,16.928
Ginger,2001,Kharif     ,West Bengal,9.00380808646717,16070,1556.6,13.629932853671253,7.657084285564231,1.52,25.588,35.034,16.928
Groundnut,2001,Kharif     ,West Bengal,7.6953031349635665,2126,1556.6,12.32109904069763,6.349523532818876,1.166,25.588,35.034,16.928
Groundnut,2001,Rabi       ,West Bengal,9.068776807654396,11650,1556.6,13.694909233409936,7.722031003849559,1.285,25.588,35.034,16.928
Horse-gram,2001,Rabi       ,West Bengal,8.211211361793023,3167,1556.6,12.837188904960676,6.8649104064898205,0.651,25.588,35.034,16.928
Jowar,2001,Kharif     ,West Bengal,7.085901464365611,658,1556.6,11.711319006046853,5.7412067033022005,0.611,25.588,35.034,16.928
Linseed,2001,Rabi       ,West Bengal,9.335650562941629,4655,1556.6,13.961809712219171,7.988827977752211,0.371,25.588,35.034,16.928
Moong(Green Gram),2001,Kharif     ,West Bengal,6.429719478039138,311,1556.6,11.0543676023115,5.087225896257968,0.557,25.588,35.034,16.928
Moong(Green Gram),2001,Rabi       ,West Bengal,7.503840746698951,998,1556.6,12.129541539958504,6.158333999343015,0.569,25.588,35.034,16.928
Moong(Green Gram),2001,Summer     ,West Bengal,9.0441677169216,4733,1556.6,13.670297300131564,7.697430079783149,0.549,25.588,35.034,16.928
Niger seed,2001,Kharif     ,West Bengal,8.758255243232792,3229,1556.6,13.384346122948884,7.411628792735487,0.467,25.588,35.034,16.928
Other Kharif pulses,2001,Kharif     ,West Bengal,7.374001859350161,865,1556.6,11.999626968023714,6.028712161134648,0.605,25.588,35.034,16.928
Peas & beans (Pulses),2001,Rabi       ,West Bengal,9.086702731518004,5602,1556.6,13.712837184260035,7.739951104102571,0.597,25.588,35.034,16.928
Ragi,2001,Kharif     ,West Bengal,9.451795243061646,14558,1556.6,14.077963972303952,8.10494513101124,0.862,25.588,35.034,16.928
Safflower,2001,Rabi       ,West Bengal,4.07753744390572,22,1556.6,8.686858325858612,2.77757626375082,0.385,25.588,35.034,16.928
Small millets,2001,Kharif     ,West Bengal,8.436200032206706,3125,1556.6,13.062231771535556,7.089743446874854,0.797,25.588,35.034,16.928
Soyabean,2001,Kharif     ,West Bengal,6.248042874508429,308,1556.6,10.872372252554866,4.90645926184609,0.538,25.588,35.034,16.928
Sunflower,2001,Kharif     ,West Bengal,7.154615356913663,1691,1556.6,11.780087968684722,5.809762798193433,1.048,25.588,35.034,16.928
Tobacco,2001,Whole Year ,West Bengal,9.181838011503471,5300,1556.6,13.807982634112694,7.835057164976054,0.652,25.588,35.034,16.928
Turmeric,2001,Whole Year ,West Bengal,9.456809748593889,22031,1556.6,14.082978866914967,8.109958518551474,1.602,25.588,35.034,16.928
Urad,2001,Rabi       ,West Bengal,9.51044496442652,14187,1556.6,14.136618124544322,8.163582120450014,0.893,25.588,35.034,16.928
Arecanut,2002,Whole Year ,Andhra Pradesh,5.6937321388027,427,648.1,10.240792299667138,4.31748811353631,1.452,28.362,38.728,20.378
Arhar/Tur,2002,Rabi       ,Andhra Pradesh,9.012011377036412,3004,648.1,13.562287881564064,7.62608275807238,0.299,28.362,38.728,20.378
Bajra,2002,Rabi       ,Andhra Pradesh,8.891374009484636,3953,648.1,13.441635043014136,7.505492274737424,0.594,28.362,38.728,20.378
Ginger,2002,Whole Year ,Andhra Pradesh,7.614312146452,3313,648.1,12.164221058661575,6.229496710915942,1.635,28.362,38.728,20.378
Gram,2002,Kharif     ,Andhra Pradesh,3.6375861597263857,45,648.1,8.161600518753469,2.327277705584417,1.008,28.362,38.728,20.378
Horse-gram,2002,Kharif     ,Andhra Pradesh,9.61326893243235,6547,648.1,14.163599960391034,8.227175059166909,0.421,28.362,38.728,20.378
Linseed,2002,Rabi       ,Andhra Pradesh,8.31164394850298,1238,648.1,12.861798033907819,6.926086235666861,0.323,28.362,38.728,20.378
Niger seed,2002,Kharif     ,Andhra Pradesh,9.610457873757753,5743,648.1,14.160788715547282,8.224364564811577,0.38,28.362,38.728,20.378
Other  Rabi pulses,2002,Rabi       ,Andhra Pradesh,7.535830462798367,518,648.1,12.085699502189032,6.151135675466618,0.274,28.362,38.728,20.378
Other Kharif pulses,2002,Kharif     ,Andhra Pradesh,8.84159284680318,1532,648.1,13.391846931788505,7.455732168378921,0.223,28.362,38.728,20.378
Ragi,2002,Rabi       ,Andhra Pradesh,9.170663554823284,12393,648.1,13.720957761272937,7.784681287334015,1.251,28.362,38.728,20.378
Rapeseed &Mustard,2002,Rabi       ,Andhra Pradesh,8.122668023346407,742,648.1,12.67277153889665,6.73726347394176,0.303,28.362,38.728,20.378
Safflower,2002,Rabi       ,Andhra Pradesh,9.870499376709148,6776,648.1,14.420845404490484,8.484360034320996,0.318,28.362,38.728,20.378
Small millets,2002,Rabi       ,Andhra Pradesh,7.594381242551817,720,648.1,12.144280323467093,6.209595556598647,0.328,28.362,38.728,20.378
Wheat,2002,Rabi       ,Andhra Pradesh,9.309733115854218,14898,648.1,13.860040689638083,7.923710333969238,1.09,28.362,38.728,20.378
other oilseeds,2002,Rabi       ,Andhra Pradesh,9.298534382712099,13551,648.1,13.848840947557944,7.9125146588439,1.225,28.362,38.728,20.378
Arhar/Tur,2002,Kharif     ,Assam,8.855663430700124,4961,1973.6,13.405919514880532,7.469796694132398,0.711,24.325,34.012,15.572
Castor seed,2002,Kharif     ,Assam,7.363913501405819,651,1973.6,11.913683445247763,5.979518476089582,0.429,24.325,34.012,15.572
Cotton(lint),2002,Kharif     ,Assam,7.350516171833998,716,1973.6,11.900277653421869,5.966146739123692,0.423,24.325,34.012,15.572
Dry chillies,2002,Whole Year ,Assam,9.608176452919857,9784,1973.6,14.158507143231564,8.22208360313566,0.638,24.325,34.012,15.572
Gram,2002,Rabi       ,Assam,7.77863014732581,1205,1973.6,12.328613058013838,6.393590753950631,0.516,24.325,34.012,15.572
Linseed,2002,Rabi       ,Assam,9.181735114965848,5071,1973.6,13.732030455044415,7.795749411701179,0.509,24.325,34.012,15.572
Maize,2002,Kharif     ,Assam,9.89409356689426,14194,1973.6,14.444440787010928,8.507950610049305,0.606,24.325,34.012,15.572
Masoor,2002,Rabi       ,Assam,9.889946281969461,10694,1973.6,14.440293294535339,8.503803954297222,0.525,24.325,34.012,15.572
Moong(Green Gram),2002,Rabi       ,Assam,8.876544550558378,3286,1973.6,13.42680355022113,7.490668979142382,0.45,24.325,34.012,15.572
Niger seed,2002,Kharif     ,Assam,9.20079495913265,5060,1973.6,13.751092221604223,7.814803429489359,0.52,24.325,34.012,15.572
Onion,2002,Whole Year ,Assam,8.922791623969637,17467,1973.6,13.473056868065322,7.53689712956617,2.338,24.325,34.012,15.572
Sesamum,2002,Kharif     ,Assam,9.567385247481795,7789,1973.6,14.117713170253268,8.181300786660033,0.49,24.325,34.012,15.572
Small millets,2002,Kharif     ,Assam,9.025335217553026,4328,1973.6,13.575613319109623,7.639401758692692,0.489,24.325,34.012,15.572
Sweet potato,2002,Whole Year ,Assam,9.01724094201035,28460,1973.6,13.567518075905147,7.631310415713465,3.406,24.325,34.012,15.572
Tobacco,2002,Whole Year ,Assam,7.007600613951853,539,1973.6,11.55710195487441,5.6240175061873385,0.56,24.325,34.012,15.572
Turmeric,2002,Whole Year ,Assam,9.3982297330736,8315,1973.6,13.948544894576923,8.012183952971686,0.669,24.325,34.012,15.572
Arecanut,2002,Whole Year ,Goa,7.3783837129967145,2500,2516.3,11.928162670227096,5.993961427306569,1.56,25.587,35.657,18.107
Black pepper,2002,Whole Year ,Goa,6.369900982828227,103,2516.3,10.918602464694814,4.988730458708206,0.18,25.587,35.657,18.107
Groundnut,2002,Kharif     ,Goa,5.488937726156687,348,2516.3,10.035237922581096,4.114963849424837,1.44,25.587,35.657,18.107
Groundnut,2002,Rabi       ,Goa,7.67275789664251,3915,2516.3,12.222694533359114,6.2878585601617845,1.82,25.587,35.657,18.107
Other  Rabi pulses,2002,Rabi       ,Goa,9.12347443895452,7285,2516.3,13.673763670388194,7.737507249439053,0.79,25.587,35.657,18.107
Other Kharif pulses,2002,Kharif     ,Goa,5.308267697401205,168,2516.3,9.853754619099375,3.9367156180185177,0.84,25.587,35.657,18.107
Ragi,2002,Kharif     ,Goa,5.869296913133774,301,2516.3,10.416895140162785,4.491441420659749,0.85,25.587,35.657,18.107
Rice,2002,Rabi       ,Goa,9.707594315712079,44695,2516.3,14.257931296631146,8.321482397503267,2.72,25.587,35.657,18.107
Cotton(lint),2002,Kharif     ,Kerala,8.131824785007195,5488,2511.2,12.681930977507387,6.7464121285733745,1.61,25.328,33.21,19.545
Ginger,2002,Whole Year ,Kerala,9.104868739033948,32412,2511.2,13.655155943469696,7.718907692732987,2.951,25.328,33.21,19.545
Groundnut,2002,Kharif     ,Kerala,7.792761720816526,1801,2511.2,12.34275044551945,6.407704728384105,0.74,25.328,33.21,19.545
Jowar,2002,Kharif     ,Kerala,7.85243908535751,1311,2511.2,12.402451475919582,6.467310451977946,0.502,25.328,33.21,19.545
Ragi,2002,Kharif     ,Kerala,7.186144304522325,1068,2511.2,11.735792177968248,5.802118375377063,0.87,25.328,33.21,19.545
Sesamum,2002,Kharif     ,Kerala,6.699500340161678,260,2511.2,11.248678238842594,5.316893752120972,0.277,25.328,33.21,19.545
Turmeric,2002,Whole Year ,Kerala,8.052296499538647,6938,2511.2,12.602378603052838,6.666956792429207,2.063,25.328,33.21,19.545
other oilseeds,2002,Whole Year ,Kerala,7.720461694599722,0,2511.2,12.270419788981204,6.335497415697645,0.0,25.328,33.21,19.545
Arecanut,2002,Whole Year ,Tamil Nadu,8.508555998020574,0,315.9,13.058753534245177,7.122866658599083,0.0,28.062,38.412,20.0
Castor seed,2002,Kharif     ,Tamil Nadu,9.784140794903562,5600,315.9,14.334482210561559,8.398015433586908,0.377,28.062,38.412,20.0
Gram,2002,Rabi       ,Tamil Nadu,8.732304571033183,4172,315.9,13.282542131827126,7.346493963853227,0.582,28.062,38.412,20.0
Rapeseed &Mustard,2002,Rabi       ,Tamil Nadu,6.373319789577012,142,315.9,10.922027063634163,4.992131822531696,0.206,28.062,38.412,20.0
Small millets,2002,Kharif     ,Tamil Nadu,8.90231952852887,4137,315.9,13.452582044009942,7.516433302915632,0.575,28.062,38.412,20.0
Sunflower,2002,Kharif     ,Tamil Nadu,8.950273466557375,8908,315.9,13.500542286816836,7.564368134814108,1.075,28.062,38.412,20.0
Tobacco,2002,Whole Year ,Tamil Nadu,9.013595294516504,12630,315.9,13.563871990012924,7.627666096811297,1.435,28.062,38.412,20.0
Turmeric,2002,Whole Year ,Tamil Nadu,9.758403975346978,64536,315.9,14.308743937656184,8.37228301962043,3.67,28.062,38.412,20.0
Arecanut,2002,Whole Year ,West Bengal,9.114049711657897,16568,1629.1,13.664337921028757,7.728085619710381,2.998,25.763,35.824,16.822
Arhar/Tur,2002,Kharif     ,West Bengal,8.031385330625534,2806,1629.1,12.581460775500183,6.64606578680461,0.924,25.763,35.824,16.822
Bajra,2002,Kharif     ,West Bengal,5.808142489980444,252,1629.1,10.355563944841355,4.430816798843313,0.757,25.763,35.824,16.822
Barley,2002,Rabi       ,West Bengal,7.807916628926408,2341,1629.1,12.357911497999797,6.422841037000647,0.843,25.763,35.824,16.822
Cardamom,2002,Whole Year ,West Bengal,7.963807953231451,704,1629.1,12.513860902141264,6.578556526327422,0.24,25.763,35.824,16.822
Castor seed,2002,Kharif     ,West Bengal,3.828641396489095,42,1629.1,8.35729435588429,2.505525936990736,0.93,25.763,35.824,16.822
Cotton(lint),2002,Kharif     ,West Bengal,6.714170529909472,1474,1629.1,11.263366195496555,5.3315103339038,2.875,25.763,35.824,16.822
Dry chillies,2002,Autumn     ,West Bengal,9.797515738962685,15716,1629.1,14.347857895256507,8.411388132519262,0.774,25.763,35.824,16.822
Ginger,2002,Kharif     ,West Bengal,9.146761390333312,20206,1629.1,13.697053106190458,7.760786671217101,1.699,25.763,35.824,16.822
Groundnut,2002,Kharif     ,West Bengal,7.221835825288449,1317,1629.1,11.771509979790814,5.8377304471659395,1.162,25.763,35.824,16.822
Groundnut,2002,Rabi       ,West Bengal,8.85666093701725,10523,1629.1,13.406917161861568,7.470793774195062,1.422,25.763,35.824,16.822
Horse-gram,2002,Rabi       ,West Bengal,8.656781205623291,2668,1629.1,13.207006245022152,7.271008538280992,0.498,25.763,35.824,16.822
Jowar,2002,Kharif     ,West Bengal,7.404887575616125,1234,1629.1,11.954682707255603,6.02041636905775,1.855,25.763,35.824,16.822
Khesari,2002,Kharif     ,West Bengal,6.371611847231857,507,1629.1,10.92031623014851,4.990432586778736,0.87,25.763,35.824,16.822
Linseed,2002,Rabi       ,West Bengal,9.089302043599126,3691,1629.1,13.639587522899829,7.703346225618508,0.307,25.763,35.824,16.822
Moong(Green Gram),2002,Kharif     ,West Bengal,6.322565239927284,268,1629.1,10.871184452427366,4.941642422609304,0.533,25.763,35.824,16.822
Moong(Green Gram),2002,Rabi       ,West Bengal,7.379008127628304,942,1629.1,11.928787470872367,5.9945846744442255,0.58,25.763,35.824,16.822
Moong(Green Gram),2002,Summer     ,West Bengal,8.938006576471201,3840,1629.1,13.488273812600859,7.552106045353119,0.597,25.763,35.824,16.822
Niger seed,2002,Kharif     ,West Bengal,8.826147399143558,3596,1629.1,13.376399256952912,7.440293469653778,0.506,25.763,35.824,16.822
Other Kharif pulses,2002,Kharif     ,West Bengal,6.56244409369372,476,1629.1,11.111442766531626,5.18037806868335,0.59,25.763,35.824,16.822
Peas & beans (Pulses),2002,Rabi       ,West Bengal,9.28312604170183,8635,1629.1,13.833431199749883,7.897110581713298,0.808,25.763,35.824,16.822
Ragi,2002,Kharif     ,West Bengal,9.511777409660299,15639,1629.1,14.062101373085323,8.125704950238868,0.828,25.763,35.824,16.822
Safflower,2002,Rabi       ,West Bengal,3.6888794541139363,31,1629.1,8.214229615966005,2.3749057545736716,1.217,25.763,35.824,16.822
Sesamum,2002,Autumn     ,West Bengal,6.956545443151569,589,1629.1,11.50599983808444,5.573104151014085,0.511,25.763,35.824,16.822
Sesamum,2002,Winter     ,West Bengal,7.931284761525891,1573,1629.1,12.481326329528677,6.54606779321986,0.58,25.763,35.824,16.822
Small millets,2002,Kharif     ,West Bengal,8.047829357457841,2088,1629.1,12.597910050197877,6.662493922414308,0.856,25.763,35.824,16.822
Small millets,2002,Rabi       ,West Bengal,6.93828448401696,1135,1629.1,11.487721496659804,5.554895693948484,0.892,25.763,35.824,16.822
Soyabean,2002,Kharif     ,West Bengal,6.255750041753367,311,1629.1,10.804246284987544,4.875197323201151,0.55,25.763,35.824,16.822
Sunflower,2002,Kharif     ,West Bengal,7.7706452341291765,3207,1629.1,12.32062482313656,6.385615895315873,1.062,25.763,35.824,16.822
Tobacco,2002,Whole Year ,West Bengal,8.956479847999912,4205,1629.1,13.506749462369605,7.570572109734248,0.67,25.763,35.824,16.822
Turmeric,2002,Whole Year ,West Bengal,9.37007543009734,21346,1629.1,13.920388250081572,7.984036747165233,1.704,25.763,35.824,16.822
Urad,2002,Rabi       ,West Bengal,9.510000421187371,8636,1629.1,14.060324254422266,8.123928356389392,0.605,25.763,35.824,16.822
Arecanut,2003,Whole Year ,Andhra Pradesh,5.7430031878094825,221,826.0,10.33474320687025,4.325985243790257,0.704,28.428,38.203,20.781
Arhar/Tur,2003,Rabi       ,Andhra Pradesh,8.92172453036431,3246,826.0,13.516510221598706,7.495030702111337,0.416,28.428,38.203,20.781
Bajra,2003,Rabi       ,Andhra Pradesh,9.169934957341145,6475,826.0,13.764749690233545,7.743148271080301,0.884,28.428,38.203,20.781
Ginger,2003,Whole Year ,Andhra Pradesh,7.535830462798367,5614,826.0,12.130219906000862,6.110402471179496,2.995,28.428,38.203,20.781
Gram,2003,Kharif     ,Andhra Pradesh,3.970291913552122,90,826.0,8.54635579867806,2.601207105484161,1.657,28.428,38.203,20.781
Horse-gram,2003,Kharif     ,Andhra Pradesh,9.33300038471207,4592,826.0,13.92783062764665,7.9061641018926885,0.35,28.428,38.203,20.781
Linseed,2003,Rabi       ,Andhra Pradesh,8.421342865759403,1193,826.0,13.016042756548531,6.994923310367493,0.21,28.428,38.203,20.781
Niger seed,2003,Kharif     ,Andhra Pradesh,9.758230539878989,6792,826.0,14.353091115055065,8.331297254128694,0.375,28.428,38.203,20.781
Other  Rabi pulses,2003,Rabi       ,Andhra Pradesh,8.374246182096304,795,826.0,12.968935562913625,6.947860216478442,0.182,28.428,38.203,20.781
Other Kharif pulses,2003,Kharif     ,Andhra Pradesh,9.030016817844901,2056,826.0,13.62481606980817,7.603279631827833,0.241,28.428,38.203,20.781
Ragi,2003,Rabi       ,Andhra Pradesh,9.291551627401006,19018,826.0,13.886378164370369,7.8647271954632965,1.783,28.428,38.203,20.781
Rapeseed &Mustard,2003,Rabi       ,Andhra Pradesh,7.4360278163518485,432,826.0,12.030361789822663,6.010776858140355,0.286,28.428,38.203,20.781
Safflower,2003,Rabi       ,Andhra Pradesh,9.755625391793744,5331,826.0,14.350485817667197,8.328692583545568,0.297,28.428,38.203,20.781
Small millets,2003,Rabi       ,Andhra Pradesh,8.050384453067021,1748,826.0,12.644986456126636,6.6242776886282275,0.577,28.428,38.203,20.781
Wheat,2003,Rabi       ,Andhra Pradesh,9.386727689281946,6741,826.0,13.9815625129709,7.959876757938063,0.482,28.428,38.203,20.781
other oilseeds,2003,Rabi       ,Andhra Pradesh,9.589461504744746,0,826.0,14.184311557219512,8.162561872139113,0.0,28.428,38.203,20.781
Arhar/Tur,2003,Kharif     ,Assam,8.85552084853691,4940,2213.7,13.450297496386861,7.428855933355872,0.709,24.016,33.491,15.945
Castor seed,2003,Kharif     ,Assam,7.309212365692763,619,2213.7,11.903467373986533,5.8842133563610055,0.414,24.016,33.491,15.945
Cotton(lint),2003,Kharif     ,Assam,7.271703706887368,664,2213.7,11.865933373545783,5.846785535738538,0.443,24.016,33.491,15.945
Dry chillies,2003,Whole Year ,Assam,9.602990383037504,9688,2213.7,14.197841346046635,8.176087838467959,0.634,24.016,33.491,15.945
Gram,2003,Rabi       ,Assam,7.791522819150732,1256,2213.7,12.386031496665401,6.365714148063224,0.519,24.016,33.491,15.945
Linseed,2003,Rabi       ,Assam,9.170039075202657,5021,2213.7,13.764853818827172,7.743252354624787,0.525,24.016,33.491,15.945
Maize,2003,Kharif     ,Assam,9.881753060390121,14051,2213.7,14.476620286266167,8.454798503957512,0.607,24.016,33.491,15.945
Masoor,2003,Rabi       ,Assam,9.986771156672866,11721,2213.7,14.581643425437099,8.55980047136568,0.51,24.016,33.491,15.945
Moong(Green Gram),2003,Rabi       ,Assam,8.935377071932177,3513,2213.7,13.530164554776707,7.508677515499565,0.444,24.016,33.491,15.945
Niger seed,2003,Kharif     ,Assam,9.184817414745098,5001,2213.7,13.779633670389716,7.758025859312943,0.538,24.016,33.491,15.945
Onion,2003,Whole Year ,Assam,8.9001399880938,17142,2213.7,13.49492279642171,7.473455377049351,2.342,24.016,33.491,15.945
Sesamum,2003,Kharif     ,Assam,9.579556347409227,7953,2213.7,14.174405725381787,8.152658871910038,0.489,24.016,33.491,15.945
Small millets,2003,Kharif     ,Assam,9.02401079378469,4320,2213.7,13.618809331503194,7.597275891486384,0.507,24.016,33.491,15.945
Sweet potato,2003,Whole Year ,Assam,9.01127949117793,28384,2213.7,13.606076500611383,7.58454947537931,3.412,24.016,33.491,15.945
Tobacco,2003,Whole Year ,Assam,6.720220155135295,416,2213.7,11.313943165587121,5.296916385632408,0.561,24.016,33.491,15.945
Turmeric,2003,Whole Year ,Assam,9.413281215972873,8420,2213.7,14.008118214317284,7.986423330327841,0.669,24.016,33.491,15.945
Bajra,2003,Rabi       ,Karnataka,4.770684624465665,105,867.6,9.35717809145776,3.3700506526653187,0.9,26.436,36.898,17.445
Bajra,2003,Summer     ,Karnataka,5.707110264748875,271,867.6,10.29873396044996,4.290459441148391,0.922,26.436,36.898,17.445
Black pepper,2003,Whole Year ,Karnataka,9.277531621516506,23561,867.6,13.872356869772117,7.850711310565689,2.221,26.436,36.898,17.445
Cardamom,2003,Whole Year ,Karnataka,9.877194910581204,1106,867.6,14.472061905357252,8.450241093276938,0.061,26.436,36.898,17.445
Castor seed,2003,Kharif     ,Karnataka,9.753536375772624,15439,867.6,14.348396681641963,8.32660395132337,0.906,26.436,36.898,17.445
Coriander,2003,Whole Year ,Karnataka,8.961622569542543,1187,867.6,13.556413428593835,7.534912218502236,0.12,26.436,36.898,17.445
Garlic,2003,Whole Year ,Karnataka,8.286773231131251,2902,867.6,12.881441728050888,6.860454005864124,1.332,26.436,36.898,17.445
Jowar,2003,Summer     ,Karnataka,8.854807632616227,18783,867.6,13.4495841797444,7.428143039451815,2.635,26.436,36.898,17.445
Linseed,2003,Rabi       ,Karnataka,9.465757483840688,996,867.6,14.060598613666375,8.03888638601291,0.067,26.436,36.898,17.445
Maize,2003,Summer     ,Karnataka,9.039433419997483,20264,867.6,13.634233783195455,7.612692680916558,2.471,26.436,36.898,17.445
Mesta,2003,Kharif     ,Karnataka,8.309184527686298,6055,867.6,12.903858550552659,6.882847643275952,1.72,26.436,36.898,17.445
Moong(Green Gram),2003,Rabi       ,Karnataka,9.033722518098907,2451,867.6,13.628522208613834,7.60698392985795,0.291,26.436,36.898,17.445
Ragi,2003,Summer     ,Karnataka,8.789660098061537,7808,867.6,13.384427135185746,7.363025908625808,1.191,26.436,36.898,17.445
Rapeseed &Mustard,2003,Rabi       ,Karnataka,8.707648248106914,1706,867.6,13.302402397859742,7.281055257994437,0.224,26.436,36.898,17.445
Sannhamp,2003,Whole Year ,Karnataka,6.1463292576688975,116,867.6,10.739125123781584,4.725970886133796,0.144,26.436,36.898,17.445
Urad,2003,Rabi       ,Karnataka,9.341193180394946,6002,867.6,13.936024137844917,7.914354612687431,0.49,26.436,36.898,17.445
Cotton(lint),2003,Kharif     ,Kerala,7.989560449333865,4748,2386.0,12.58414264425757,6.563516964289868,1.61,25.465,32.61,20.015
Ginger,2003,Whole Year ,Kerala,9.04981944514108,32972,2386.0,13.644621021897505,7.6230748258072225,2.874,25.465,32.61,20.015
Groundnut,2003,Kharif     ,Kerala,7.89655270164304,1988,2386.0,12.491102178106528,6.47061372801342,0.74,25.465,32.61,20.015
Jowar,2003,Kharif     ,Kerala,7.6638772587034705,1087,2386.0,12.258330219850357,6.238246496987591,0.629,25.465,32.61,20.015
Ragi,2003,Kharif     ,Kerala,7.316548177182976,1217,2386.0,11.910808031465166,5.891533708482933,0.76,25.465,32.61,20.015
Sesamum,2003,Kharif     ,Kerala,7.094234845924755,285,2386.0,11.688330826595774,5.669742982432677,0.246,25.465,32.61,20.015
Small millets,2003,Kharif     ,Kerala,7.1180162044653335,960,2386.0,11.712131506532147,5.693462742249347,0.727,25.465,32.61,20.015
Turmeric,2003,Whole Year ,Kerala,7.928406026180535,5652,2386.0,12.522967052443478,6.502430161074887,1.968,25.465,32.61,20.015
Arecanut,2003,Whole Year ,Tamil Nadu,8.560252680876685,0,345.6,13.154980836986534,7.133742782428078,0.0,27.842,37.518,20.148
Black pepper,2003,Whole Year ,Tamil Nadu,8.338066525518801,933,345.6,12.932747489544976,6.911707458820565,0.142,27.842,37.518,20.148
Cardamom,2003,Whole Year ,Tamil Nadu,8.560635749259074,478,345.6,13.155363978012122,7.134125618610772,0.079,27.842,37.518,20.148
Castor seed,2003,Kharif     ,Tamil Nadu,9.073489189226986,2975,345.6,13.668293485032875,7.646735875885255,0.41,27.842,37.518,20.148
Gram,2003,Rabi       ,Tamil Nadu,8.798756582859841,4349,345.6,13.393524985365849,7.372118028337787,0.587,27.842,37.518,20.148
Rapeseed &Mustard,2003,Rabi       ,Tamil Nadu,5.932245187448011,93,345.6,10.52453382236946,4.5134933974161875,0.387,27.842,37.518,20.148
Sunflower,2003,Kharif     ,Tamil Nadu,9.246479418592056,13408,345.6,13.84130174738589,7.819668443273326,1.192,27.842,37.518,20.148
Arecanut,2003,Whole Year ,West Bengal,9.123365357961776,18519,1526.7,13.718175176823395,7.696594384654213,2.097,25.849,35.492,16.512
Arhar/Tur,2003,Kharif     ,West Bengal,8.120291313968561,3382,1526.7,12.714914643210149,6.694116414682173,1.016,25.849,35.492,16.512
Bajra,2003,Kharif     ,West Bengal,5.556828061699537,179,1526.7,10.147916552791534,4.1418640781900775,0.67,25.849,35.492,16.512
Barley,2003,Rabi       ,West Bengal,8.032035314398824,4142,1526.7,12.62663146824992,6.605947236484245,1.327,25.849,35.492,16.512
Cardamom,2003,Whole Year ,West Bengal,7.963807953231451,704,1526.7,12.558381391483993,6.537792440716469,0.24,25.849,35.492,16.512
Castor seed,2003,Kharif     ,West Bengal,3.713572066704308,48,1526.7,8.284049808023694,2.3608540011180215,1.2,25.849,35.492,16.512
Cotton(lint),2003,Kharif     ,West Bengal,7.265429723253953,2772,1526.7,11.859655057443396,5.840525371542696,2.55,25.849,35.492,16.512
Ginger,2003,Kharif     ,West Bengal,8.9939241414114,16419,1526.7,13.588719035888362,7.567200887869067,1.624,25.849,35.492,16.512
Groundnut,2003,Kharif     ,West Bengal,7.491645473605133,1833,1526.7,12.086011040906072,6.066293687728631,1.077,25.849,35.492,16.512
Groundnut,2003,Rabi       ,West Bengal,9.124128675157117,14476,1526.7,13.71893857642286,7.697357438359345,1.48,25.849,35.492,16.512
Horse-gram,2003,Rabi       ,West Bengal,8.316300249036848,1783,1526.7,12.910976000673083,6.889957839951556,0.457,25.849,35.492,16.512
Jowar,2003,Kharif     ,West Bengal,7.157735484249907,616,1526.7,11.751882048661079,5.733082343701063,0.532,25.849,35.492,16.512
Linseed,2003,Rabi       ,West Bengal,8.703672758358856,1907,1526.7,13.298426256135384,7.277081852474297,0.317,25.849,35.492,16.512
Moong(Green Gram),2003,Kharif     ,West Bengal,6.728628613084702,431,1526.7,11.322361633763819,5.305292980284462,0.61,25.849,35.492,16.512
Moong(Green Gram),2003,Rabi       ,West Bengal,7.293697720601438,960,1526.7,11.887942362096796,5.8687317817256845,0.598,25.849,35.492,16.512
Moong(Green Gram),2003,Summer     ,West Bengal,9.085230560933338,3400,1526.7,13.680036181826354,7.658473010664015,0.429,25.849,35.492,16.512
Niger seed,2003,Kharif     ,West Bengal,8.981555940771887,4953,1526.7,13.576349305475523,7.554837578413004,0.546,25.849,35.492,16.512
Other Kharif pulses,2003,Kharif     ,West Bengal,6.634633357861686,388,1526.7,11.228249536204077,5.211669559822364,0.496,25.849,35.492,16.512
Peas & beans (Pulses),2003,Rabi       ,West Bengal,9.58932460283475,17206,1526.7,14.184174646032497,8.16242499989773,1.141,25.849,35.492,16.512
Ragi,2003,Kharif     ,West Bengal,9.504352368122833,15505,1526.7,14.099196401117664,8.077471986029906,0.76,25.849,35.492,16.512
Safflower,2003,Rabi       ,West Bengal,7.224753405767971,978,1526.7,11.818949981522342,5.799940779549228,0.492,25.849,35.492,16.512
Small millets,2003,Kharif     ,West Bengal,7.921898411023797,1828,1526.7,12.516457107489149,6.49592998772129,0.802,25.849,35.492,16.512
Small millets,2003,Rabi       ,West Bengal,6.943122422819428,1169,1526.7,11.537084276577618,5.519058033245936,1.0,25.849,35.492,16.512
Soyabean,2003,Kharif     ,West Bengal,3.091042453358316,15,1526.7,7.639921229229231,1.7984040119467235,0.72,25.849,35.492,16.512
Sunflower,2003,Kharif     ,West Bengal,9.04381342108087,5594,1526.7,13.638614297598961,7.617071040703666,0.585,25.849,35.492,16.512
Tobacco,2003,Whole Year ,West Bengal,9.47247384058159,9598,1526.7,14.067315483709406,8.045601101234167,0.718,25.849,35.492,16.512
Turmeric,2003,Whole Year ,West Bengal,9.443038136095204,24496,1526.7,14.037877503798496,8.016172673437314,1.866,25.849,35.492,16.512
Urad,2003,Rabi       ,West Bengal,9.625623789021686,11106,1526.7,14.220476248050684,8.198716460033198,0.665,25.849,35.492,16.512
Bajra,2004,Rabi       ,Karnataka,5.407171771460119,200,1117.7,10.087993388720678,3.8632528410587166,0.9,25.438,35.635,16.578
Bajra,2004,Summer     ,Karnataka,7.653969180478774,1705,1117.7,12.33877371853475,6.095103581867468,0.873,25.438,35.635,16.578
Black pepper,2004,Whole Year ,Karnataka,9.42100640177928,27517,1117.7,14.106200572020462,7.860663338139458,2.26,25.438,35.635,16.578
Cardamom,2004,Whole Year ,Karnataka,9.876219125381935,1105,1117.7,14.561442646403043,8.315764653308321,0.058,25.438,35.635,16.578
Castor seed,2004,Kharif     ,Karnataka,9.911554923613886,17493,1117.7,14.596780212183933,8.351093741853044,0.908,25.438,35.635,16.578
Coriander,2004,Whole Year ,Karnataka,9.172326929777967,1491,1117.7,13.857498438974668,7.612069871233979,0.119,25.438,35.635,16.578
Garlic,2004,Whole Year ,Karnataka,8.556990661290303,3584,1117.7,13.242074650593027,6.9970656778611975,1.361,25.438,35.635,16.578
Jowar,2004,Summer     ,Karnataka,9.678968055041988,12690,1117.7,14.364180474975203,8.11855572184646,0.799,25.438,35.635,16.578
Linseed,2004,Rabi       ,Karnataka,9.576024610072503,3046,1117.7,14.261230306077554,8.015637799301574,0.206,25.438,35.635,16.578
Maize,2004,Summer     ,Karnataka,9.111293218374948,27678,1117.7,13.796458249908198,7.551060742684866,3.008,25.438,35.635,16.578
Mesta,2004,Kharif     ,Karnataka,7.941295570906532,3983,1117.7,12.626217477321266,6.381985207830324,1.714,25.438,35.635,16.578
Moong(Green Gram),2004,Rabi       ,Karnataka,8.664405571096625,1412,1117.7,13.349508957906124,7.1044070000842465,0.239,25.438,35.635,16.578
Other  Rabi pulses,2004,Rabi       ,Karnataka,10.08505882793938,2810,1117.7,14.770291944255979,8.524567931052395,0.12,25.438,35.635,16.578
Ragi,2004,Summer     ,Karnataka,8.915700818956903,11853,1117.7,13.600842215391923,7.35555803243134,1.557,25.438,35.635,16.578
Rapeseed &Mustard,2004,Rabi       ,Karnataka,8.675222055641148,1627,1117.7,13.360327282725097,7.115216502894239,0.216,25.438,35.635,16.578
Sannhamp,2004,Whole Year ,Karnataka,4.997212273764115,37,1117.7,9.675769805521728,3.461665128429245,0.25,25.438,35.635,16.578
Urad,2004,Rabi       ,Karnataka,8.41316512099219,1550,1117.7,13.098219649149385,6.853351890102751,0.348,25.438,35.635,16.578
Cotton(lint),2004,Kharif     ,Kerala,7.29505641646263,2370,2880.2,11.979658000016046,5.736959319350758,1.61,25.005,32.498,19.351
Ginger,2004,Whole Year ,Kerala,9.209540051805414,45305,2880.2,13.894715320813933,7.649268724355067,3.023,25.005,32.498,19.351
Groundnut,2004,Kharif     ,Kerala,7.205635176410364,996,2880.2,11.890173797915534,5.647776337866461,0.74,25.005,32.498,19.351
Jowar,2004,Kharif     ,Kerala,7.8504931808711405,1309,2880.2,12.535381572515474,6.291309846685569,0.505,25.005,32.498,19.351
Other Cereals,2004,Kharif     ,Kerala,6.862757913051401,746,2880.2,11.546995435795942,5.306037489563175,0.848,25.005,32.498,19.351
Ragi,2004,Kharif     ,Kerala,7.232733136177615,1119,2880.2,11.91729143591506,5.674799839731719,0.782,25.005,32.498,19.351
Sesamum,2004,Kharif     ,Kerala,6.784457062637643,260,2880.2,11.468610084008091,5.22805583350737,0.228,25.005,32.498,19.351
Turmeric,2004,Whole Year ,Kerala,7.966239776559467,6244,2880.2,12.65117036912769,6.406896487583329,2.025,25.005,32.498,19.351
Arecanut,2004,Whole Year ,Tamil Nadu,8.532672762264625,7390,1034.0,13.217752063217885,6.972765563821712,1.55,27.002,36.959,19.451
Cardamom,2004,Whole Year ,Tamil Nadu,8.504513138258863,450,1034.0,13.189586865789163,6.944627081757988,0.072,27.002,36.959,19.451
Castor seed,2004,Kharif     ,Tamil Nadu,9.020389788017736,2598,1034.0,13.705544408192827,7.460196822026702,0.339,27.002,36.959,19.451
Coriander,2004,Whole Year ,Tamil Nadu,9.870499376709148,8391,1034.0,14.55572260570055,8.310046013186627,0.424,27.002,36.959,19.451
Gram,2004,Rabi       ,Tamil Nadu,8.76732914779405,3942,1034.0,13.452449264638773,7.207267103187495,0.545,27.002,36.959,19.451
Niger seed,2004,Kharif     ,Tamil Nadu,7.122866658599083,0,1034.0,11.807341761549644,5.565248111830189,0.0,27.002,36.959,19.451
Rapeseed &Mustard,2004,Rabi       ,Tamil Nadu,6.115892125483034,109,1034.0,10.798977030652638,4.5635145107192585,0.25,27.002,36.959,19.451
Sunflower,2004,Kharif     ,Tamil Nadu,9.80659111529043,19303,1034.0,14.4918109651843,8.246150578782492,1.003,27.002,36.959,19.451
Arecanut,2005,Whole Year ,Andhra Pradesh,5.683579767338681,234,1075.5,10.467025922790704,4.1356464415792065,0.802,27.892,37.315,20.64
Bajra,2005,Rabi       ,Andhra Pradesh,9.401621670141608,9751,1075.5,14.188364619268063,7.8412845694222755,0.952,27.892,37.315,20.64
Garlic,2005,Whole Year ,Andhra Pradesh,6.68586094706836,0,1075.5,11.471447005023688,5.1298987149230735,0.0,27.892,37.315,20.64
Horse-gram,2005,Kharif     ,Andhra Pradesh,9.20230820027892,4917,1075.5,13.989033083238903,7.642039604397254,0.43,27.892,37.315,20.64
Linseed,2005,Rabi       ,Andhra Pradesh,8.254788926148725,1435,1075.5,13.041355904494438,6.695118834185823,0.372,27.892,37.315,20.64
Niger seed,2005,Kharif     ,Andhra Pradesh,9.664532150174582,6097,1075.5,14.451294035378568,8.104123239648015,0.465,27.892,37.315,20.64
Other  Rabi pulses,2005,Rabi       ,Andhra Pradesh,9.682404377188837,6755,1075.5,14.469167377819305,8.121991236514354,0.402,27.892,37.315,20.64
Other Kharif pulses,2005,Kharif     ,Andhra Pradesh,9.587817443544179,3836,1075.5,14.374574307840437,8.02742757404854,0.275,27.892,37.315,20.64
Ragi,2005,Rabi       ,Andhra Pradesh,9.108529105829499,16398,1075.5,13.895244159407863,7.5482977793481245,1.785,27.892,37.315,20.64
Rapeseed &Mustard,2005,Rabi       ,Andhra Pradesh,8.64135583403666,2568,1075.5,13.428005498293064,7.081372395145945,0.282,27.892,37.315,20.64
Safflower,2005,Rabi       ,Andhra Pradesh,9.778774308362486,8094,1075.5,14.565542991725865,8.218339616117524,0.415,27.892,37.315,20.64
Small millets,2005,Rabi       ,Andhra Pradesh,6.0844994130751715,314,1075.5,10.869062802557126,4.532384416262439,0.855,27.892,37.315,20.64
Wheat,2005,Rabi       ,Andhra Pradesh,9.315600882633676,8891,1075.5,14.102336474018738,7.755291682344274,0.774,27.892,37.315,20.64
Arhar/Tur,2005,Kharif     ,Assam,8.775549434486189,4529,2184.6,13.562221100596801,7.215482596354885,0.704,24.103,33.185,16.115
Castor seed,2005,Kharif     ,Assam,7.21890970761906,577,2184.6,12.005007805736684,5.661014142805263,0.422,24.103,33.185,16.115
Cotton(lint),2005,Kharif     ,Assam,7.210079628170788,632,2184.6,11.996171278198197,5.6522084391101535,0.417,24.103,33.185,16.115
Dry chillies,2005,Whole Year ,Assam,9.594854193331415,9494,2184.6,14.381611534389515,8.034462515808498,0.637,24.103,33.185,16.115
Gram,2005,Rabi       ,Assam,7.611347717403621,1036,2184.6,12.397681772345722,6.052559646467793,0.461,24.103,33.185,16.115
Linseed,2005,Rabi       ,Assam,9.00859131751613,4131,2184.6,13.795294830153825,7.4484037477972045,0.493,24.103,33.185,16.115
Maize,2005,Kharif     ,Assam,9.85061406292906,13745,2184.6,14.637386640127305,8.290164603109469,0.636,24.103,33.185,16.115
Masoor,2005,Rabi       ,Assam,9.830056274450245,9877,2184.6,14.616827765805589,8.269610932774986,0.511,24.103,33.185,16.115
Moong(Green Gram),2005,Rabi       ,Assam,8.92439013236916,3428,2184.6,13.711082984758049,7.364242978174352,0.44,24.103,33.185,16.115
Niger seed,2005,Kharif     ,Assam,8.905851181208021,3787,2184.6,13.692541563438429,7.345713391673568,0.53,24.103,33.185,16.115
Onion,2005,Whole Year ,Assam,8.952475967933584,18291,2184.6,13.739172476348564,7.392314953111875,2.373,24.103,33.185,16.115
Peas & beans (Pulses),2005,Rabi       ,Assam,9.791214310053341,11309,2184.6,14.577983687867915,8.23077698408569,0.619,24.103,33.185,16.115
Sesamum,2005,Kharif     ,Assam,9.537122958049878,7702,2184.6,14.32387628666772,7.976746496803386,0.488,24.103,33.185,16.115
Small millets,2005,Kharif     ,Assam,8.950921764797261,3947,2184.6,13.737618073569527,7.390761506861862,0.505,24.103,33.185,16.115
Sweet potato,2005,Whole Year ,Assam,8.891511570527564,25858,2184.6,13.678200010463984,7.331381144379477,3.406,24.103,33.185,16.115
Tobacco,2005,Whole Year ,Assam,6.489204931325317,351,2184.6,11.274521564576784,4.9342580824984905,0.504,24.103,33.185,16.115
Turmeric,2005,Whole Year ,Assam,9.35979432514452,8500,2184.6,14.1465337756101,7.799470491410251,0.729,24.103,33.185,16.115
Bajra,2005,Rabi       ,Karnataka,4.3694478524670215,104,1316.2,9.143640583649011,2.8553201198372458,1.33,25.105,34.818,16.42
Bajra,2005,Summer     ,Karnataka,6.822197390620491,1089,1316.2,11.607941419676411,5.265639204157455,1.22,25.105,34.818,16.42
Black pepper,2005,Whole Year ,Karnataka,9.602247315485496,32414,1316.2,14.38900515384964,8.04185375202098,2.199,25.105,34.818,16.42
Cardamom,2005,Whole Year ,Karnataka,9.894194505624535,1127,1316.2,14.680969312185844,8.333736590703582,0.059,25.105,34.818,16.42
Castor seed,2005,Kharif     ,Karnataka,10.125910844525855,25989,1316.2,14.912696002507614,8.565413669535857,1.087,25.105,34.818,16.42
Coriander,2005,Whole Year ,Karnataka,9.123038043573386,1398,1316.2,13.90975467882054,7.5628007201041365,0.126,25.105,34.818,16.42
Dry chillies,2005,Rabi       ,Karnataka,7.976595409316577,4729,1316.2,12.76307966215029,6.417238690214011,1.677,25.105,34.818,16.42
Dry chillies,2005,Summer     ,Karnataka,8.812248018197431,17719,1316.2,13.598925204581526,7.252160253785838,2.697,25.105,34.818,16.42
Garlic,2005,Whole Year ,Karnataka,8.503499864284235,3485,1316.2,13.290123631132957,6.943614579682647,1.287,25.105,34.818,16.42
Jowar,2005,Summer     ,Karnataka,8.64979915596426,9669,1316.2,13.43645029330321,7.089810133547547,1.587,25.105,34.818,16.42
Linseed,2005,Rabi       ,Karnataka,9.484557193474393,4384,1316.2,14.271306661598922,7.924195372003556,0.317,25.105,34.818,16.42
Maize,2005,Summer     ,Karnataka,9.391911647379434,37005,1316.2,14.17865379730295,7.831577577271639,3.097,25.105,34.818,16.42
Mesta,2005,Whole Year ,Karnataka,7.6487397889562425,2662,1316.2,12.435091861270422,6.089883525948758,1.568,25.105,34.818,16.42
Moong(Green Gram),2005,Rabi       ,Karnataka,8.943636705909594,2255,1316.2,13.730332074743577,7.3834800114624795,0.291,25.105,34.818,16.42
Ragi,2005,Summer     ,Karnataka,9.026898187513526,18176,1316.2,13.813603901449415,7.466702271895446,2.144,25.105,34.818,16.42
Rapeseed &Mustard,2005,Rabi       ,Karnataka,8.815815203906352,1800,1316.2,13.602492916147806,7.255725446043188,0.227,25.105,34.818,16.42
Sannhamp,2005,Whole Year ,Karnataka,5.327876168789581,46,1316.2,10.109875509630296,3.7853253523821886,0.215,25.105,34.818,16.42
Urad,2005,Rabi       ,Karnataka,9.253974408996244,5001,1316.2,14.040704326146834,7.6936867246354135,0.473,25.105,34.818,16.42
Arecanut,2005,Whole Year ,Tamil Nadu,8.470939806898775,9198,1364.1,13.257556917895423,6.911079746810157,1.213,27.488,37.045,20.008
Black pepper,2005,Whole Year ,Tamil Nadu,8.228443883004033,851,1364.1,13.015003976416773,6.668799876620589,0.173,27.488,37.045,20.008
Cardamom,2005,Whole Year ,Tamil Nadu,8.494538500851432,448,1364.1,13.281160457404885,6.934660077031281,0.073,27.488,37.045,20.008
Castor seed,2005,Kharif     ,Tamil Nadu,9.035034150076132,2777,1364.1,13.821740829454003,7.47483457409866,0.313,27.488,37.045,20.008
Coriander,2005,Whole Year ,Tamil Nadu,9.955273225685358,6424,1364.1,14.742050997656019,8.394804063987612,0.297,27.488,37.045,20.008
Gram,2005,Rabi       ,Tamil Nadu,8.68406264365127,4007,1364.1,13.470719632797312,7.124051440338901,0.493,27.488,37.045,20.008
Mesta,2005,Kharif     ,Tamil Nadu,0.6931471805599453,0,1364.1,4.795129169911258,0.19062035960864973,0.0,27.488,37.045,20.008
Niger seed,2005,Kharif     ,Tamil Nadu,6.459904454377535,0,1364.1,11.245176207418284,4.9051266193152605,0.0,27.488,37.045,20.008
Rapeseed &Mustard,2005,Rabi       ,Tamil Nadu,6.270988431858299,130,1364.1,11.055936930733077,4.717426868333759,0.25,27.488,37.045,20.008
Sannhamp,2005,Kharif     ,Tamil Nadu,2.3978952727983707,0,1364.1,7.090243488555412,1.1314021114911006,0.0,27.488,37.045,20.008
Soyabean,2005,Kharif     ,Tamil Nadu,6.447305862541213,0,1364.1,11.232557909429774,4.892602227184663,0.0,27.488,37.045,20.008
Sunflower,2005,Kharif     ,Tamil Nadu,9.744315955640873,21148,1364.1,14.531082669672353,8.183888732086334,1.18,27.488,37.045,20.008
Tobacco,2005,Whole Year ,Tamil Nadu,8.537583881063972,7792,1364.1,13.324214386930787,6.977673055945453,1.451,27.488,37.045,20.008
Arecanut,2005,Whole Year ,West Bengal,9.144627828610801,29287,1650.1,13.931346775354708,7.584381740887369,2.821,25.963,35.621,16.854
Arhar/Tur,2005,Rabi       ,West Bengal,7.5126175446745105,1584,1650.1,12.298900656391337,5.954022251632112,0.885,25.963,35.621,16.854
Bajra,2005,Kharif     ,West Bengal,4.02535169073515,19,1650.1,8.794309643763235,2.529720665577793,0.5,25.963,35.621,16.854
Barley,2005,Rabi       ,West Bengal,7.784889295655098,3000,1650.1,12.57130155972562,6.225805176515408,1.122,25.963,35.621,16.854
Cardamom,2005,Whole Year ,West Bengal,7.963807953231451,704,1650.1,12.750287821922699,6.404467838254435,0.24,25.963,35.621,16.854
Castor seed,2005,Rabi       ,West Bengal,3.828641396489095,37,1650.1,8.593672635121456,2.34660197841082,0.82,25.963,35.621,16.854
Cotton(lint),2005,Kharif     ,West Bengal,7.317876198626496,3857,1650.1,12.10404279925213,5.759721626980309,2.22,25.963,35.621,16.854
Ginger,2005,Kharif     ,West Bengal,8.94832604627298,13953,1650.1,13.735022020923592,7.38816705505939,1.726,25.963,35.621,16.854
Horse-gram,2005,Rabi       ,West Bengal,7.937731775260109,1292,1650.1,12.72420252812913,6.3784261836515865,0.475,25.963,35.621,16.854
Jowar,2005,Kharif     ,West Bengal,7.272398392570047,562,1650.1,12.058534355586806,5.714359671693971,0.437,25.963,35.621,16.854
Linseed,2005,Rabi       ,West Bengal,8.805075243870684,1926,1650.1,13.59175136718297,7.244991509400038,0.302,25.963,35.621,16.854
Moong(Green Gram),2005,Kharif     ,West Bengal,6.587550014824796,365,1650.1,11.37300801050369,5.032070574816321,0.565,25.963,35.621,16.854
Moong(Green Gram),2005,Rabi       ,West Bengal,7.252762418053187,931,1650.1,12.038884715546486,5.694775365496226,0.648,25.963,35.621,16.854
Moong(Green Gram),2005,Summer     ,West Bengal,9.144734614878189,3258,1650.1,13.931453572931508,7.584488484273828,0.351,25.963,35.621,16.854
Niger seed,2005,Kharif     ,West Bengal,8.523970175695261,3270,1650.1,13.310598017412682,6.964069447658517,0.459,25.963,35.621,16.854
Other Kharif pulses,2005,Kharif     ,West Bengal,6.75110146893676,541,1650.1,11.536765812046475,5.19484395807176,0.538,25.963,35.621,16.854
Peas & beans (Pulses),2005,Rabi       ,West Bengal,9.482807278621483,11504,1650.1,14.269556614707033,7.922445957864515,0.936,25.963,35.621,16.854
Ragi,2005,Kharif     ,West Bengal,9.443196602144186,15315,1650.1,14.229942886768434,7.882846852950003,0.868,25.963,35.621,16.854
Safflower,2005,Rabi       ,West Bengal,5.7745515455444085,183,1650.1,10.55829195444549,4.2255190127729065,0.552,25.963,35.621,16.854
Small millets,2005,Kharif     ,West Bengal,7.656337166430183,1627,1650.1,12.442692817873315,6.09746735645105,0.744,25.963,35.621,16.854
Small millets,2005,Rabi       ,West Bengal,7.065613363597717,1408,1650.1,11.851591008819373,5.508173023535311,1.245,25.963,35.621,16.854
Soyabean,2005,Kharif     ,West Bengal,6.352629396319567,328,1650.1,11.137725123444365,4.798514106063782,0.605,25.963,35.621,16.854
Sunflower,2005,Kharif     ,West Bengal,9.431401757086068,15689,1650.1,14.218147109475316,7.8710555430220515,1.175,25.963,35.621,16.854
Tobacco,2005,Whole Year ,West Bengal,9.538564399740899,19890,1650.1,14.32531783138752,7.978187547784612,0.792,25.963,35.621,16.854
Turmeric,2005,Whole Year ,West Bengal,9.379661116592885,25049,1650.1,14.166402247076078,7.8193309122293195,2.018,25.963,35.621,16.854
Urad,2005,Rabi       ,West Bengal,9.049584593096789,10212,1650.1,13.836292979614964,7.489378544656751,0.808,25.963,35.621,16.854
Arecanut,2006,Rabi       ,Meghalaya,9.399472020698687,16561,2454.7,14.249151966172578,7.885637694329597,1.254,19.284,27.344,11.883
Castor seed,2006,Rabi       ,Meghalaya,3.5263605246161616,21,2454.7,8.34650688183997,2.1114245875328868,0.693,19.284,27.344,11.883
Cotton(lint),2006,Rabi       ,Meghalaya,8.883085524404578,7738,2454.7,13.732709954122113,7.369449480356732,1.05,19.284,27.344,11.883
Dry chillies,2006,Rabi       ,Meghalaya,7.534228326274089,1375,2454.7,12.383459965642361,6.021993752142805,0.959,19.284,27.344,11.883
Gram,2006,Rabi       ,Meghalaya,6.285998094508865,332,2454.7,11.133910838129708,4.778450998129897,0.6,19.284,27.344,11.883
Linseed,2006,Rabi       ,Meghalaya,4.418840607796598,39,2454.7,9.256576801949917,2.9465420293632194,0.48,19.284,27.344,11.883
Maize,2006,Kharif     ,Meghalaya,9.743318800383307,25334,2454.7,14.593022641271423,8.229399112691988,1.541,19.284,27.344,11.883
Other  Rabi pulses,2006,Rabi       ,Meghalaya,7.681560362559537,1706,2454.7,12.530864683439196,6.169066651451813,0.76,19.284,27.344,11.883
Rapeseed &Mustard,2006,Rabi       ,Meghalaya,8.89041055197428,4815,2454.7,13.740035986284804,7.3767709203285206,0.657,19.284,27.344,11.883
Rice,2006,Rabi       ,Meghalaya,9.19573421958682,39940,2454.7,14.045395606237335,7.68196618426181,2.077,19.284,27.344,11.883
Sesamum,2006,Rabi       ,Meghalaya,7.400009517162692,876,2454.7,12.249164940965908,5.888046587909494,0.58,19.284,27.344,11.883
Small millets,2006,Rabi       ,Meghalaya,7.873217054862741,2219,2454.7,12.722601226478165,6.360438546633731,0.977,19.284,27.344,11.883
Soyabean,2006,Kharif     ,Meghalaya,6.959398512133975,1031,2454.7,11.80821790497241,5.4486321272069045,0.973,19.284,27.344,11.883
Sugarcane,2006,Whole Year ,Meghalaya,4.477336814478207,239,2454.7,9.315760185875833,3.0027078872904163,2.348,19.284,27.344,11.883
Sweet potato,2006,Rabi       ,Meghalaya,8.506738733512378,16406,2454.7,13.35630026256066,6.993327287244098,3.239,19.284,27.344,11.883
Tobacco,2006,Rabi       ,Meghalaya,6.565264970035361,468,2454.7,11.41362863904192,5.0561184086986675,0.58,19.284,27.344,11.883
Wheat,2006,Rabi       ,Meghalaya,6.48768401848461,1183,2454.7,11.335934793723078,4.978938207353001,1.32,19.284,27.344,11.883
Arecanut,2006,Whole Year ,Andhra Pradesh,5.545177444479562,176,845.2,10.391056320020205,4.044804116661965,0.685,27.758,37.453,20.265
Arhar/Tur,2006,Rabi       ,Andhra Pradesh,8.631771096123673,3174,845.2,13.481356196992612,7.118275490134771,0.433,27.758,37.453,20.265
Bajra,2006,Rabi       ,Andhra Pradesh,9.399472020698687,6986,845.2,14.249151966172578,7.885637694329597,0.825,27.758,37.453,20.265
Ginger,2006,Whole Year ,Andhra Pradesh,7.799753318287247,10301,845.2,12.6491086771496,6.287077586135962,3.558,27.758,37.453,20.265
Horse-gram,2006,Kharif     ,Andhra Pradesh,9.241063544619024,4554,845.2,14.090729393432323,7.727279571220144,0.435,27.758,37.453,20.265
Linseed,2006,Rabi       ,Andhra Pradesh,7.9483852851118995,777,845.2,12.797796826011021,6.4355091371836215,0.266,27.758,37.453,20.265
Niger seed,2006,Kharif     ,Andhra Pradesh,9.58520880610688,5334,845.2,14.434902672553322,8.071324751136505,0.422,27.758,37.453,20.265
Other  Rabi pulses,2006,Rabi       ,Andhra Pradesh,9.601909374892236,5811,845.2,14.451604370931426,8.08802128464344,0.443,27.758,37.453,20.265
Other Kharif pulses,2006,Kharif     ,Andhra Pradesh,9.229260256828693,3106,845.2,14.078924963148628,7.715480364249517,0.299,27.758,37.453,20.265
Ragi,2006,Rabi       ,Andhra Pradesh,9.014447135152134,13611,845.2,13.864088509141931,7.500750577591641,1.622,27.758,37.453,20.265
Rapeseed &Mustard,2006,Rabi       ,Andhra Pradesh,8.591929537530255,2780,845.2,13.441507444731437,7.078459616435901,0.285,27.758,37.453,20.265
Safflower,2006,Rabi       ,Andhra Pradesh,9.5682245844549,8994,845.2,14.417917282609048,8.054344702988592,0.501,27.758,37.453,20.265
Small millets,2006,Rabi       ,Andhra Pradesh,5.8888779583328805,225,845.2,10.73588785038953,4.384523514872469,0.622,27.758,37.453,20.265
Wheat,2006,Rabi       ,Andhra Pradesh,9.212038928611765,8796,845.2,14.061701943620946,7.698265077108846,0.68,27.758,37.453,20.265
Arhar/Tur,2006,Kharif     ,Assam,8.806424063857868,4769,1774.9,13.656037526183216,7.292827185439412,0.707,24.738,35.487,16.448
Castor seed,2006,Kharif     ,Assam,7.1731917424865985,552,1774.9,12.022192655008965,5.661779227175743,0.464,24.738,35.487,16.448
Cotton(lint),2006,Kharif     ,Assam,7.226209010100671,648,1774.9,12.075249240139138,5.714656471208079,0.518,24.738,35.487,16.448
Dry chillies,2006,Whole Year ,Assam,9.645623148493529,9975,1774.9,14.495321013455023,8.131724809412919,0.634,24.738,35.487,16.448
Gram,2006,Rabi       ,Assam,7.547501682814967,971,1774.9,12.396740318069137,6.03524216945387,0.487,24.738,35.487,16.448
Linseed,2006,Rabi       ,Assam,9.008224187854049,4142,1774.9,13.85786480838066,7.494530321255476,0.485,24.738,35.487,16.448
Maize,2006,Kharif     ,Assam,9.834030287520907,13557,1774.9,14.683739177974587,8.320092560129027,0.625,24.738,35.487,16.448
Masoor,2006,Rabi       ,Assam,9.910363856475561,10602,1774.9,14.760076655234908,8.39641216627698,0.518,24.738,35.487,16.448
Moong(Green Gram),2006,Rabi       ,Assam,8.905851181208021,3395,1774.9,13.75547870917319,7.392204072659369,0.444,24.738,35.487,16.448
Niger seed,2006,Kharif     ,Assam,9.21333588095598,5147,1774.9,14.062999024355909,7.699561570864649,0.53,24.738,35.487,16.448
Onion,2006,Whole Year ,Assam,8.835064935031076,16775,1774.9,13.684682593496898,7.321453072016777,2.385,24.738,35.487,16.448
Other  Rabi pulses,2006,Rabi       ,Assam,9.581006974541651,7916,1774.9,14.430700553801774,8.067123945492357,0.508,24.738,35.487,16.448
Peas & beans (Pulses),2006,Rabi       ,Assam,9.85974462958821,11716,1774.9,14.7094548700839,8.345802079066573,0.617,24.738,35.487,16.448
Sesamum,2006,Kharif     ,Assam,9.50144159247362,7586,1774.9,14.351129499493602,7.987578826198064,0.497,24.738,35.487,16.448
Small millets,2006,Kharif     ,Assam,8.91918561004543,3843,1774.9,13.76881492024206,7.40553213669844,0.5,24.738,35.487,16.448
Sweet potato,2006,Whole Year ,Assam,9.001222992395064,28443,1774.9,13.85086275960499,7.487532173369775,3.407,24.738,35.487,16.448
Tobacco,2006,Whole Year ,Assam,6.335054251498059,301,1774.9,11.183055604615777,4.8271931096335985,0.593,24.738,35.487,16.448
Turmeric,2006,Whole Year ,Assam,9.37092743662413,8538,1774.9,14.220605004052425,7.8571016048106195,0.724,24.738,35.487,16.448
Bajra,2006,Rabi       ,Karnataka,3.8066624897703196,43,1146.3,8.634129646602254,2.3683728335320486,0.95,25.26,35.307,16.673
Bajra,2006,Summer     ,Karnataka,7.1204443723924875,1415,1146.3,11.969404041651686,5.609178711947223,0.81,25.26,35.307,16.673
Black pepper,2006,Whole Year ,Karnataka,9.52711997525166,29025,1146.3,14.376809762444342,8.013250492549652,2.216,25.26,35.307,16.673
Cardamom,2006,Whole Year ,Karnataka,10.078616638748578,1377,1146.3,14.928337067571649,8.564637688677184,0.058,25.26,35.307,16.673
Castor seed,2006,Kharif     ,Karnataka,9.914971360477415,16163,1146.3,14.764684385730707,8.40101886109927,0.828,25.26,35.307,16.673
Coriander,2006,Whole Year ,Karnataka,8.699348067653093,888,1146.3,13.548944733291496,7.185811168039286,0.113,25.26,35.307,16.673
Garlic,2006,Whole Year ,Karnataka,8.797246236703527,4401,1146.3,13.646858328766335,7.283654251488534,1.277,25.26,35.307,16.673
Jowar,2006,Summer     ,Karnataka,8.47595444339964,7207,1146.3,13.325509702329184,6.962565382142056,1.467,25.26,35.307,16.673
Linseed,2006,Rabi       ,Karnataka,9.416052881560713,3759,1146.3,14.26573417753305,7.902213731069706,0.325,25.26,35.307,16.673
Maize,2006,Summer     ,Karnataka,9.666561963748133,50467,1146.3,14.516261159120866,8.152658871910038,3.203,25.26,35.307,16.673
Mesta,2006,Whole Year ,Karnataka,7.6004023345004,2667,1146.3,12.449667946748223,6.088046644954226,1.543,25.26,35.307,16.673
Moong(Green Gram),2006,Rabi       ,Karnataka,9.109635667854551,2729,1146.3,13.95928800132639,7.595899967919291,0.294,25.26,35.307,16.673
Ragi,2006,Summer     ,Karnataka,8.854807632616227,14714,1146.3,13.704428114366362,7.341185687372003,1.996,25.26,35.307,16.673
Rapeseed &Mustard,2006,Kharif     ,Karnataka,8.213923595622743,974,1146.3,13.063416892977369,6.700755709491232,0.218,25.26,35.307,16.673
Sannhamp,2006,Whole Year ,Karnataka,3.258096538021482,5,1146.3,8.068951053952015,1.8718021769015913,0.137,25.26,35.307,16.673
Urad,2006,Rabi       ,Karnataka,9.30446803470088,5776,1146.3,14.15413979515765,7.790662945433035,0.521,25.26,35.307,16.673
Arecanut,2006,Whole Year ,Tamil Nadu,8.617400451833262,11904,927.9,13.466982990972141,7.103913992564113,1.604,27.152,37.015,19.599
Black pepper,2006,Whole Year ,Tamil Nadu,8.21716859576607,843,927.9,13.066662763986221,6.703997601467765,0.187,27.152,37.015,19.599
Cardamom,2006,Whole Year ,Tamil Nadu,8.398860004454372,404,927.9,13.248398686969264,6.885530119723471,0.068,27.152,37.015,19.599
Castor seed,2006,Whole Year ,Tamil Nadu,8.573573524852344,1674,927.9,13.423148020049588,7.060115785977178,0.354,27.152,37.015,19.599
Coriander,2006,Whole Year ,Tamil Nadu,9.765718622791232,5676,927.9,14.615423753504967,8.251794327204914,0.321,27.152,37.015,19.599
Gram,2006,Whole Year ,Tamil Nadu,8.688453800850768,3831,927.9,13.538048654543525,7.17492337118621,0.53,27.152,37.015,19.599
Rapeseed &Mustard,2006,Whole Year ,Tamil Nadu,5.84354441703136,80,927.9,10.690426487949221,4.339640918177444,0.151,27.152,37.015,19.599
Tobacco,2006,Whole Year ,Tamil Nadu,8.525558107747866,7724,927.9,13.375123375900523,7.012133312162075,1.443,27.152,37.015,19.599
Arhar/Tur,2006,Rabi       ,West Bengal,7.623153068476902,1412,1631.4,12.472429850666105,6.110757553295965,0.445,25.842,35.282,17.177
Bajra,2006,Kharif     ,West Bengal,4.382026634673881,31,1631.4,9.219309033030372,2.911263116927541,0.39,25.842,35.282,17.177
Barley,2006,Rabi       ,West Bengal,7.954723334497908,2610,1631.4,12.804137090418417,6.441839283964755,0.993,25.842,35.282,17.177
Cardamom,2006,Whole Year ,West Bengal,7.963807953231451,704,1631.4,12.813224859652959,6.450912662414201,0.24,25.842,35.282,17.177
Castor seed,2006,Rabi       ,West Bengal,4.07753744390572,49,1631.4,8.910340074086978,2.6217658325051976,0.84,25.842,35.282,17.177
Ginger,2006,Kharif     ,West Bengal,9.191870855692521,20061,1631.4,14.04153185260035,7.678104212445549,1.742,25.842,35.282,17.177
Horse-gram,2006,Rabi       ,West Bengal,7.789454566086673,1139,1631.4,12.638805713839089,6.276793853976166,0.532,25.842,35.282,17.177
Jowar,2006,Kharif     ,West Bengal,7.241366283322318,606,1631.4,12.090417375823431,5.729775054930455,0.473,25.842,35.282,17.177
Linseed,2006,Rabi       ,West Bengal,8.526549286340263,1213,1631.4,13.376114749479747,7.013123794607964,0.241,25.842,35.282,17.177
Moong(Green Gram),2006,Kharif     ,West Bengal,6.774223886357614,325,1631.4,11.622851403208687,5.26413991474645,0.448,25.842,35.282,17.177
Moong(Green Gram),2006,Rabi       ,West Bengal,7.122059881629142,801,1631.4,11.971020846644171,5.610789607807036,0.604,25.842,35.282,17.177
Moong(Green Gram),2006,Summer     ,West Bengal,9.262268464836541,3934,1631.4,14.111936332595457,7.7484772800062025,0.403,25.842,35.282,17.177
Niger seed,2006,Kharif     ,West Bengal,8.503297086224126,3218,1631.4,13.352857923827699,6.98988810852066,0.481,25.842,35.282,17.177
Other Kharif pulses,2006,Kharif     ,West Bengal,6.959398512133975,562,1631.4,11.80821790497241,5.4486321272069045,0.502,25.842,35.282,17.177
Peas & beans (Pulses),2006,Rabi       ,West Bengal,9.433163872079467,8436,1631.4,14.282846538446925,7.91931982636308,0.679,25.842,35.282,17.177
Ragi,2006,Kharif     ,West Bengal,9.48311183169221,14974,1631.4,14.332798366763178,7.969253966310146,0.706,25.842,35.282,17.177
Safflower,2006,Rabi       ,West Bengal,5.991464547107982,242,1631.4,10.838743109868101,4.486161399405889,0.557,25.842,35.282,17.177
Small millets,2006,Kharif     ,West Bengal,7.380879035564116,1129,1631.4,12.230022738618718,5.868957872615185,0.592,25.842,35.282,17.177
Small millets,2006,Rabi       ,West Bengal,7.409136443920128,1881,1631.4,12.258297380991772,5.8971538676367405,1.265,25.842,35.282,17.177
Soyabean,2006,Kharif     ,West Bengal,6.2766434893416445,317,1631.4,11.124538835856805,4.7691580360935415,0.562,25.842,35.282,17.177
Sunflower,2006,Kharif     ,West Bengal,9.523324627290181,17686,1631.4,14.373014139618896,8.009456126471596,1.202,25.842,35.282,17.177
Tobacco,2006,Whole Year ,West Bengal,9.391995039782433,16603,1631.4,14.241674368897181,7.878162915102875,0.8,25.842,35.282,17.177
Turmeric,2006,Whole Year ,West Bengal,9.522227133124781,30069,1631.4,14.371916565776905,8.00835891693084,1.943,25.842,35.282,17.177
Urad,2006,Rabi       ,West Bengal,8.913953858894255,5615,1631.4,13.763582472665915,7.400302872662767,0.697,25.842,35.282,17.177
Arhar/Tur,2007,Kharif     ,Assam,8.68169016329764,4230,2154.1,13.574873890379017,6.849999039421173,0.713,23.655,33.791,15.503
Black pepper,2007,Whole Year ,Assam,7.945909598613133,4212,2154.1,12.838910217151916,6.115185474097741,1.529,23.655,33.791,15.503
Castor seed,2007,Kharif     ,Assam,7.085064293952548,509,2154.1,11.977584839090188,5.256870176633863,0.447,23.655,33.791,15.503
Cotton(lint),2007,Kharif     ,Assam,7.215239978730097,635,2154.1,12.107862063623248,5.386511377283953,0.445,23.655,33.791,15.503
Dry chillies,2007,Whole Year ,Assam,9.686698766859926,10134,2154.1,14.579989259903142,7.854443296423878,0.626,23.655,33.791,15.503
Gram,2007,Rabi       ,Assam,7.534762657037537,945,2154.1,12.427584466295889,5.7049817552316835,0.475,23.655,33.791,15.503
Linseed,2007,Rabi       ,Assam,8.94023623179847,3886,2154.1,13.83345832882246,7.108342334582936,0.508,23.655,33.791,15.503
Maize,2007,Kharif     ,Assam,9.81809304951918,13317,2154.1,14.7113911324332,7.985797445905537,0.61,23.655,33.791,15.503
Masoor,2007,Rabi       ,Assam,10.019936365179374,10592,2154.1,14.91324432751411,8.187588519000169,0.483,23.655,33.791,15.503
Moong(Green Gram),2007,Rabi       ,Assam,8.951569643018821,3550,2154.1,13.844793205573783,7.1196679999535295,0.44,23.655,33.791,15.503
Niger seed,2007,Kharif     ,Assam,9.062768007509048,4420,2154.1,13.956005101486886,7.230794842714971,0.536,23.655,33.791,15.503
Onion,2007,Whole Year ,Assam,8.80956425335415,16323,2154.1,13.70276819673571,6.977766298646948,2.37,23.655,33.791,15.503
Other  Rabi pulses,2007,Rabi       ,Assam,9.56836440548421,7744,2154.1,14.461647154961508,7.736149878950072,0.508,23.655,33.791,15.503
Peas & beans (Pulses),2007,Rabi       ,Assam,10.021937032735671,13800,2154.1,14.915245083355792,8.189588719687038,0.625,23.655,33.791,15.503
Sesamum,2007,Kharif     ,Assam,9.448963494138779,7238,2154.1,14.34223744388281,7.616795493543995,0.506,23.655,33.791,15.503
Small millets,2007,Kharif     ,Assam,8.842171048611716,3521,2154.1,13.735379746409704,7.010347967738634,0.495,23.655,33.791,15.503
Sweet potato,2007,Whole Year ,Assam,8.842026529498812,24301,2154.1,13.735235206564617,7.010203558192911,3.396,23.655,33.791,15.503
Tobacco,2007,Whole Year ,Assam,6.218600119691729,265,2154.1,11.10997319703304,4.396422514957614,0.582,23.655,33.791,15.503
Turmeric,2007,Whole Year ,Assam,9.435881047890113,8629,2154.1,14.329153968038963,7.603718490801564,0.693,23.655,33.791,15.503
Bajra,2007,Rabi       ,Karnataka,6.0867747269123065,506,1323.3,10.977868622155494,4.266054458421461,0.83,25.175,34.916,16.245
Bajra,2007,Summer     ,Karnataka,7.368339686311381,1579,1323.3,12.26106543832694,5.539065051810604,0.963,25.175,34.916,16.245
Black pepper,2007,Whole Year ,Karnataka,9.700146628518098,50867,1323.3,14.593437944969658,7.867886804214746,3.124,25.175,34.916,16.245
Cardamom,2007,Whole Year ,Karnataka,9.961190262664417,1978,1323.3,14.854495552319499,8.128856549986539,0.062,25.175,34.916,16.245
Castor seed,2007,Kharif     ,Karnataka,10.05997834929556,15682,1323.3,14.953288045424259,8.227621334445988,0.672,25.175,34.916,16.245
Coriander,2007,Whole Year ,Karnataka,8.767796255626598,2242,1323.3,13.660993877833741,6.936031705933793,0.33,25.175,34.916,16.245
Dry chillies,2007,Rabi       ,Karnataka,8.360305435879093,7457,1323.3,13.253425323453959,6.528951575827463,1.742,25.175,34.916,16.245
Dry chillies,2007,Summer     ,Karnataka,8.70946507906336,20508,1323.3,13.602653419635168,6.877749576895731,3.404,25.175,34.916,16.245
Garlic,2007,Whole Year ,Karnataka,8.721928343047091,6340,1323.3,13.615118712508735,6.890202119734548,1.284,25.175,34.916,16.245
Jowar,2007,Summer     ,Karnataka,8.708639655987193,11874,1323.3,13.601827861293652,6.876924868589534,1.999,25.175,34.916,16.245
Linseed,2007,Rabi       ,Karnataka,9.530029703062944,5442,1323.3,14.423309740987984,7.697829513319088,0.406,25.175,34.916,16.245
Maize,2007,Summer     ,Karnataka,9.904836642105424,64553,1323.3,14.798139216075171,8.072517290105589,3.179,25.175,34.916,16.245
Mesta,2007,Whole Year ,Karnataka,7.529406457837013,2387,1323.3,12.422225418192971,5.699640575488866,1.554,25.175,34.916,16.245
Moong(Green Gram),2007,Rabi       ,Karnataka,9.148784066277077,3069,1323.3,14.042030642369246,7.31676077916629,0.345,25.175,34.916,16.245
Niger seed,2007,Kharif     ,Karnataka,10.349614642363182,11750,1323.3,15.242935010137808,8.517201191384238,0.349,25.175,34.916,16.245
Ragi,2007,Summer     ,Karnataka,9.003685138166775,16895,1323.3,13.896915230050766,7.171748984420116,2.034,25.175,34.916,16.245
Rapeseed &Mustard,2007,Kharif     ,Karnataka,8.28349412616251,1438,1323.3,13.176595469293224,6.452238210975027,0.342,25.175,34.916,16.245
Sannhamp,2007,Whole Year ,Karnataka,5.993961427306569,99,1323.3,10.884835421043586,4.174387269895637,0.243,25.175,34.916,16.245
Urad,2007,Rabi       ,Karnataka,9.272187775302262,4124,1323.3,14.165446606466594,7.440099703634447,0.368,25.175,34.916,16.245
Arecanut,2007,Whole Year ,Tamil Nadu,8.622273667866745,11739,1067.2,13.515447084668532,6.790637022311231,2.057,27.481,37.258,19.641
Arhar/Tur,2007,Whole Year ,Tamil Nadu,10.31088412749404,21077,1067.2,15.204203240810065,8.478477310813558,0.734,27.481,37.258,19.641
Black pepper,2007,Whole Year ,Tamil Nadu,8.049107721326406,719,1067.2,12.942142811981505,6.218201633932322,0.145,27.481,37.258,19.641
Cardamom,2007,Whole Year ,Tamil Nadu,8.39049553837028,402,1067.2,13.283622333468847,6.559105192428205,0.078,27.481,37.258,19.641
Castor seed,2007,Whole Year ,Tamil Nadu,8.553525120663627,1624,1067.2,13.446685817548829,6.721955680808349,0.345,27.481,37.258,19.641
Coriander,2007,Whole Year ,Tamil Nadu,9.494691904331507,5120,1067.2,14.38796934891145,7.662505426152551,0.386,27.481,37.258,19.641
Gram,2007,Whole Year ,Tamil Nadu,8.824824939175638,4587,1067.2,13.718031127035095,6.9930151229329605,0.558,27.481,37.258,19.641
Rapeseed &Mustard,2007,Whole Year ,Tamil Nadu,5.62040086571715,67,1067.2,10.510150489874295,3.8066624897703196,0.205,27.481,37.258,19.641
Tobacco,2007,Whole Year ,Tamil Nadu,8.683385366280309,9056,1067.2,13.576569378626857,6.851692735045597,1.462,27.481,37.258,19.641
Arecanut,2007,Whole Year ,West Bengal,9.340403256274351,20869,2007.5,14.233668240138092,7.508282657423974,1.699,25.365,35.173,16.66
Arhar/Tur,2007,Rabi       ,West Bengal,7.001245622069476,889,2007.5,11.893693427144413,5.173434184401347,0.802,25.365,35.173,16.66
Bajra,2007,Kharif     ,West Bengal,4.174387269895637,23,2007.5,9.05235233891767,2.419478844465545,0.36,25.365,35.173,16.66
Barley,2007,Rabi       ,West Bengal,7.629975707027789,2709,2007.5,12.522845692362507,5.799940779549228,1.213,25.365,35.173,16.66
Cotton(lint),2007,Kharif     ,West Bengal,9.015662792972645,13198,2007.5,13.908894337996923,7.183718958479719,2.47,25.365,35.173,16.66
Ginger,2007,Kharif     ,West Bengal,9.293577970546238,23137,2007.5,14.186838776362107,7.461479459719406,1.799,25.365,35.173,16.66
Gram,2007,Rabi       ,West Bengal,10.131140919328166,24695,2007.5,15.024453530516006,8.298768488801969,0.873,25.365,35.173,16.66
Groundnut,2007,Kharif     ,West Bengal,8.08886878916199,3030,2007.5,12.981916240336894,6.257897446520589,1.014,25.365,35.173,16.66
Groundnut,2007,Rabi       ,West Bengal,9.473166068429098,21796,2007.5,14.366441887777171,7.640988183081368,1.619,25.365,35.173,16.66
Horse-gram,2007,Rabi       ,West Bengal,7.7025561132685825,1106,2007.5,12.595459860897769,5.872343116200119,0.506,25.365,35.173,16.66
Jowar,2007,Kharif     ,West Bengal,7.414572881350589,698,2007.5,12.30732694219815,5.585149077544979,0.46,25.365,35.173,16.66
Linseed,2007,Rabi       ,West Bengal,8.685753832960154,1627,2007.5,13.578938243058188,6.854059099978276,0.279,25.365,35.173,16.66
Maize,2007,Rabi       ,West Bengal,9.762154376419485,81620,2007.5,14.655449349562703,7.9298752166617295,3.295,25.365,35.173,16.66
Maize,2007,Summer     ,West Bengal,10.136224935521659,90290,2007.5,15.029537747135514,8.303851445074288,2.845,25.365,35.173,16.66
Moong(Green Gram),2007,Kharif     ,West Bengal,6.285998094508865,287,2007.5,11.17750027999907,4.463145685958674,0.58,25.365,35.173,16.66
Moong(Green Gram),2007,Rabi       ,West Bengal,7.425357887027151,1090,2007.5,12.318118365331637,5.5959002636770805,0.697,25.365,35.173,16.66
Moong(Green Gram),2007,Summer     ,West Bengal,9.564792848061815,10041,2007.5,14.458075349278454,7.732579634166422,0.783,25.365,35.173,16.66
Niger seed,2007,Kharif     ,West Bengal,8.493719835230594,3187,2007.5,13.386868732715438,6.6622127327244485,0.518,25.365,35.173,16.66
Other Kharif pulses,2007,Kharif     ,West Bengal,6.796823718274855,541,2007.5,11.689066293689093,4.970091038780675,0.526,25.365,35.173,16.66
Peas & beans (Pulses),2007,Rabi       ,West Bengal,9.195429759240428,7161,2007.5,14.088681146300457,7.363381040281917,0.779,25.365,35.173,16.66
Ragi,2007,Kharif     ,West Bengal,9.477539085486564,14955,2007.5,14.37081523784167,7.64535943949061,0.722,25.365,35.173,16.66
Safflower,2007,Rabi       ,West Bengal,6.763884908562435,898,2007.5,11.656090306562989,4.937347498326424,1.089,25.365,35.173,16.66
Sesamum,2007,Autumn     ,West Bengal,6.9975959829819265,692,2007.5,11.890040480053457,5.169801944312609,0.641,25.365,35.173,16.66
Sesamum,2007,Winter     ,West Bengal,6.974478911025045,650,2007.5,11.86690217193946,5.146796558906795,0.559,25.365,35.173,16.66
Small millets,2007,Kharif     ,West Bengal,7.305188215393037,1118,2007.5,12.197873121120548,5.476128767864105,0.636,25.365,35.173,16.66
Small millets,2007,Rabi       ,West Bengal,7.409136443920128,1881,2007.5,12.301887243548784,5.579729825986222,1.265,25.365,35.173,16.66
Soyabean,2007,Kharif     ,West Bengal,6.285998094508865,322,2007.5,11.17750027999907,4.463145685958674,0.598,25.365,35.173,16.66
Sunflower,2007,Kharif     ,West Bengal,9.679406061493943,19719,2007.5,14.572696103354476,7.8471529767292,1.204,25.365,35.173,16.66
Tobacco,2007,Whole Year ,West Bengal,9.367258647047601,16472,2007.5,14.260525940299118,7.535125838942252,0.797,25.365,35.173,16.66
Turmeric,2007,Whole Year ,West Bengal,9.607302767592598,34601,2007.5,14.50058816693404,7.7750742301955835,2.099,25.365,35.173,16.66
Urad,2007,Rabi       ,West Bengal,8.839566503657949,5326,2007.5,13.732774827357423,7.00774539984996,0.738,25.365,35.173,16.66
Arecanut,2008,Whole Year ,Andhra Pradesh,5.886104031450156,265,944.6,10.846466173404805,3.5058576522055884,0.915,27.938,37.215,20.012
Arhar/Tur,2008,Rabi       ,Andhra Pradesh,8.151044945685024,1942,944.6,13.113882798736071,5.746011478873911,0.56,27.938,37.215,20.012
Bajra,2008,Rabi       ,Andhra Pradesh,9.135077887475635,8873,944.6,14.09809513020978,6.728221831795817,1.188,27.938,37.215,20.012
Coriander,2008,Whole Year ,Andhra Pradesh,10.417508067198638,15616,944.6,15.380602682939253,8.009864778606344,0.586,27.938,37.215,20.012
Horse-gram,2008,Kharif     ,Andhra Pradesh,8.509967146324497,2423,944.6,13.472891395645837,6.104056353843788,0.489,27.938,37.215,20.012
Horse-gram,2008,Rabi       ,Andhra Pradesh,10.444299071792376,14062,944.6,15.407394472558941,8.036647792451843,0.448,27.938,37.215,20.012
Linseed,2008,Rabi       ,Andhra Pradesh,6.833031732786201,347,944.6,11.79508541854995,4.435922788681409,0.384,27.938,37.215,20.012
Niger seed,2008,Kharif     ,Andhra Pradesh,9.433083843269053,5469,944.6,14.396128679031264,7.025947119955128,0.462,27.938,37.215,20.012
Other  Rabi pulses,2008,Rabi       ,Andhra Pradesh,7.789868559054706,3701,944.6,12.75258177235301,5.38609927993157,1.067,27.938,37.215,20.012
Other Kharif pulses,2008,Kharif     ,Andhra Pradesh,7.876638460975463,1291,944.6,12.839385847882635,5.472522742739733,0.5,27.938,37.215,20.012
Ragi,2008,Rabi       ,Andhra Pradesh,8.56388591940822,8949,944.6,13.526820671171516,6.157868420429562,1.704,27.938,37.215,20.012
Rapeseed &Mustard,2008,Rabi       ,Andhra Pradesh,8.680331928793418,3764,944.6,13.643287519063048,6.2741026702078315,0.646,27.938,37.215,20.012
Safflower,2008,Rabi       ,Andhra Pradesh,9.455714972131714,6398,944.6,14.41876158638721,7.048560155573158,0.5,27.938,37.215,20.012
Sesamum,2008,Rabi       ,Andhra Pradesh,10.44281316577202,9168,944.6,15.40590852354751,8.035162324037774,0.252,27.938,37.215,20.012
Small millets,2008,Kharif     ,Andhra Pradesh,10.318638930233714,16315,944.6,15.281730459893932,7.911027054052524,0.65,27.938,37.215,20.012
Small millets,2008,Rabi       ,Andhra Pradesh,5.4510384535657,177,944.6,10.409891816479973,3.0855729775537806,0.763,27.938,37.215,20.012
Wheat,2008,Rabi       ,Andhra Pradesh,9.52427481557203,15421,944.6,14.487326578416749,7.11706761855732,1.027,27.938,37.215,20.012
Arhar/Tur,2008,Kharif     ,Assam,8.58839695042257,3811,2109.9,13.551336292432701,6.182332809870403,0.706,23.707,32.812,15.637
Black pepper,2008,Whole Year ,Assam,8.129764445794171,5144,2109.9,13.092596136640985,5.724793521845665,1.68,23.707,32.812,15.637
Castor seed,2008,Kharif     ,Assam,7.111512116496157,517,2109.9,12.073826141368526,4.711779921046349,0.433,23.707,32.812,15.637
Cotton(lint),2008,Kharif     ,Assam,7.201170883281678,631,2109.9,12.163554421559128,4.800736969532067,0.569,23.707,32.812,15.637
Dry chillies,2008,Whole Year ,Assam,9.741615472609583,10862,2109.9,14.704681407811584,7.334264074018651,0.63,23.707,32.812,15.637
Gram,2008,Rabi       ,Assam,7.450079569807499,887,2109.9,12.412626383729076,5.047995302853334,0.509,23.707,32.812,15.637
Linseed,2008,Rabi       ,Assam,8.90720619496548,3795,2109.9,13.870196034391228,6.500628791547307,0.471,23.707,32.812,15.637
Maize,2008,Kharif     ,Assam,9.76324799612154,12619,2109.9,14.726315180623164,7.3558838850019095,0.596,23.707,32.812,15.637
Masoor,2008,Rabi       ,Assam,9.98631100573524,11084,2109.9,14.949389612201571,7.578830659619978,0.524,23.707,32.812,15.637
Moong(Green Gram),2008,Rabi       ,Assam,8.636752426473876,2586,2109.9,13.599700500728956,6.230599550840237,0.44,23.707,32.812,15.637
Niger seed,2008,Kharif     ,Assam,8.921857979353632,3821,2109.9,13.884849774800083,6.51526068884236,0.51,23.707,32.812,15.637
Onion,2008,Whole Year ,Assam,8.848509300888079,16816,2109.9,13.811491010395892,6.442014550649397,2.381,23.707,32.812,15.637
Peas & beans (Pulses),2008,Rabi       ,Assam,9.949607488149681,12964,2109.9,14.912684385876936,7.542144531867534,0.632,23.707,32.812,15.637
Sesamum,2008,Kharif     ,Assam,9.409027282856401,6867,2109.9,14.372070183446228,7.001910246330875,0.499,23.707,32.812,15.637
Small millets,2008,Kharif     ,Assam,8.601718146485926,2780,2109.9,13.564659936394118,6.195629131824389,0.494,23.707,32.812,15.637
Sweet potato,2008,Whole Year ,Assam,8.754476306284166,22341,2109.9,13.717443954712927,6.348124490934214,3.421,23.707,32.812,15.637
Tobacco,2008,Whole Year ,Assam,6.202535517187923,266,2109.9,11.163647665999102,3.8148510936758724,0.649,23.707,32.812,15.637
Turmeric,2008,Whole Year ,Assam,9.579141495712756,10497,2109.9,14.542197131961855,7.1718948896664365,0.793,23.707,32.812,15.637
Bajra,2008,Rabi       ,Karnataka,5.872117789475416,331,1164.1,10.832440973096896,3.492256112609122,0.94,24.938,34.933,15.852
Bajra,2008,Summer     ,Karnataka,6.98933526597456,1249,1164.1,11.951543942713458,4.59066549978521,0.955,24.938,34.933,15.852
Cardamom,2008,Whole Year ,Karnataka,9.895404976342773,1992,1164.1,14.858479233138151,7.487968896164127,0.068,24.938,34.933,15.852
Castor seed,2008,Kharif     ,Karnataka,9.885119895177944,18618,1164.1,14.848193634487744,7.477689081227701,0.968,24.938,34.933,15.852
Coriander,2008,Whole Year ,Karnataka,8.91139510724569,4002,1164.1,13.874385508822343,6.504811988417482,0.55,24.938,34.933,15.852
Dry chillies,2008,Rabi       ,Karnataka,8.683385366280309,10002,1164.1,13.64634147098697,6.27715087939453,1.681,24.938,34.933,15.852
Dry chillies,2008,Summer     ,Karnataka,8.885440911707585,23701,1164.1,13.848427792024948,6.478893593067577,3.233,24.938,34.933,15.852
Garlic,2008,Whole Year ,Karnataka,8.635153989049803,12378,1164.1,13.598101781350644,6.229003978705924,2.644,24.938,34.933,15.852
Jowar,2008,Summer     ,Karnataka,8.49351506406166,11110,1164.1,13.456435994382707,6.087637990556639,2.212,24.938,34.933,15.852
Linseed,2008,Rabi       ,Karnataka,9.514141826307847,5112,1164.1,14.477192850254339,7.106942146843687,0.4,24.938,34.933,15.852
Maize,2008,Summer     ,Karnataka,10.235270238956767,87643,1164.1,15.198358918438231,7.827687373042557,3.074,24.938,34.933,15.852
Mesta,2008,Whole Year ,Karnataka,7.044905117129371,1617,1164.1,12.00716330907522,4.645736147734753,1.636,24.938,34.933,15.852
Moong(Green Gram),2008,Rabi       ,Karnataka,9.023287640806327,2120,1164.1,13.986292218882378,6.616560377096737,0.268,24.938,34.933,15.852
Niger seed,2008,Kharif     ,Karnataka,10.140060524162,8678,1164.1,15.103145644316884,7.732513885209067,0.342,24.938,34.933,15.852
Other  Rabi pulses,2008,Rabi       ,Karnataka,10.322099198314179,8896,1164.1,15.285190841213915,7.9144861695165165,0.291,24.938,34.933,15.852
Ragi,2008,Rabi       ,Karnataka,10.440302508763368,47819,1164.1,15.40339779375379,8.03265240790807,1.692,24.938,34.933,15.852
Ragi,2008,Summer     ,Karnataka,9.101752431559284,17809,1164.1,14.064766045859175,6.694933276739799,1.926,24.938,34.933,15.852
Rapeseed &Mustard,2008,Rabi       ,Karnataka,8.428143374582726,1836,1164.1,13.391050563849083,6.022405888347531,0.388,24.938,34.933,15.852
Sannhamp,2008,Whole Year ,Karnataka,5.58724865840025,66,1164.1,10.546646902009858,3.2164729402518906,0.243,24.938,34.933,15.852
Urad,2008,Rabi       ,Karnataka,9.26302769425519,4588,1164.1,14.226057796807952,6.8560408432954585,0.43,24.938,34.933,15.852
Cotton(lint),2008,Kharif     ,Kerala,7.050122520269059,1498,2524.8,12.012385221283681,4.650908077661946,1.3,24.678,31.633,18.795
Ginger,2008,Whole Year ,Kerala,8.912203841620542,30809,2524.8,13.875194351458154,6.5056196220948355,3.17,24.678,31.633,18.795
Groundnut,2008,Kharif     ,Kerala,7.458186157340487,1282,2524.8,12.420737635207372,5.056054704287115,0.74,24.678,31.633,18.795
Jowar,2008,Kharif     ,Kerala,7.7437032581737535,1177,2524.8,12.706397043928474,5.340130869361447,0.652,24.678,31.633,18.795
Other Cereals,2008,Kharif     ,Kerala,5.918893854273146,290,2524.8,10.879345217659555,3.537765824444175,0.91,24.678,31.633,18.795
Ragi,2008,Kharif     ,Kerala,6.411818267709897,492,2524.8,11.373310691765155,4.020339148911605,0.856,24.678,31.633,18.795
Sesamum,2008,Kharif     ,Kerala,6.3578422665081,308,2524.8,11.319244109289547,3.9672684796541247,0.466,24.678,31.633,18.795
Tobacco,2008,Whole Year ,Kerala,3.6888794541139363,63,2524.8,8.626865199219697,1.506297153514587,1.62,24.678,31.633,18.795
Turmeric,2008,Whole Year ,Kerala,7.931284761525891,6364,2524.8,12.89405219686426,5.526965738496691,2.169,24.678,31.633,18.795
Arecanut,2008,Whole Year ,Tamil Nadu,8.6328406149422,11061,1201.9,13.595787998379398,6.226694759557339,1.708,26.835,36.612,18.611
Arhar/Tur,2008,Whole Year ,Tamil Nadu,10.221359296150967,16703,1201.9,15.184447476485794,7.813781510657103,0.607,26.835,36.612,18.611
Black pepper,2008,Whole Year ,Tamil Nadu,8.046549357283078,716,1201.9,13.009355651784254,5.641836146437215,0.155,26.835,36.612,18.611
Cardamom,2008,Whole Year ,Tamil Nadu,8.306965865368573,370,1201.9,13.269845080385837,5.901512486908321,0.094,26.835,36.612,18.611
Castor seed,2008,Whole Year ,Tamil Nadu,8.616857514529183,1702,1201.9,13.57980204713248,6.210740629395701,0.322,26.835,36.612,18.611
Coriander,2008,Whole Year ,Tamil Nadu,9.556762939450564,4815,1201.9,14.519817021468542,7.149532146764026,0.358,26.835,36.612,18.611
Gram,2008,Whole Year ,Tamil Nadu,8.832441791585824,4355,1201.9,13.795421191162252,6.425970524000561,0.535,26.835,36.612,18.611
Rapeseed &Mustard,2008,Whole Year ,Tamil Nadu,5.552959584921617,63,1201.9,10.512227598485282,3.1834558796369405,0.282,26.835,36.612,18.611
Small millets,2008,Kharif     ,Tamil Nadu,10.419688702238957,25697,1201.9,15.38278338266543,8.012044755214534,1.742,26.835,36.612,18.611
Sunflower,2008,Whole Year ,Tamil Nadu,10.156422888658074,34356,1201.9,15.119508644869288,7.748869776005409,1.769,26.835,36.612,18.611
Tobacco,2008,Whole Year ,Tamil Nadu,8.59044365315583,8214,1201.9,13.553383373391124,6.184375669345028,1.593,26.835,36.612,18.611
Arecanut,2008,Whole Year ,West Bengal,9.340929941679784,21157,1560.1,14.303967105038417,6.933871268334909,1.624,25.193,34.151,16.335
Arhar/Tur,2008,Rabi       ,West Bengal,6.4457198193855785,530,1560.1,11.40726668261309,4.053696163744291,0.813,25.193,34.151,16.335
Bajra,2008,Kharif     ,West Bengal,4.330733340286331,26,1560.1,9.280705634636746,2.0476928433652555,0.35,25.193,34.151,16.335
Barley,2008,Rabi       ,West Bengal,7.926241523170962,4202,1560.1,12.889007153828453,5.521940802699097,1.642,25.193,34.151,16.335
Cardamom,2008,Whole Year ,West Bengal,5.5053315359323625,704,1560.1,10.464411056466712,3.1376657694426577,2.87,25.193,34.151,16.335
Castor seed,2008,Kharif     ,West Bengal,4.110873864173311,37,1560.1,9.0575853843839,1.8562979903656263,0.62,25.193,34.151,16.335
Cotton(lint),2008,Kharif     ,West Bengal,7.930565854233965,6023,1560.1,12.893333032873436,5.526249434594043,2.329,25.193,34.151,16.335
Ginger,2008,Kharif     ,West Bengal,9.317579122645782,23832,1560.1,14.280614226988618,6.910541394156236,1.812,25.193,34.151,16.335
Gram,2008,Rabi       ,West Bengal,9.984744906843062,22543,1560.1,14.947823441673188,7.577265289775928,1.026,25.193,34.151,16.335
Groundnut,2008,Kharif     ,West Bengal,7.789040401657477,2264,1560.1,12.751753274290737,5.385274575403933,1.042,25.193,34.151,16.335
Groundnut,2008,Rabi       ,West Bengal,9.536834420213353,23576,1560.1,14.499887088573837,7.129618010396625,1.424,25.193,34.151,16.335
Horse-gram,2008,Rabi       ,West Bengal,7.5485559791698735,940,1560.1,12.511156966673118,5.145923475995771,0.489,25.193,34.151,16.335
Jowar,2008,Kharif     ,West Bengal,7.027314514039777,469,1560.1,11.989557328854637,4.628300603376946,0.4,25.193,34.151,16.335
Khesari,2008,Rabi       ,West Bengal,10.230774879580268,17412,1560.1,15.193863398519898,7.8231936476980035,0.619,25.193,34.151,16.335
Linseed,2008,Rabi       ,West Bengal,8.42639282708974,1130,1560.1,13.389299635899201,6.020659205387258,0.218,25.193,34.151,16.335
Maize,2008,Rabi       ,West Bengal,9.795679599901822,91856,1560.1,14.758748607450471,7.388296937639536,3.217,25.193,34.151,16.335
Moong(Green Gram),2008,Kharif     ,West Bengal,6.984716320118266,989,1560.1,11.946920755857395,4.5860892981753,0.681,25.193,34.151,16.335
Moong(Green Gram),2008,Rabi       ,West Bengal,7.359467638255621,1016,1560.1,12.321959662656658,4.957937505095806,0.628,25.193,34.151,16.335
Moong(Green Gram),2008,Summer     ,West Bengal,9.4066470133368,6091,1560.1,14.369689719908173,6.999531950565567,0.75,25.193,34.151,16.335
Niger seed,2008,Kharif     ,West Bengal,8.517393171418904,3297,1560.1,13.480318901050754,6.111467339502679,0.549,25.193,34.151,16.335
Other  Rabi pulses,2008,Rabi       ,West Bengal,5.225746673713202,64,1560.1,10.183517925256844,2.8707357833793057,0.355,25.193,34.151,16.335
Other Kharif pulses,2008,Kharif     ,West Bengal,6.884486652042782,752,1560.1,11.846594060775198,4.4868369990262265,0.675,25.193,34.151,16.335
Peas & beans (Pulses),2008,Rabi       ,West Bengal,9.084323531392696,6731,1560.1,14.047335199342674,6.677524170166032,0.695,25.193,34.151,16.335
Ragi,2008,Autumn     ,West Bengal,9.370160663423624,13874,1560.1,14.333200337418333,6.963076450570099,0.828,25.193,34.151,16.335
Ragi,2008,Rabi       ,West Bengal,6.880384082186005,802,1560.1,11.842487308299546,4.482776537774025,0.83,25.193,34.151,16.335
Safflower,2008,Rabi       ,West Bengal,5.860786223465865,270,1560.1,10.821077440141902,3.481240089335692,0.83,25.193,34.151,16.335
Sesamum,2008,Autumn     ,West Bengal,7.042286171939743,770,1560.1,12.004542091606782,4.64314011723972,0.658,25.193,34.151,16.335
Sesamum,2008,Winter     ,West Bengal,7.1276936993473985,746,1560.1,12.090020735610619,4.727830198723979,0.541,25.193,34.151,16.335
Small millets,2008,Kharif     ,West Bengal,6.974478911025045,735,1560.1,11.936673876852247,4.575947327311188,0.755,25.193,34.151,16.335
Small millets,2008,Rabi       ,West Bengal,7.313886831633462,1751,1560.1,12.276349359205614,4.912654885736052,1.27,25.193,34.151,16.335
Soyabean,2008,Kharif     ,West Bengal,6.2878585601617845,322,1560.1,11.249135424567118,3.8985324152456466,0.578,25.193,34.151,16.335
Sunflower,2008,Kharif     ,West Bengal,9.223059144383958,11007,1560.1,14.186085405095106,6.816111370185339,1.159,25.193,34.151,16.335
Tobacco,2008,Whole Year ,West Bengal,9.449986995389407,17999,1560.1,14.413033163302835,7.04283671966123,0.677,25.193,34.151,16.335
Turmeric,2008,Whole Year ,West Bengal,9.630168502920114,35372,1560.1,14.59322755566423,7.222887135142018,2.139,25.193,34.151,16.335
Urad,2008,Rabi       ,West Bengal,8.819665349340653,5143,1560.1,13.782642885444407,6.413213025289247,0.712,25.193,34.151,16.335
Arecanut,2009,Whole Year ,Andhra Pradesh,5.958424693029782,198,711.0,11.004555490295145,4.199004832765533,0.855,28.409,38.678,20.674
Arhar/Tur,2009,Rabi       ,Andhra Pradesh,10.122462426978117,13266,711.0,15.171124011768132,8.35070167575418,0.52,28.409,38.678,20.674
Bajra,2009,Rabi       ,Andhra Pradesh,9.387565631345389,9884,711.0,14.43618390121379,7.61601764735093,1.296,28.409,38.678,20.674
Garlic,2009,Whole Year ,Andhra Pradesh,6.274762021241939,1565,711.0,11.321590610170672,4.511957804265912,2.557,28.409,38.678,20.674
Horse-gram,2009,Kharif     ,Andhra Pradesh,9.911604520638075,13170,711.0,14.96025673682135,8.139889793566088,0.6,28.409,38.678,20.674
Linseed,2009,Rabi       ,Andhra Pradesh,6.513230110912307,100,711.0,11.56045636040302,4.748491005432314,0.155,28.409,38.678,20.674
Niger seed,2009,Kharif     ,Andhra Pradesh,8.944289319650697,2632,711.0,13.992861163359573,7.172969325115652,0.377,28.409,38.678,20.674
Other  Rabi pulses,2009,Rabi       ,Andhra Pradesh,7.888709524182015,2314,711.0,12.937038402863301,6.118581662167447,0.59,28.409,38.678,20.674
Other Kharif pulses,2009,Kharif     ,Andhra Pradesh,7.942717540573791,1269,711.0,12.991066013193281,6.1724936023148445,0.438,28.409,38.678,20.674
Ragi,2009,Rabi       ,Andhra Pradesh,8.751949058058614,11751,711.0,13.80049340280927,6.980764075835391,1.825,28.409,38.678,20.674
Rapeseed &Mustard,2009,Rabi       ,Andhra Pradesh,8.368693183097793,2576,711.0,13.417164121879567,6.597868496542164,0.312,28.409,38.678,20.674
Safflower,2009,Rabi       ,Andhra Pradesh,9.566194979531012,6079,711.0,14.614826864168855,7.794580124297952,0.432,28.409,38.678,20.674
Small millets,2009,Kharif     ,Andhra Pradesh,10.099177683735626,8590,711.0,15.147838328306026,8.327421551543079,0.462,28.409,38.678,20.674
Small millets,2009,Rabi       ,Andhra Pradesh,7.016609683894219,1004,711.0,12.064419676290226,5.249022074823159,0.745,28.409,38.678,20.674
Wheat,2009,Rabi       ,Andhra Pradesh,9.19755903761145,10319,711.0,14.246159891134926,7.4260965890897905,0.95,28.409,38.678,20.674
Arhar/Tur,2009,Kharif     ,Assam,8.731013415269564,4408,1727.1,13.779554435032843,6.959844756331899,0.707,24.318,33.962,16.212
Black pepper,2009,Whole Year ,Assam,7.995643604287271,4398,1727.1,13.044010278204812,6.225330408450468,1.578,24.318,33.962,16.212
Castor seed,2009,Kharif     ,Assam,7.05444965813294,492,1727.1,12.102292768892935,5.286700147207846,0.428,24.318,33.962,16.212
Cotton(lint),2009,Kharif     ,Assam,7.4067107301776405,782,1727.1,12.454808775075872,5.637713894686496,0.516,24.318,33.962,16.212
Dry chillies,2009,Whole Year ,Assam,9.747535250762242,11727,1727.1,14.796178680495181,7.975863685628127,0.66,24.318,33.962,16.212
Gram,2009,Rabi       ,Assam,7.453561871643373,887,1727.1,12.501687544744675,5.6844297461403865,0.506,24.318,33.962,16.212
Linseed,2009,Rabi       ,Assam,8.854236693405742,3578,1727.1,13.902796318973833,7.082976689285785,0.482,24.318,33.962,16.212
Maize,2009,Kharif     ,Assam,9.877246241330901,13981,1727.1,14.925896734915687,8.105539976406726,0.617,24.318,33.962,16.212
Masoor,2009,Rabi       ,Assam,10.05311372649194,11661,1727.1,15.10177244528007,8.281367055039484,0.498,24.318,33.962,16.212
Moong(Green Gram),2009,Rabi       ,Assam,8.925321416943886,3439,1727.1,13.973890777806297,7.154013613402346,0.447,24.318,33.962,16.212
Niger seed,2009,Kharif     ,Assam,8.941937914256359,3925,1727.1,13.990509452724176,7.170619418491279,0.51,24.318,33.962,16.212
Onion,2009,Whole Year ,Assam,8.822616945344176,15801,1727.1,13.871172013031426,7.0513793190650125,2.375,24.318,33.962,16.212
Peas & beans (Pulses),2009,Rabi       ,Assam,9.999433893583337,13412,1727.1,15.048090253355609,8.227698811059446,0.624,24.318,33.962,16.212
Sesamum,2009,Kharif     ,Assam,9.362374527831681,6603,1727.1,14.41099067444892,7.590836972058644,0.493,24.318,33.962,16.212
Small millets,2009,Kharif     ,Assam,8.74209519574531,3246,1727.1,13.790637984181858,6.970917853939778,0.75,24.318,33.962,16.212
Sweet potato,2009,Whole Year ,Assam,8.825706773447951,23969,1727.1,13.874262292904847,7.054466929140963,3.411,24.318,33.962,16.212
Tobacco,2009,Whole Year ,Assam,6.3835066348840055,320,1727.1,11.430528371237,4.6197631882909915,0.632,24.318,33.962,16.212
Turmeric,2009,Whole Year ,Assam,9.538492376981678,9719,1727.1,14.58712230620503,7.7668871264279975,0.744,24.318,33.962,16.212
Bajra,2009,Rabi       ,Karnataka,4.8283137373023015,138,1321.0,9.869034814502392,3.0946722214088944,0.945,25.599,35.271,17.215
Bajra,2009,Summer     ,Karnataka,6.626717749249025,707,1321.0,11.67410237436172,4.861206780604327,0.935,25.599,35.271,17.215
Black pepper,2009,Whole Year ,Karnataka,9.888729181560583,73143,1321.0,14.937380257455505,8.117020056087151,3.702,25.599,35.271,17.215
Cardamom,2009,Whole Year ,Karnataka,9.861571209434837,1267,1321.0,14.910220897252918,8.089868902755168,0.085,25.599,35.271,17.215
Castor seed,2009,Kharif     ,Karnataka,9.788637710857186,11525,1321.0,14.837283478893747,8.016954659424512,0.646,25.599,35.271,17.215
Coriander,2009,Whole Year ,Karnataka,8.791941988456118,3224,1321.0,13.84049249455008,7.020726757641298,0.498,25.599,35.271,17.215
Dry chillies,2009,Rabi       ,Karnataka,8.756997183623554,18944,1321.0,13.80554231975077,6.985808316265979,2.896,25.599,35.271,17.215
Garlic,2009,Whole Year ,Karnataka,8.455104999102815,6603,1321.0,13.503595026161804,6.68418663732983,1.795,25.599,35.271,17.215
Jowar,2009,Summer     ,Karnataka,8.695171998776056,8824,1321.0,13.743707162079678,6.924032090043812,1.498,25.599,35.271,17.215
Linseed,2009,Rabi       ,Karnataka,9.430037992886092,3657,1321.0,14.478659723642924,7.658473010664015,0.333,25.599,35.271,17.215
Maize,2009,Summer     ,Karnataka,10.252100082384816,77530,1321.0,15.300766519784354,8.480315491262997,2.84,25.599,35.271,17.215
Mesta,2009,Whole Year ,Karnataka,7.170888478512505,1885,1321.0,12.218825975002774,5.402677381872279,1.324,25.599,35.271,17.215
Moong(Green Gram),2009,Rabi       ,Karnataka,9.100413892597578,2349,1321.0,14.149004478086468,7.3290018685098195,0.28,25.599,35.271,17.215
Niger seed,2009,Kharif     ,Karnataka,10.18039933305852,9250,1321.0,15.229063164451524,8.408627544809463,0.334,25.599,35.271,17.215
Ragi,2009,Rabi       ,Karnataka,10.224229572614233,44924,1321.0,15.272895019182322,8.452449849304282,1.834,25.599,35.271,17.215
Ragi,2009,Summer     ,Karnataka,8.985320060649112,14970,1321.0,14.033897116708994,7.213974472432329,1.778,25.599,35.271,17.215
Rapeseed &Mustard,2009,Rabi       ,Karnataka,8.540323608805092,1493,1321.0,13.588830912030174,6.769320455594881,0.29,25.599,35.271,17.215
Sannhamp,2009,Whole Year ,Karnataka,5.645446897643238,70,1321.0,10.690631323246429,3.8905950580145254,0.163,25.599,35.271,17.215
Small millets,2009,Kharif     ,Karnataka,10.191781937486343,13089,1321.0,15.240446195165436,8.420008054978766,0.49,25.599,35.271,17.215
Sunflower,2009,Summer     ,Karnataka,10.259202035379737,24563,1321.0,15.30786872087831,8.487416225378702,0.96,25.599,35.271,17.215
Urad,2009,Rabi       ,Karnataka,9.115260165725912,3548,1321.0,14.163852385732948,7.343840115024246,0.372,25.599,35.271,17.215
Cotton(lint),2009,Kharif     ,Kerala,6.926577033222725,1324,2821.5,11.974302996179365,5.159400067361368,1.3,25.21,32.564,19.495
Ginger,2009,Whole Year ,Kerala,8.595819511871428,28603,2821.5,13.644337299322553,6.824764897851332,3.402,25.21,32.564,19.495
Groundnut,2009,Kharif     ,Kerala,7.201170883281678,992,2821.5,12.249131177135755,5.432848259505643,0.87,25.21,32.564,19.495
Jowar,2009,Kharif     ,Kerala,7.843064016692054,1305,2821.5,12.891375489573303,6.073021492360292,0.668,25.21,32.564,19.495
Other Cereals,2009,Kharif     ,Kerala,5.424950017481403,176,2821.5,10.469264890503695,3.674273301724574,0.765,25.21,32.564,19.495
Ragi,2009,Kharif     ,Kerala,5.683579767338681,236,2821.5,10.728896006961149,3.9280931856056407,0.405,25.21,32.564,19.495
Sesamum,2009,Kharif     ,Kerala,6.411818267709897,206,2821.5,11.458886932177323,4.647846460268528,0.28,25.21,32.564,19.495
Tobacco,2009,Whole Year ,Kerala,3.4011973816621555,34,2821.5,8.416218599075357,1.780024213009634,1.17,25.21,32.564,19.495
Turmeric,2009,Whole Year ,Kerala,7.79934339821592,6066,2821.5,12.847637437287226,6.029386340106538,2.276,25.21,32.564,19.495
Arecanut,2009,Whole Year ,Tamil Nadu,8.604654467186231,10437,928.5,13.653173870682908,6.833591920679246,1.605,27.855,38.243,20.19
Arhar/Tur,2009,Whole Year ,Tamil Nadu,10.187123952279158,20274,928.5,15.23578803609997,8.415350923903276,0.71,27.855,38.243,20.19
Black pepper,2009,Whole Year ,Tamil Nadu,7.934155233536322,643,928.5,12.98250066995254,6.163946183619964,0.154,27.855,38.243,20.19
Cardamom,2009,Whole Year ,Tamil Nadu,8.202756381655638,330,928.5,13.251185699741102,6.432135910950766,0.058,27.855,38.243,20.19
Castor seed,2009,Whole Year ,Tamil Nadu,8.496378051702317,1521,928.5,13.54487662989087,6.725417722060181,0.314,27.855,38.243,20.19
Coriander,2009,Whole Year ,Tamil Nadu,9.678968055041988,6315,928.5,14.727607363611458,7.9073167336477015,0.355,27.855,38.243,20.19
Gram,2009,Whole Year ,Tamil Nadu,8.913684824725294,4542,928.5,13.962252638913425,7.142384615399437,0.523,27.855,38.243,20.19
Rapeseed &Mustard,2009,Whole Year ,Tamil Nadu,5.572154032177765,62,928.5,10.61707049325467,3.8185910606355935,0.168,27.855,38.243,20.19
Sunflower,2009,Whole Year ,Tamil Nadu,9.565844630930576,18975,928.5,14.614476491175436,7.79422989551257,1.449,27.855,38.243,20.19
Tobacco,2009,Whole Year ,Tamil Nadu,8.861066543517762,10741,928.5,13.909627134798818,7.089801797956658,1.408,27.855,38.243,20.19
Arhar/Tur,2010,Kharif     ,Assam,8.873187904050106,5098,2578.5,13.985698861980374,7.4465150850381825,0.71,23.876,32.111,16.375
Black pepper,2010,Whole Year ,Assam,8.020270472819238,4589,2578.5,13.132593886825598,6.594194557543465,1.612,23.876,32.111,16.375
Castor seed,2010,Kharif     ,Assam,6.88653164253051,419,2578.5,11.998166045047649,5.462644659969713,0.428,23.876,32.111,16.375
Cotton(lint),2010,Kharif     ,Assam,7.243512974665482,650,2578.5,12.355452448515765,5.818657582682612,0.528,23.876,32.111,16.375
Dry chillies,2010,Whole Year ,Assam,9.842090757670805,12237,2578.5,14.9546881298051,8.415142746978715,0.637,23.876,32.111,16.375
Gram,2010,Rabi       ,Assam,7.497207223203318,915,2578.5,12.609305998457673,6.0718456590547945,0.49,23.876,32.111,16.375
Linseed,2010,Rabi       ,Assam,8.871505346165781,3815,2578.5,13.9840160695668,7.444833273892193,0.522,23.876,32.111,16.375
Maize,2010,Kharif     ,Assam,9.892072649720829,14110,2578.5,15.004672598406177,8.4651164323056,0.61,23.876,32.111,16.375
Moong(Green Gram),2010,Rabi       ,Assam,9.107532151994501,4243,2578.5,14.220072204740795,7.680766689751002,0.452,23.876,32.111,16.375
Niger seed,2010,Kharif     ,Assam,8.96341629199657,4020,2578.5,14.07593926583468,7.536705213496875,0.528,23.876,32.111,16.375
Onion,2010,Whole Year ,Assam,8.840290669088972,15408,2578.5,13.952796969173823,7.413632680464078,2.309,23.876,32.111,16.375
Sesamum,2010,Kharif     ,Assam,9.383368881858544,6759,2578.5,14.495935492862413,7.956518843403739,0.497,23.876,32.111,16.375
Small millets,2010,Kharif     ,Assam,8.553910774351401,2600,2578.5,13.66636934643917,7.127404733042069,0.505,23.876,32.111,16.375
Sweet potato,2010,Whole Year ,Assam,8.73020559553099,21378,2578.5,13.842695145930062,7.303600934824109,3.413,23.876,32.111,16.375
Tobacco,2010,Whole Year ,Assam,6.19644412779452,250,2578.5,11.307067896465162,4.775756486563625,0.608,23.876,32.111,16.375
Turmeric,2010,Whole Year ,Assam,9.613402595468036,10623,2578.5,14.725986388019223,8.186497836436454,0.753,23.876,32.111,16.375
Arecanut,2010,Whole Year ,Andhra Pradesh,6.0844994130751715,195,1297.0,11.194882874321866,4.664570529269539,0.443,27.928,37.308,20.51
Arhar/Tur,2010,Rabi       ,Andhra Pradesh,9.002577922700276,4101,1297.0,14.115105783672359,7.575851282675223,0.483,27.928,37.308,20.51
Bajra,2010,Rabi       ,Andhra Pradesh,9.67965626478542,17254,1297.0,14.79224431587323,8.252737942363389,1.455,27.928,37.308,20.51
Coriander,2010,Whole Year ,Andhra Pradesh,9.919065582499446,13749,1297.0,15.031666870023908,8.492105100634674,0.671,27.928,37.308,20.51
Garlic,2010,Whole Year ,Andhra Pradesh,6.142037405587356,978,1297.0,11.25254774601395,4.721708002236043,1.968,27.928,37.308,20.51
Horse-gram,2010,Kharif     ,Andhra Pradesh,8.737933858114136,2985,1297.0,13.850424645519112,7.311325259135844,0.478,27.928,37.308,20.51
Linseed,2010,Rabi       ,Andhra Pradesh,7.029972911706386,258,1297.0,12.141743115885692,5.6056549966582585,0.15,27.928,37.308,20.51
Niger seed,2010,Kharif     ,Andhra Pradesh,9.211140052146748,3823,1297.0,14.323690948182863,7.784340059994234,0.335,27.928,37.308,20.51
Other  Rabi pulses,2010,Rabi       ,Andhra Pradesh,8.664232934065552,5023,1297.0,13.776711526290859,7.237663160145788,0.64,27.928,37.308,20.51
Other Kharif pulses,2010,Kharif     ,Andhra Pradesh,7.856319571406588,1194,1297.0,12.968584751689688,6.4304289037565505,0.82,27.928,37.308,20.51
Ragi,2010,Rabi       ,Andhra Pradesh,8.565030520830398,7725,1297.0,13.677491212384993,7.138517732609582,1.466,27.928,37.308,20.51
Rapeseed &Mustard,2010,Rabi       ,Andhra Pradesh,8.842604480678025,16777,1297.0,13.955111113404218,7.415945432946445,2.31,27.928,37.308,20.51
Safflower,2010,Rabi       ,Andhra Pradesh,9.479680250180099,8897,1297.0,14.59225453830806,8.052805761756032,0.705,27.928,37.308,20.51
Small millets,2010,Rabi       ,Andhra Pradesh,7.142036574706803,1262,1297.0,12.253900108356097,5.717422360360236,0.973,27.928,37.308,20.51
Wheat,2010,Rabi       ,Andhra Pradesh,9.21890360263667,13143,1297.0,14.331455266827874,7.79210116427364,1.312,27.928,37.308,20.51
Bajra,2010,Rabi       ,Karnataka,5.081404364984463,136,1317.7,10.187861659698722,3.673765816303888,0.84,25.658,35.068,16.714
Bajra,2010,Summer     ,Karnataka,6.994849985833071,955,1317.7,12.106588717745012,5.5706319618686955,0.9,25.658,35.068,16.714
Black pepper,2010,Whole Year ,Karnataka,9.955225747940542,12717,1317.7,15.067828773285896,8.528259730760027,0.581,25.658,35.068,16.714
Cardamom,2010,Whole Year ,Karnataka,9.856500761311791,1550,1317.7,14.969098889535985,8.429550342362813,0.069,25.658,35.068,16.714
Castor seed,2010,Kharif     ,Karnataka,9.857495968685136,15991,1317.7,14.970094148726513,8.430545384690566,0.866,25.658,35.068,16.714
Coriander,2010,Whole Year ,Karnataka,8.37770121259764,1622,1317.7,13.49012285231239,6.951312728730965,0.368,25.658,35.068,16.714
Dry chillies,2010,Rabi       ,Karnataka,8.796187635470453,17951,1317.7,13.90868744573655,7.369550309677984,2.712,25.658,35.068,16.714
Dry chillies,2010,Summer     ,Karnataka,8.920389060080359,22761,1317.7,14.032906439022776,7.493695796357675,3.113,25.658,35.068,16.714
Garlic,2010,Whole Year ,Karnataka,8.351138607086154,5467,1317.7,13.46355409304543,6.924769709141266,1.323,25.658,35.068,16.714
Jowar,2010,Summer     ,Karnataka,8.602820277383675,11403,1317.7,13.715287998154214,7.176285112589309,2.316,25.658,35.068,16.714
Linseed,2010,Rabi       ,Karnataka,9.33776566023142,3809,1317.7,14.45032836997255,7.910928046148312,0.335,25.658,35.068,16.714
Mesta,2010,Whole Year ,Karnataka,7.553810852008231,2405,1317.7,12.665939981945385,6.128352799170104,1.21,25.658,35.068,16.714
Moong(Green Gram),2010,Rabi       ,Karnataka,9.236397906295473,2702,1317.7,14.348951279732097,7.8095900247662415,0.262,25.658,35.068,16.714
Other  Rabi pulses,2010,Rabi       ,Karnataka,9.470085825734941,4146,1317.7,14.582659381810942,8.04321366877091,0.364,25.658,35.068,16.714
Ragi,2010,Summer     ,Karnataka,9.068315871946766,16983,1317.7,14.180851518278285,7.641564441260972,1.889,25.658,35.068,16.714
Rapeseed &Mustard,2010,Rabi       ,Karnataka,8.252967195000798,1284,1317.7,13.365358464622595,6.826675366931395,0.324,25.658,35.068,16.714
Sannhamp,2010,Whole Year ,Karnataka,5.834810737062605,85,1317.7,10.944550350903858,4.416911036527384,0.245,25.658,35.068,16.714
Sunflower,2010,Summer     ,Karnataka,10.004282662571022,22405,1317.7,15.116887947295963,8.577309448743222,1.032,25.658,35.068,16.714
Urad,2010,Rabi       ,Karnataka,9.074291527512907,4079,1317.7,14.186827856491561,7.647537923058067,0.464,25.658,35.068,16.714
Arhar/Tur,2011,Kharif     ,Assam,8.647870515057853,4467,1743.4,13.768798794423116,7.539564145608004,0.774,23.536,32.331,15.608
Black pepper,2011,Whole Year ,Assam,8.201934351194222,5198,1743.4,13.322764574736938,7.093828124220546,1.598,23.536,32.331,15.608
Castor seed,2011,Kharif     ,Assam,6.932447891572509,538,1743.4,12.052580382232506,5.825764091330264,0.516,23.536,32.331,15.608
Cotton(lint),2011,Kharif     ,Assam,7.115582126184454,581,1743.4,12.235877048677308,6.008567455007644,0.596,23.536,32.331,15.608
Gram,2011,Rabi       ,Assam,7.508787170634276,955,1743.4,12.629344796308137,6.40123703180245,0.533,23.536,32.331,15.608
Linseed,2011,Rabi       ,Assam,8.85907931788153,3981,1743.4,13.980040817381223,7.750705129028926,0.536,23.536,32.331,15.608
Moong(Green Gram),2011,Rabi       ,Assam,9.351232110673664,6347,1743.4,14.472248514229644,8.242745819343286,0.524,23.536,32.331,15.608
Niger seed,2011,Kharif     ,Assam,9.03884005381381,4372,1743.4,14.159824794144033,7.9304184143828635,0.604,23.536,32.331,15.608
Onion,2011,Whole Year ,Assam,8.90557995798965,22595,1743.4,14.026547875656117,7.797192665563433,3.03,23.536,32.331,15.608
Sesamum,2011,Kharif     ,Assam,9.376024287617113,7957,1743.4,14.497042805589427,8.267533678721108,0.594,23.536,32.331,15.608
Small millets,2011,Kharif     ,Assam,8.292047637431354,2041,1743.4,13.412901347894344,7.18389347656365,0.524,23.536,32.331,15.608
Tobacco,2011,Whole Year ,Assam,5.834810737062605,186,1743.4,10.953002729931363,4.732067119176442,0.631,23.536,32.331,15.608
Turmeric,2011,Whole Year ,Assam,9.64523482410835,13442,1743.4,14.766273222282734,8.536703619163541,0.864,23.536,32.331,15.608
Arecanut,2011,Whole Year ,Andhra Pradesh,6.333279628139691,275,861.9,11.452615218732612,5.228216738868547,0.297,28.331,38.133,19.903
Arhar/Tur,2011,Rabi       ,Andhra Pradesh,7.952263308657046,1409,861.9,13.073016230148612,6.844314821418702,0.455,28.331,38.133,19.903
Bajra,2011,Rabi       ,Andhra Pradesh,9.282568005973063,11138,861.9,14.403578272257201,8.174094246583987,1.235,28.331,38.133,19.903
Coriander,2011,Whole Year ,Andhra Pradesh,9.458917724547202,7427,861.9,14.579942943273172,8.350413432758616,0.602,28.331,38.133,19.903
Cowpea(Lobia),2011,Kharif     ,Andhra Pradesh,8.459352191726387,1119,861.9,13.580244272336287,7.351119714777704,0.225,28.331,38.133,19.903
Cowpea(Lobia),2011,Rabi       ,Andhra Pradesh,9.652972804425787,12408,861.9,14.774011698625369,8.54444058654926,0.802,28.331,38.133,19.903
Garlic,2011,Whole Year ,Andhra Pradesh,6.063785208687608,930,861.9,11.182573580723796,4.95983310716587,2.136,28.331,38.133,19.903
Horse-gram,2011,Kharif     ,Andhra Pradesh,8.679141958402255,2699,861.9,13.800075609656288,7.570824622625342,0.375,28.331,38.133,19.903
Linseed,2011,Rabi       ,Andhra Pradesh,6.61338421837956,158,861.9,11.733151805359267,5.507443126094042,0.2,28.331,38.133,19.903
Niger seed,2011,Kharif     ,Andhra Pradesh,8.83651926920248,2558,861.9,13.957477545699891,7.728151660457546,0.28,28.331,38.133,19.903
Other  Rabi pulses,2011,Rabi       ,Andhra Pradesh,8.675392806089782,4569,861.9,13.79632582213384,7.567076767057985,0.625,28.331,38.133,19.903
Other Kharif pulses,2011,Kharif     ,Andhra Pradesh,8.14902386805177,1459,861.9,13.269839281827345,7.040947864217918,0.487,28.331,38.133,19.903
Ragi,2011,Rabi       ,Andhra Pradesh,8.59044365315583,9505,861.9,13.711361619161815,7.482158337189802,1.691,28.331,38.133,19.903
Rapeseed &Mustard,2011,Rabi       ,Andhra Pradesh,8.797548488481558,16183,861.9,13.918501023270268,7.689192601895991,2.444,28.331,38.133,19.903
Safflower,2011,Rabi       ,Andhra Pradesh,9.218407743053941,7508,861.9,14.339411880953412,8.109946497225643,0.731,28.331,38.133,19.903
Small millets,2011,Rabi       ,Andhra Pradesh,7.518607216815252,1519,861.9,12.63917017084678,6.411046212773516,0.745,28.331,38.133,19.903
Wheat,2011,Rabi       ,Andhra Pradesh,9.018695487721343,10914,861.9,14.139677826605991,7.910278751453935,1.307,28.331,38.133,19.903
Bajra,2011,Rabi       ,Karnataka,7.208600337960199,1225,1178.986,12.32896704034973,6.101439400316553,0.98,25.433,35.125,16.151
Bajra,2011,Summer     ,Karnataka,8.069029328774958,3328,1178.986,13.189820809373778,6.9610021638685105,1.013,25.433,35.125,16.151
Coriander,2011,Whole Year ,Karnataka,8.02059914989697,1236,1178.986,13.14137518227895,6.912603507306958,0.406,25.433,35.125,16.151
Dry chillies,2011,Rabi       ,Karnataka,8.785386587284156,15414,1178.986,13.9063372839113,7.677034453409771,2.376,25.433,35.125,16.151
Dry chillies,2011,Summer     ,Karnataka,8.641709066113805,19828,1178.986,13.762636267091729,7.533404898093056,3.486,25.433,35.125,16.151
Garlic,2011,Whole Year ,Karnataka,8.537191877922927,6365,1178.986,13.658099736311701,7.428927194802272,1.327,25.433,35.125,16.151
Jowar,2011,Summer     ,Karnataka,9.260843354149289,19242,1178.986,14.381851589240885,8.15237374228213,1.832,25.433,35.125,16.151
Linseed,2011,Rabi       ,Karnataka,9.050523670522297,2085,1178.986,14.171509781655493,7.942099232231449,0.29,25.433,35.125,16.151
Mesta,2011,Whole Year ,Karnataka,6.716594773520978,1028,1178.986,11.836493369111318,5.610387127056648,1.203,25.433,35.125,16.151
Moong(Green Gram),2011,Rabi       ,Karnataka,9.07383312732152,2915,1178.986,14.19482192588818,7.965403201884576,0.338,25.433,35.125,16.151
Other  Rabi pulses,2011,Rabi       ,Karnataka,9.207235557022704,8479,1178.986,14.328238587009283,8.098776573419032,0.809,25.433,35.125,16.151
Ragi,2011,Summer     ,Karnataka,8.937087036176523,14649,1178.986,14.058059135973393,7.828691205216018,1.932,25.433,35.125,16.151
Rapeseed &Mustard,2011,Rabi       ,Karnataka,8.345217926676428,1204,1178.986,13.466084534147074,7.237037443158014,0.295,25.433,35.125,16.151
Sannhamp,2011,Whole Year ,Karnataka,3.7612001156935624,10,1178.986,8.858914484746286,2.698673039289613,0.225,25.433,35.125,16.151
Urad,2011,Rabi       ,Karnataka,9.019300924562506,4199,1178.986,14.140283336329057,7.91088403948863,0.511,25.433,35.125,16.151
Arecanut,2011,Whole Year ,Tamil Nadu,8.781094735202615,15948,926.5,13.9020447777992,7.672743936563682,2.055,27.115,36.442,19.239
Bajra,2011,Rabi       ,Tamil Nadu,9.669535802505315,46282,926.5,14.790575745623347,8.561001442630218,2.827,27.115,36.442,19.239
Black pepper,2011,Whole Year ,Tamil Nadu,8.234299635696253,856,926.5,13.355138539478922,7.126175693827213,0.174,27.115,36.442,19.239
Cardamom,2011,Whole Year ,Tamil Nadu,8.371473537066832,393,926.5,13.492346264547416,7.263280562314296,0.074,27.115,36.442,19.239
Castor seed,2011,Whole Year ,Tamil Nadu,8.732788324973118,1861,926.5,13.85373080928401,7.624452956752279,0.767,27.115,36.442,19.239
Coriander,2011,Whole Year ,Tamil Nadu,9.287764268940986,5049,926.5,14.408775014555543,8.179289530796343,0.455,27.115,36.442,19.239
Gram,2011,Whole Year ,Tamil Nadu,9.058703197313223,5520,926.5,14.179690258637448,7.950276818947099,0.591,27.115,36.442,19.239
Jute,2011,Kharif     ,Tamil Nadu,1.3862943611198906,0,926.5,6.221702870898058,0.688134638736401,0.0,27.115,36.442,19.239
Ragi,2011,Rabi       ,Tamil Nadu,9.544739031650487,43371,926.5,14.665770626677114,8.436221719241113,2.879,27.115,36.442,19.239
Rapeseed &Mustard,2011,Rabi       ,Tamil Nadu,5.84354441703136,84,926.5,10.9617617573581,4.740749480229915,0.227,27.115,36.442,19.239
Sunflower,2011,Whole Year ,Tamil Nadu,9.518633568332074,24622,926.5,14.639663281374292,8.410120099024548,1.779,27.115,36.442,19.239
Tobacco,2011,Whole Year ,Tamil Nadu,7.9617188159813645,8205,926.5,13.082475030233047,6.85376361041324,2.648,27.115,36.442,19.239
Arecanut,2012,Kharif     ,Andhra Pradesh,6.366470447731438,365,968.7,11.380716625957422,5.199104581476445,1.453,28.273,38.032,19.922
Bajra,2012,Rabi       ,Andhra Pradesh,8.853808274977197,11000,968.7,13.869620830939391,7.682943169878292,1.4,28.273,38.032,19.922
Coriander,2012,Kharif     ,Andhra Pradesh,7.01211529430638,717,968.7,12.027174422437215,5.842935536048777,0.575,28.273,38.032,19.922
Coriander,2012,Rabi       ,Andhra Pradesh,8.926517509850122,4534,968.7,13.942340017723344,7.755630115743598,0.723,28.273,38.032,19.922
Cowpea(Lobia),2012,Kharif     ,Andhra Pradesh,8.517393171418904,2000,968.7,13.53314897324916,7.346655163176539,0.4,28.273,38.032,19.922
Horse-gram,2012,Kharif     ,Andhra Pradesh,8.517393171418904,3000,968.7,13.53314897324916,7.346655163176539,0.557,28.273,38.032,19.922
Linseed,2012,Kharif     ,Andhra Pradesh,6.0473721790462776,203,968.7,11.060975483466818,4.881437355624573,0.455,28.273,38.032,19.922
Niger seed,2012,Rabi       ,Andhra Pradesh,9.020873347021357,5813,968.7,14.036707736322974,7.849959341481768,0.63,28.273,38.032,19.922
Other  Rabi pulses,2012,Rabi       ,Andhra Pradesh,8.79346036105272,4021,968.7,13.809264089336933,7.622615026447733,0.983,28.273,38.032,19.922
Other Kharif pulses,2012,Kharif     ,Andhra Pradesh,7.982757702011113,1923,968.7,12.998373066413958,6.812334093016856,0.608,28.273,38.032,19.922
Ragi,2012,Rabi       ,Andhra Pradesh,8.517393171418904,6000,968.7,13.53314897324916,7.346655163176539,1.2,28.273,38.032,19.922
Rapeseed &Mustard,2012,Rabi       ,Andhra Pradesh,8.167068178341237,1530,968.7,13.18274062745042,6.996516790259595,0.452,28.273,38.032,19.922
Safflower,2012,Rabi       ,Andhra Pradesh,5.6240175061873385,172,968.7,10.63637934745069,4.460837815098172,1.257,28.273,38.032,19.922
Small millets,2012,Rabi       ,Andhra Pradesh,7.601402334583733,1000,968.7,12.61686023076031,6.431331081933479,0.5,28.273,38.032,19.922
Soyabean,2012,Kharif     ,Andhra Pradesh,7.183870715062453,2393,968.7,12.199071192459916,6.014375084941085,1.793,28.273,38.032,19.922
Soyabean,2012,Rabi       ,Andhra Pradesh,4.406719247264253,147,968.7,9.41048547479326,3.2623183827110376,1.817,28.273,38.032,19.922
Wheat,2012,Rabi       ,Andhra Pradesh,8.987321812850125,9000,968.7,14.003152105147953,7.816416983691801,1.25,28.273,38.032,19.922
Arhar/Tur,2012,Kharif     ,Assam,8.69265796074698,4937,2167.5,13.70844570185414,7.521848429632243,0.82,23.952,32.981,15.995
Black pepper,2012,Whole Year ,Assam,8.16961956172385,5541,2167.5,13.185292729523626,6.999066564766034,1.683,23.952,32.981,15.995
Castor seed,2012,Kharif     ,Assam,6.805722553416985,492,2167.5,11.820576327382996,5.63700144096585,0.544,23.952,32.981,15.995
Cotton(lint),2012,Kharif     ,Assam,7.497207223203318,863,2167.5,12.512610573701924,6.327257981966827,0.49,23.952,32.981,15.995
Gram,2012,Rabi       ,Assam,7.463363045520021,966,2167.5,12.478747419695324,6.29345624673987,0.591,23.952,32.981,15.995
Linseed,2012,Rabi       ,Assam,8.774467601446593,3827,2167.5,13.790268439423158,7.6036287398603655,0.564,23.952,32.981,15.995
Moong(Green Gram),2012,Rabi       ,Assam,9.215626376405421,5953,2167.5,14.231482013936656,8.044664777582591,0.565,23.952,32.981,15.995
Niger seed,2012,Kharif     ,Assam,8.945071894361302,4059,2167.5,13.960896828027314,7.774179067167817,0.573,23.952,32.981,15.995
Onion,2012,Whole Year ,Assam,8.867850063029406,25893,2167.5,13.883664597730249,7.6969805262639515,3.265,23.952,32.981,15.995
Sesamum,2012,Kharif     ,Assam,9.342595951096653,8012,2167.5,14.358463372157667,8.171607957280429,0.629,23.952,32.981,15.995
Small millets,2012,Kharif     ,Assam,8.39615486303918,2200,2167.5,13.411885056741301,7.2254741947354315,0.537,23.952,32.981,15.995
Tobacco,2012,Whole Year ,Assam,5.631211781821365,148,2167.5,10.643599422576168,4.467974946810247,0.59,23.952,32.981,15.995
Turmeric,2012,Whole Year ,Assam,9.69953369561506,15583,2167.5,14.715427243834391,8.528487173620933,0.929,23.952,32.981,15.995
Castor seed,2012,Kharif     ,Karnataka,9.34687973611501,7142,956.2,14.36274752923185,8.175890908880902,0.658,25.796,36.16,16.266
Coriander,2012,Whole Year ,Karnataka,8.347590407030058,1667,956.2,13.363309439467457,7.176934728765433,0.401,25.796,36.16,16.266
Cotton(lint),2012,Summer     ,Karnataka,7.501634457883413,5017,956.2,12.517040243528527,6.331679770008029,2.774,25.796,36.16,16.266
Cowpea(Lobia),2012,Rabi       ,Karnataka,8.880863609867356,2396,956.2,13.896679953763226,7.7099900211275365,0.332,25.796,36.16,16.266
Cowpea(Lobia),2012,Summer     ,Karnataka,8.844768827529695,2498,956.2,13.86058009489062,7.673906608421272,0.367,25.796,36.16,16.266
Dry chillies,2012,Rabi       ,Karnataka,8.599878558034845,14836,956.2,13.615650089734928,7.42910532620434,2.661,25.796,36.16,16.266
Dry chillies,2012,Summer     ,Karnataka,8.52872642722991,14294,956.2,13.544484467963981,7.357983405563817,2.784,25.796,36.16,16.266
Garlic,2012,Whole Year ,Karnataka,8.352082671352637,5531,956.2,13.36780275912474,7.181424630235367,1.386,25.796,36.16,16.266
Jowar,2012,Summer     ,Karnataka,9.03145291191651,13771,956.2,14.047288564846399,7.86053607610483,1.6,25.796,36.16,16.266
Linseed,2012,Rabi       ,Karnataka,8.836809882398365,1206,956.2,13.852620005502414,7.665950225992246,0.207,25.796,36.16,16.266
Mesta,2012,Whole Year ,Karnataka,6.570882962339584,871,956.2,11.585445176505539,5.402812507877485,1.242,25.796,36.16,16.266
Moong(Green Gram),2012,Rabi       ,Karnataka,8.4906438561827,1140,956.2,13.50639427190297,7.319917908538023,0.212,25.796,36.16,16.266
Niger seed,2012,Kharif     ,Karnataka,9.36220272128543,2791,956.2,14.378071832263908,8.19121094198771,0.249,25.796,36.16,16.266
Other  Rabi pulses,2012,Rabi       ,Karnataka,8.485496104672983,2218,956.2,13.501245467230687,7.314772515249276,0.46,25.796,36.16,16.266
Ragi,2012,Summer     ,Karnataka,8.564076777315087,7846,956.2,13.579841640738048,7.393318477845551,1.525,25.796,36.16,16.266
Rapeseed &Mustard,2012,Kharif     ,Karnataka,7.697121317282625,650,956.2,12.71262454995345,6.526948636539881,0.272,25.796,36.16,16.266
Sannhamp,2012,Whole Year ,Karnataka,5.556828061699537,64,956.2,10.568939742877314,4.394202210604015,0.238,25.796,36.16,16.266
Urad,2012,Rabi       ,Karnataka,8.589885876809678,2791,956.2,13.605655571276776,7.4191167591514375,0.609,25.796,36.16,16.266
Arhar/Tur,2012,Whole Year ,Kerala,7.079184394609668,1892,2187.6,12.094301626431017,5.909874810068028,1.496,25.284,32.652,19.547
Cowpea(Lobia),2012,Whole Year ,Kerala,6.990256500493881,0,2187.6,12.005295833326729,5.821120967073434,0.0,25.284,32.652,19.547
Ginger,2012,Whole Year ,Kerala,8.41316512099219,22064,2187.6,13.428899097601834,7.242475982564543,3.366,25.284,32.652,19.547
Groundnut,2012,Whole Year ,Kerala,6.665683717782408,976,2187.6,11.68037193417897,5.497332146283652,1.24,25.284,32.652,19.547
Horse-gram,2012,Whole Year ,Kerala,4.663439094112067,0,2187.6,9.66997795897274,3.5130368634176907,0.0,25.284,32.652,19.547
Jowar,2012,Whole Year ,Kerala,5.003946305945459,116,2187.6,10.013211534413497,3.8475911452687575,0.87,25.284,32.652,19.547
Maize,2012,Whole Year ,Kerala,5.198497031265826,15,2187.6,10.208948146339551,4.039536325727106,0.535,25.284,32.652,19.547
Moong(Green Gram),2012,Whole Year ,Kerala,4.624972813284271,0,2187.6,9.631140626692844,3.475376779836407,0.0,25.284,32.652,19.547
Onion,2012,Whole Year ,Kerala,3.713572066704308,0,2187.6,8.704999678440762,2.5952547069568657,0.0,25.284,32.652,19.547
Ragi,2012,Whole Year ,Kerala,4.736198448394496,123,2187.6,9.743400956632803,3.5843519247600018,0.55,25.284,32.652,19.547
Sesamum,2012,Whole Year ,Kerala,5.564520407322694,98,2187.6,10.576661591263116,4.401829261970061,0.344,25.284,32.652,19.547
Sesamum,2012,Winter     ,Kerala,5.564520407322694,98,2187.6,10.576661591263116,4.401829261970061,0.344,25.284,32.652,19.547
Small millets,2012,Whole Year ,Kerala,4.143134726391533,61,2187.6,9.14319579134685,3.006672213592325,0.98,25.284,32.652,19.547
Soyabean,2012,Whole Year ,Kerala,2.0794415416798357,10,2187.6,6.962811484730215,1.1537315878891892,1.43,25.284,32.652,19.547
Tobacco,2012,Whole Year ,Kerala,2.6390573296152584,23,2187.6,7.5814137829582195,1.6154199841116479,1.77,25.284,32.652,19.547
Turmeric,2012,Whole Year ,Kerala,7.874358824729881,6904,2187.6,12.889935358500795,6.704022121187751,2.421,25.284,32.652,19.547
Urad,2012,Whole Year ,Kerala,5.583496308781699,0,2187.6,10.595709305019572,4.420646205638937,0.0,25.284,32.652,19.547
Wheat,2012,Whole Year ,Kerala,0.6931471805599453,0,2187.6,5.02256386496153,0.27002713721306015,0.0,25.284,32.652,19.547
Arecanut,2013,Kharif     ,Andhra Pradesh,6.1675164908883415,255,1062.3,11.138642694824894,4.86383530936938,1.705,27.692,36.86,19.847
Arhar/Tur,2013,Rabi       ,Andhra Pradesh,7.1693500166706,1003,1062.3,12.14179553022312,5.8620959067667,0.736,27.692,36.86,19.847
Bajra,2013,Rabi       ,Andhra Pradesh,7.739794458408701,4256,1062.3,12.712572516704524,6.43163699326988,1.78,27.692,36.86,19.847
Black pepper,2013,Kharif     ,Andhra Pradesh,1.6094379124341003,3,1062.3,6.361233390557873,0.7323678937132266,0.75,27.692,36.86,19.847
Castor seed,2013,Rabi       ,Andhra Pradesh,7.163946684342547,956,1062.3,12.13638805271632,5.85670382774231,0.74,27.692,36.86,19.847
Coriander,2013,Kharif     ,Andhra Pradesh,6.249975242259483,333,1062.3,11.221266562066862,4.945847853091816,0.62,27.692,36.86,19.847
Coriander,2013,Rabi       ,Andhra Pradesh,8.97903863296051,4685,1062.3,13.952123774387731,7.670045986346618,0.668,27.692,36.86,19.847
Cotton(lint),2013,Rabi       ,Andhra Pradesh,8.547916364059079,12281,1062.3,13.52093404001517,7.239107286718302,2.532,27.692,36.86,19.847
Cowpea(Lobia),2013,Kharif     ,Andhra Pradesh,8.221747728346623,1617,1062.3,13.194691108726406,6.913140751258475,0.456,27.692,36.86,19.847
Cowpea(Lobia),2013,Rabi       ,Andhra Pradesh,9.036463061964891,7244,1062.3,14.009555188555222,7.727451406531842,0.788,27.692,36.86,19.847
Dry chillies,2013,Rabi       ,Andhra Pradesh,9.819725436430797,80405,1062.3,14.792881743747628,8.510539101985332,3.246,27.692,36.86,19.847
Horse-gram,2013,Kharif     ,Andhra Pradesh,9.078978053779355,5120,1062.3,14.052075099528563,7.769953011475986,0.581,27.692,36.86,19.847
Horse-gram,2013,Rabi       ,Andhra Pradesh,9.875036636362113,9743,1062.3,14.848195849118579,8.565842393269996,0.492,27.692,36.86,19.847
Linseed,2013,Kharif     ,Andhra Pradesh,6.161207321695077,228,1062.3,11.132320321301993,4.857561811661286,0.455,27.692,36.86,19.847
Moong(Green Gram),2013,Kharif     ,Andhra Pradesh,9.769441741907062,8956,1062.3,14.742595264723874,8.460262986828694,0.628,27.692,36.86,19.847
Niger seed,2013,Kharif     ,Andhra Pradesh,3.091042453358316,11,1062.3,8.018062250823371,1.8976198599275322,0.52,27.692,36.86,19.847
Niger seed,2013,Rabi       ,Andhra Pradesh,9.081369990679223,4483,1062.3,14.054467307019415,7.772344211989516,0.47,27.692,36.86,19.847
Other Kharif pulses,2013,Kharif     ,Andhra Pradesh,8.157370441186774,2369,1062.3,13.130296070233735,6.848811743348187,0.502,27.692,36.86,19.847
Ragi,2013,Rabi       ,Andhra Pradesh,8.420462002456466,7056,1062.3,13.393453491442024,7.111724165790256,1.534,27.692,36.86,19.847
Rapeseed &Mustard,2013,Rabi       ,Andhra Pradesh,8.100464891029363,2121,1062.3,13.073373848363042,6.791951533238494,0.57,27.692,36.86,19.847
Safflower,2013,Rabi       ,Andhra Pradesh,5.375278407684165,120,1062.3,10.343880518820574,4.078384542643371,0.63,27.692,36.86,19.847
Sannhamp,2013,Whole Year ,Andhra Pradesh,8.462737005620179,0,1062.3,13.435737553033213,7.153974526625788,0.0,27.692,36.86,19.847
Small millets,2013,Rabi       ,Andhra Pradesh,6.778784897685177,934,1062.3,11.750864777176972,5.472522742739733,0.962,27.692,36.86,19.847
Soyabean,2013,Kharif     ,Andhra Pradesh,8.014996894348302,4872,1062.3,12.987878959366746,6.706556666418494,1.62,27.692,36.86,19.847
Soyabean,2013,Rabi       ,Andhra Pradesh,4.394449154672439,129,1062.3,9.35532344311477,3.1179499062782403,1.627,27.692,36.86,19.847
Sunflower,2013,Kharif     ,Andhra Pradesh,9.788581624034771,14053,1062.3,14.761736223275513,8.479399938955991,0.764,27.692,36.86,19.847
Urad,2013,Kharif     ,Andhra Pradesh,9.582524425515684,9901,1062.3,14.55566627844805,8.273377434832488,0.725,27.692,36.86,19.847
Wheat,2013,Rabi       ,Andhra Pradesh,5.855071922202427,249,1062.3,10.82543266820919,4.553455750301413,0.68,27.692,36.86,19.847
Arhar/Tur,2013,Kharif     ,Assam,8.721113147762688,5642,1797.7,13.694161458955397,7.412220719595445,0.922,24.332,33.325,15.952
Black pepper,2013,Whole Year ,Assam,8.166500319155052,6083,1797.7,13.13942853575885,6.857934583998181,1.722,24.332,33.325,15.952
Castor seed,2013,Kharif     ,Assam,6.777646593635117,447,1797.7,11.749725184902072,5.471387931227806,0.624,24.332,33.325,15.952
Cotton(lint),2013,Kharif     ,Assam,7.039660349862076,537,1797.7,12.011999913335439,5.732693818150621,0.469,24.332,33.325,15.952
Dry chillies,2013,Whole Year ,Assam,9.847763403763766,16476,1797.7,14.820921203967067,8.538573005671475,0.773,24.332,33.325,15.952
Gram,2013,Rabi       ,Assam,7.627544390488503,1432,1797.7,12.600271089131377,6.3195265163692245,0.621,24.332,33.325,15.952
Linseed,2013,Rabi       ,Assam,8.697345730925353,3854,1797.7,13.670390145597613,7.388463904744312,0.631,24.332,33.325,15.952
Moong(Green Gram),2013,Rabi       ,Assam,9.407960966059306,7807,1797.7,14.381089763611724,8.098849509332707,0.622,24.332,33.325,15.952
Niger seed,2013,Kharif     ,Assam,8.892061625546935,4493,1797.7,13.865135392746874,7.583099930714763,0.587,24.332,33.325,15.952
Onion,2013,Whole Year ,Assam,8.9142228207033,28812,1797.7,13.887299580574526,7.605252982279341,3.347,24.332,33.325,15.952
Sesamum,2013,Kharif     ,Assam,9.36768594269996,8571,1797.7,14.340811390557892,8.058583602848188,0.678,24.332,33.325,15.952
Small millets,2013,Kharif     ,Assam,8.602453035367061,3337,1797.7,13.575480936064492,7.293616140115445,0.646,24.332,33.325,15.952
Tobacco,2013,Whole Year ,Assam,5.560681631015528,139,1797.7,10.530065083947191,4.261693475213995,0.63,24.332,33.325,15.952
Turmeric,2013,Whole Year ,Assam,9.69953369561506,15782,1797.7,14.672683107022774,8.390366131586687,0.951,24.332,33.325,15.952
Cardamom,2013,Whole Year ,Karnataka,9.83483390921908,1516,1235.6,14.807991026188075,8.525645370897882,0.1,25.432,35.368,16.709
Castor seed,2013,Kharif     ,Karnataka,9.407960966059306,10900,1235.6,14.381089763611724,8.098849509332707,0.907,25.432,35.368,16.709
Coriander,2013,Whole Year ,Karnataka,7.88193748927207,822,1235.6,12.854772831689736,6.5736242994783,0.319,25.432,35.368,16.709
Cotton(lint),2013,Summer     ,Karnataka,7.612336837167746,7289,1235.6,12.58505612337641,6.304339107191786,3.656,25.432,35.368,16.709
Cowpea(Lobia),2013,Rabi       ,Karnataka,9.137984709784043,3930,1235.6,14.111088245349869,7.828942005888523,0.417,25.432,35.368,16.709
Cowpea(Lobia),2013,Summer     ,Karnataka,8.987321812850125,3145,1235.6,13.960407986778891,7.6783263565068856,0.395,25.432,35.368,16.709
Dry chillies,2013,Rabi       ,Karnataka,8.805824812903607,12646,1235.6,13.778886282347848,7.496896581503828,1.908,25.432,35.368,16.709
Dry chillies,2013,Summer     ,Karnataka,8.796641458940915,17564,1235.6,13.769701555214088,7.487716963982938,2.763,25.432,35.368,16.709
Garlic,2013,Whole Year ,Karnataka,8.554874258383926,5473,1235.6,13.527893270080595,7.2460615470247856,1.219,25.432,35.368,16.709
Groundnut,2013,Rabi       ,Karnataka,8.304494897963567,7466,1235.6,13.277459478751219,6.995830256814472,1.855,25.432,35.368,16.709
Jowar,2013,Summer     ,Karnataka,8.403352374992478,7260,1235.6,13.376340087554723,7.094624811372121,1.63,25.432,35.368,16.709
Linseed,2013,Rabi       ,Karnataka,8.622093601241607,1654,1235.6,13.595125049750134,7.313247053401419,0.326,25.432,35.368,16.709
Mesta,2013,Whole Year ,Karnataka,5.857933154483459,466,1235.6,10.82830205365367,4.5562950182059545,1.33,25.432,35.368,16.709
Moong(Green Gram),2013,Rabi       ,Karnataka,8.72355674269043,1551,1235.6,13.69660544926933,7.414663238714023,0.241,25.432,35.368,16.709
Niger seed,2013,Kharif     ,Karnataka,9.566475170062406,3125,1235.6,14.539615915552918,8.257331193666491,0.22,25.432,35.368,16.709
Other  Rabi pulses,2013,Rabi       ,Karnataka,9.072456664612796,6130,1235.6,14.045552969324634,7.763433638964827,0.707,25.432,35.368,16.709
Ragi,2013,Summer     ,Karnataka,8.89740886527095,14363,1235.6,13.870483360650844,7.58844518893973,1.978,25.432,35.368,16.709
Rapeseed &Mustard,2013,Kharif     ,Karnataka,7.901377353792616,769,1235.6,12.874219916288796,6.593044534142437,0.271,25.432,35.368,16.709
Sannhamp,2013,Whole Year ,Karnataka,5.834810737062605,85,1235.6,10.805113073960438,4.533351898197619,0.258,25.432,35.368,16.709
Sunflower,2013,Summer     ,Karnataka,9.832045255081763,18523,1235.6,14.805202223527926,8.522857121040676,1.046,25.432,35.368,16.709
Urad,2013,Rabi       ,Karnataka,8.831127635012084,3911,1235.6,13.804192823340552,7.522189284315126,0.567,25.432,35.368,16.709
Arecanut,2013,Whole Year ,Meghalaya,9.721905722077173,25114,2448.4,14.695056480623835,8.412734491222803,1.332,19.34,27.168,11.708
Arhar/Tur,2013,Kharif     ,Meghalaya,7.040536390215956,1425,2448.4,12.01287671648827,5.733567788458894,1.08,19.34,27.168,11.708
Black pepper,2013,Whole Year ,Meghalaya,6.875232087276577,681,2448.4,11.847415953510948,5.568687956224928,0.682,19.34,27.168,11.708
Cashewnut,2013,Whole Year ,Meghalaya,9.148784066277077,17939,2448.4,14.121888748698044,7.839738241249364,1.672,19.34,27.168,11.708
Castor seed,2013,Kharif     ,Meghalaya,4.1588830833596715,50,2448.4,9.11645487682655,2.8909271591878647,0.9,19.34,27.168,11.708
Cotton(lint),2013,Kharif     ,Meghalaya,8.892336539638013,8602,2448.4,13.86541034437042,7.583374742673866,1.126,19.34,27.168,11.708
Cowpea(Lobia),2013,Rabi       ,Meghalaya,7.3833681469923835,2296,2448.4,12.355961054773838,6.075713779552882,1.473,19.34,27.168,11.708
Dry chillies,2013,Whole Year ,Meghalaya,7.693481640835175,1860,2448.4,12.666239205320927,6.385379879265686,1.021,19.34,27.168,11.708
Gram,2013,Rabi       ,Meghalaya,7.498869733976931,1823,2448.4,12.471530006055554,6.191032361893486,1.014,19.34,27.168,11.708
Linseed,2013,Rabi       ,Meghalaya,4.499809670330265,48,2448.4,9.461924430570235,3.2200751054436827,0.54,19.34,27.168,11.708
Maize,2013,Whole Year ,Meghalaya,9.799570439116355,39655,2448.4,14.772725647119438,8.49038709699573,2.16,19.34,27.168,11.708
Masoor,2013,Rabi       ,Meghalaya,7.113142108707088,1283,2448.4,12.085543386201078,5.80600808161854,1.37,19.34,27.168,11.708
Peas & beans (Pulses),2013,Rabi       ,Meghalaya,7.699842407396986,4154,2448.4,12.67260284314052,6.391732841809271,1.666,19.34,27.168,11.708
Rapeseed &Mustard,2013,Rabi       ,Meghalaya,9.186150133174966,9270,2448.4,14.159258689520417,7.8770937652783655,0.903,19.34,27.168,11.708
Rice,2013,Rabi       ,Meghalaya,9.506362568702965,58685,2448.4,14.479499004644655,8.197230322121312,2.396,19.34,27.168,11.708
Sesamum,2013,Kharif     ,Meghalaya,7.700295203420117,1998,2448.4,12.673055842860537,6.39218508418539,0.978,19.34,27.168,11.708
Small millets,2013,Rabi       ,Meghalaya,7.956827122090111,2538,2448.4,12.929689524019803,6.648440360529752,1.033,19.34,27.168,11.708
Soyabean,2013,Kharif     ,Meghalaya,7.408530566894626,3107,2448.4,12.381138820581283,6.100834514162325,2.158,19.34,27.168,11.708
Sugarcane,2013,Whole Year ,Meghalaya,4.663439094112067,315,2448.4,9.62723656226876,3.3792925462741055,2.675,19.34,27.168,11.708
Sweet potato,2013,Kharif     ,Meghalaya,8.407601514786142,15644,2448.4,13.380590171255808,7.0988713834575865,3.626,19.34,27.168,11.708
Tobacco,2013,Rabi       ,Meghalaya,6.660575149839686,730,2448.4,11.632513093591049,5.354697699984144,0.997,19.34,27.168,11.708
Wheat,2013,Rabi       ,Meghalaya,6.0473721790462776,789,2448.4,11.018232015130224,4.744410253079596,1.506,19.34,27.168,11.708
Arecanut,2013,Whole Year ,Tamil Nadu,8.80926561216931,8619,740.9,13.782327592870987,7.500335989617046,1.22,28.068,37.771,20.302
Black pepper,2013,Whole Year ,Tamil Nadu,8.273591798199632,860,740.9,13.246548665943918,6.964948136673334,0.184,28.068,37.771,20.302
Cardamom,2013,Whole Year ,Tamil Nadu,8.305236829492593,366,740.9,13.278201592542583,6.996571692579232,0.064,28.068,37.771,20.302
Castor seed,2013,Kharif     ,Tamil Nadu,8.760609847570002,1990,740.9,13.73366443261018,7.451700348658814,0.35,28.068,37.771,20.302
Coriander,2013,Whole Year ,Tamil Nadu,8.926384681265215,2614,740.9,13.899463055515406,7.61741044979079,0.349,28.068,37.771,20.302
Gram,2013,Whole Year ,Tamil Nadu,9.094817280720644,5823,740.9,14.067916106312671,7.785787394739197,0.658,28.068,37.771,20.302
Horse-gram,2013,Kharif     ,Tamil Nadu,9.527556974530281,8570,740.9,14.500694959580512,8.218420511576367,0.595,28.068,37.771,20.302
Rapeseed &Mustard,2013,Rabi       ,Tamil Nadu,6.3578422665081,140,740.9,11.32932997707051,5.053183797342212,0.18,28.068,37.771,20.302
Sesamum,2013,Kharif     ,Tamil Nadu,9.87822102528824,10879,740.9,14.851380400474945,8.569026340056254,0.51,28.068,37.771,20.302
Sunflower,2013,Kharif     ,Tamil Nadu,7.6760099320288875,3893,740.9,12.648759515090035,6.367929863365841,1.719,28.068,37.771,20.302
Sunflower,2013,Rabi       ,Tamil Nadu,8.670429167315095,5800,740.9,13.643469055876425,7.361559655970936,1.341,28.068,37.771,20.302
Tobacco,2013,Whole Year ,Tamil Nadu,8.223090551161533,5691,740.9,13.196034289775623,6.9144825997315635,1.284,28.068,37.771,20.302
Arecanut,2014,Kharif     ,Andhra Pradesh,6.182084906716632,338,687.6,11.197045269466294,5.077608349349287,1.775,28.269,37.975,20.589
Arhar/Tur,2014,Rabi       ,Andhra Pradesh,7.355641102974253,1224,687.6,12.372021057624185,6.248274955892676,0.727,28.269,37.975,20.589
Bajra,2014,Rabi       ,Andhra Pradesh,8.138564737261632,6586,687.6,13.155289474812484,7.030494899340939,1.624,28.269,37.975,20.589
Castor seed,2014,Rabi       ,Andhra Pradesh,7.447751280047908,838,687.6,12.464187123201755,6.340271116417849,0.598,28.269,37.975,20.589
Coriander,2014,Kharif     ,Andhra Pradesh,5.10594547390058,85,687.6,10.116921719967117,4.009512626705403,0.51,28.269,37.975,20.589
Cotton(lint),2014,Rabi       ,Andhra Pradesh,8.736007384569218,15914,687.6,13.752862643170369,7.627670964756124,2.897,28.269,37.975,20.589
Cowpea(Lobia),2014,Kharif     ,Andhra Pradesh,8.40290404501411,1865,687.6,13.41969619128239,7.294696541803767,0.412,28.269,37.975,20.589
Cowpea(Lobia),2014,Rabi       ,Andhra Pradesh,9.16711966952162,10735,687.6,14.184030840055522,8.058669020342059,0.874,28.269,37.975,20.589
Ginger,2014,Kharif     ,Andhra Pradesh,5.971261839790462,1118,687.6,10.985739402772559,4.867765193063229,3.062,28.269,37.975,20.589
Ginger,2014,Rabi       ,Andhra Pradesh,3.6109179126442243,103,687.6,8.600717830126044,2.5556757206762075,2.86,28.269,37.975,20.589
Horse-gram,2014,Kharif     ,Andhra Pradesh,9.261983605128021,4728,687.6,14.278904164062201,8.153513773324622,0.37,28.269,37.975,20.589
Linseed,2014,Kharif     ,Andhra Pradesh,5.8916442118257715,174,687.6,10.905911209006899,4.788574489733284,0.48,28.269,37.975,20.589
Moong(Green Gram),2014,Kharif     ,Andhra Pradesh,9.34215779659637,10461,687.6,14.359085624383148,8.233673112507676,0.808,28.269,37.975,20.589
Niger seed,2014,Rabi       ,Andhra Pradesh,8.906393407058367,2376,687.6,13.923273677057571,7.798005890785373,0.41,28.269,37.975,20.589
Other  Rabi pulses,2014,Rabi       ,Andhra Pradesh,9.247347097605278,11779,687.6,14.26426626547882,8.138880108087774,1.152,28.269,37.975,20.589
Other Kharif pulses,2014,Kharif     ,Andhra Pradesh,8.073091199693154,3270,687.6,13.089796300438303,6.965061459681803,0.442,28.269,37.975,20.589
Ragi,2014,Rabi       ,Andhra Pradesh,8.455104999102815,7046,687.6,13.4719084762976,7.346874352563493,1.511,28.269,37.975,20.589
Rapeseed &Mustard,2014,Rabi       ,Andhra Pradesh,8.65032450401942,3203,687.6,13.66716547963892,7.542017261550512,0.418,28.269,37.975,20.589
Safflower,2014,Kharif     ,Andhra Pradesh,4.454347296253507,37,687.6,9.459744087117908,3.3690184832979204,0.44,28.269,37.975,20.589
Safflower,2014,Rabi       ,Andhra Pradesh,6.525029657843462,211,687.6,11.540586934433174,5.4193395947954865,0.34,28.269,37.975,20.589
Small millets,2014,Rabi       ,Andhra Pradesh,7.5411524551363085,1887,687.6,12.557639947646113,6.433566905897062,0.93,28.269,37.975,20.589
Soyabean,2014,Kharif     ,Andhra Pradesh,6.594413459749778,1669,687.6,11.610068509505847,5.488524417615982,1.956,28.269,37.975,20.589
Soyabean,2014,Rabi       ,Andhra Pradesh,5.25227342804663,293,687.6,10.264073837198973,4.154184562578117,1.615,28.269,37.975,20.589
Sunflower,2014,Kharif     ,Andhra Pradesh,9.308283446306147,5949,687.6,14.32520827388129,8.199804892523165,0.811,28.269,37.975,20.589
Tapioca,2014,Rabi       ,Andhra Pradesh,3.912023005428146,0,687.6,8.908970379244503,2.843163674909384,0.0,28.269,37.975,20.589
Wheat,2014,Rabi       ,Andhra Pradesh,5.771441123130016,256,687.6,10.785356597487715,4.669083511731744,1.02,28.269,37.975,20.589
Arhar/Tur,2014,Kharif     ,Assam,8.70748291785937,5738,1899.0,13.724333556796994,7.599155935256071,0.944,24.839,34.324,16.688
Black pepper,2014,Whole Year ,Assam,8.16876982367527,5898,1899.0,13.185503195813142,7.060682353366637,1.728,24.839,34.324,16.688
Castor seed,2014,Kharif     ,Assam,6.848005274576363,556,1899.0,11.86396508022911,5.741495641776368,0.64,24.839,34.324,16.688
Cotton(lint),2014,Kharif     ,Assam,6.816735880594968,428,1899.0,11.832662154563653,5.710294558271424,0.534,24.839,34.324,16.688
Gram,2014,Rabi       ,Assam,7.647308832356238,1956,1899.0,12.66384945593913,6.539614856934127,0.787,24.839,34.324,16.688
Linseed,2014,Rabi       ,Assam,8.634086942887738,3948,1899.0,13.650925071077534,7.525785517010436,0.678,24.839,34.324,16.688
Moong(Green Gram),2014,Rabi       ,Assam,9.331318298529085,7757,1899.0,14.34824517730966,8.222835553542367,0.641,24.839,34.324,16.688
Niger seed,2014,Kharif     ,Assam,8.875287128108384,4427,1899.0,13.89216314412565,7.766908302684333,0.59,24.839,34.324,16.688
Onion,2014,Whole Year ,Assam,9.022081222515475,32421,1899.0,14.038976201401246,7.913663655245219,3.383,24.839,34.324,16.688
Sesamum,2014,Kharif     ,Assam,9.406975663409597,9232,1899.0,14.423908956299103,8.298479812381343,0.685,24.839,34.324,16.688
Small millets,2014,Kharif     ,Assam,8.583729715216482,3221,1899.0,13.600558712821028,7.475446940517025,0.639,24.839,34.324,16.688
Tobacco,2014,Whole Year ,Assam,5.568344503761097,139,1899.0,10.581560688410837,4.467401256243195,0.684,24.839,34.324,16.688
Castor seed,2014,Kharif     ,Karnataka,9.385469458188632,7243,1238.5,14.402400976913503,8.276977232362231,0.616,25.431,35.202,16.538
Coriander,2014,Whole Year ,Karnataka,8.375629627094451,1469,1238.5,13.39241561353905,7.267434704941167,0.334,25.431,35.202,16.538
Cotton(lint),2014,Summer     ,Karnataka,7.688913336864796,4135,1238.5,12.705473292086317,6.581179906438235,1.892,25.431,35.202,16.538
Cowpea(Lobia),2014,Rabi       ,Karnataka,9.172949982757624,3533,1238.5,14.189861756344472,8.064498101421059,0.37,25.431,35.202,16.538
Cowpea(Lobia),2014,Summer     ,Karnataka,8.887652690325586,2646,1238.5,13.904530413276943,7.779270377663211,0.342,25.431,35.202,16.538
Dry chillies,2014,Rabi       ,Karnataka,8.967376693212666,14712,1238.5,13.984264928629294,7.85897290335703,1.874,25.431,35.202,16.538
Dry chillies,2014,Summer     ,Karnataka,8.669227347271736,11208,1238.5,13.686071579976081,7.560913451325719,1.929,25.431,35.202,16.538
Garlic,2014,Whole Year ,Karnataka,8.460834457746854,5191,1238.5,13.477639142949341,7.352601343814152,1.254,25.431,35.202,16.538
Groundnut,2014,Rabi       ,Karnataka,8.221747728346623,7426,1238.5,13.238495629044001,7.113630588729827,2.0,25.431,35.202,16.538
Jowar,2014,Summer     ,Karnataka,8.170468578330674,7469,1238.5,13.187202428378285,7.062380132085762,2.114,25.431,35.202,16.538
Linseed,2014,Rabi       ,Karnataka,8.522379718103538,1568,1238.5,13.539196952249654,7.414120972026034,0.359,25.431,35.202,16.538
Mesta,2014,Whole Year ,Karnataka,5.568344503761097,293,1238.5,10.581560688410837,4.467401256243195,1.123,25.431,35.202,16.538
Moong(Green Gram),2014,Rabi       ,Karnataka,8.737292112544221,2049,1238.5,13.754147576127156,7.6289552739841175,0.336,25.431,35.202,16.538
Niger seed,2014,Kharif     ,Karnataka,9.297160063928743,2885,1238.5,14.314083883943084,8.188683568873214,0.264,25.431,35.202,16.538
Other  Rabi pulses,2014,Rabi       ,Karnataka,9.03097444300786,5539,1238.5,14.047870483722818,7.922554706314957,0.722,25.431,35.202,16.538
Ragi,2014,Summer     ,Karnataka,8.903679332926599,13115,1238.5,13.920559237006117,7.795292564228839,1.751,25.431,35.202,16.538
Rapeseed &Mustard,2014,Kharif     ,Karnataka,7.618251097876695,445,1238.5,12.634777734434062,6.51058566789808,0.204,25.431,35.202,16.538
Sannhamp,2014,Whole Year ,Karnataka,5.7430031878094825,76,1238.5,10.756829112920503,4.640826863196126,0.236,25.431,35.202,16.538
Urad,2014,Rabi       ,Karnataka,8.867004635333567,3230,1238.5,13.88387949617867,7.758628169897004,0.424,25.431,35.202,16.538
Arecanut,2014,Whole Year ,Tamil Nadu,8.814776088545281,8837,911.3,13.831643440368032,7.706414963649079,1.562,27.861,37.475,20.25
Black pepper,2014,Whole Year ,Tamil Nadu,8.293549515060345,898,911.3,13.310315917081061,7.185394591309296,0.187,27.861,37.475,20.25
Cardamom,2014,Whole Year ,Tamil Nadu,8.292298107063221,361,911.3,13.309064197876879,7.184143818889121,0.07,27.861,37.475,20.25
Castor seed,2014,Kharif     ,Tamil Nadu,8.543445562560303,1695,911.3,13.560266917572722,7.435178399095359,0.358,27.861,37.475,20.25
Coriander,2014,Whole Year ,Tamil Nadu,9.130322663990151,8048,911.3,14.147229946246137,8.021879959280755,0.855,27.861,37.475,20.25
Garlic,2014,Whole Year ,Tamil Nadu,6.1092475827643655,2567,911.3,11.124052542081982,5.005086595165839,2.712,27.861,37.475,20.25
Gram,2014,Rabi       ,Tamil Nadu,8.82776136765472,4177,911.3,13.844630623198112,7.719396353589872,0.536,27.861,37.475,20.25
Horse-gram,2014,Kharif     ,Tamil Nadu,9.541943631485891,10597,911.3,14.558887228272209,8.433426725820667,0.765,27.861,37.475,20.25
Rapeseed &Mustard,2014,Rabi       ,Tamil Nadu,5.713732805509369,72,911.3,10.727463852867881,4.611748501348214,0.161,27.861,37.475,20.25
Small millets,2014,Rabi       ,Tamil Nadu,6.493753839851686,1385,911.3,11.50926477280514,5.388158070547826,1.928,27.861,37.475,20.25
Sunflower,2014,Kharif     ,Tamil Nadu,7.931284761525891,4214,911.3,12.947942654659228,6.823351408581405,1.646,27.861,37.475,20.25
Sunflower,2014,Rabi       ,Tamil Nadu,8.719807451477955,8327,911.3,13.736660102608734,7.611476358312597,1.428,27.861,37.475,20.25
Tobacco,2014,Whole Year ,Tamil Nadu,8.608677881538416,8334,911.3,13.625511460132556,7.500385749250383,1.497,27.861,37.475,20.25
Arecanut,2015,Kharif     ,Andhra Pradesh,6.248042874508429,1795,940.7,11.308144288600252,5.143299644281427,3.32,28.354,38.367,20.234
Arhar/Tur,2015,Rabi       ,Andhra Pradesh,8.516392871245468,3472,940.7,13.578219209372447,7.408136549886179,0.643,28.354,38.367,20.234
Bajra,2015,Rabi       ,Andhra Pradesh,8.137980454452139,6133,940.7,13.199715286586033,7.0299109628849425,1.978,28.354,38.367,20.234
Castor seed,2015,Rabi       ,Andhra Pradesh,7.487733761436444,1226,940.7,12.54920249242895,6.380207279071757,0.836,28.354,38.367,20.234
Coriander,2015,Kharif     ,Andhra Pradesh,3.6109179126442243,13,940.7,8.645720082385898,2.5556757206762075,0.397,28.354,38.367,20.234
Cotton(lint),2015,Rabi       ,Andhra Pradesh,8.130059039992796,6662,940.7,13.191791562128723,7.02199426412621,2.23,28.354,38.367,20.234
Cowpea(Lobia),2015,Kharif     ,Andhra Pradesh,9.309642573050045,9696,940.7,14.371577845985735,8.20116376928451,0.771,28.354,38.367,20.234
Cowpea(Lobia),2015,Rabi       ,Andhra Pradesh,8.987696695703624,6569,940.7,14.049597792138696,7.8792877000637525,0.513,28.354,38.367,20.234
Ginger,2015,Kharif     ,Andhra Pradesh,5.8944028342648505,955,940.7,10.9536869558562,4.791317747615575,2.802,28.354,38.367,20.234
Ginger,2015,Rabi       ,Andhra Pradesh,0.6931471805599453,3,940.7,5.068338004224545,0.2851789422336624,3.0,28.354,38.367,20.234
Gram,2015,Kharif     ,Andhra Pradesh,1.0986122886681098,2,940.7,5.758333789260704,0.5068176023684519,1.0,28.354,38.367,20.234
Linseed,2015,Kharif     ,Andhra Pradesh,5.560681631015528,125,940.7,10.618877762540066,4.459797532972339,0.64,28.354,38.367,20.234
Niger seed,2015,Rabi       ,Andhra Pradesh,8.807771066980044,2578,940.7,13.869647687317238,7.699412061188149,0.445,28.354,38.367,20.234
Ragi,2015,Rabi       ,Andhra Pradesh,8.42726848388825,8572,940.7,13.489076278059942,7.319050028330509,1.758,28.354,38.367,20.234
Rapeseed &Mustard,2015,Kharif     ,Andhra Pradesh,2.3978952727983707,7,940.7,7.365243415157454,1.4586150226995167,0.7,28.354,38.367,20.234
Rapeseed &Mustard,2015,Rabi       ,Andhra Pradesh,7.2633296174768365,764,940.7,12.324658292341368,6.156088758942902,0.398,28.354,38.367,20.234
Safflower,2015,Rabi       ,Andhra Pradesh,5.720311776607412,212,940.7,10.779073782987444,4.618283825133474,0.713,28.354,38.367,20.234
Small millets,2015,Rabi       ,Andhra Pradesh,8.27664912542186,4271,940.7,13.338421566719994,7.168502852693713,0.986,28.354,38.367,20.234
Soyabean,2015,Kharif     ,Andhra Pradesh,7.099201743553092,1786,940.7,12.160406122709503,5.992214265998528,1.45,28.354,38.367,20.234
Soyabean,2015,Rabi       ,Andhra Pradesh,4.204692619390966,107,940.7,9.251775938222801,3.125882958019036,1.62,28.354,38.367,20.234
Sunflower,2015,Kharif     ,Andhra Pradesh,8.790116892892472,5165,940.7,13.85199086578836,7.68176329399708,0.965,28.354,38.367,20.234
Wheat,2015,Rabi       ,Andhra Pradesh,5.10594547390058,115,940.7,10.161930291710721,4.009512626705403,0.697,28.354,38.367,20.234
Arhar/Tur,2015,Kharif     ,Assam,8.758883680017025,5600,2155.3,13.820752853092506,7.650539883732972,0.868,24.592,33.048,17.139
Black pepper,2015,Whole Year ,Assam,8.10258642539079,6025,2155.3,13.16431079280087,6.994538296566409,1.786,24.592,33.048,17.139
Castor seed,2015,Kharif     ,Assam,6.782192056006791,407,2155.3,11.843090064494652,5.67582871697455,0.592,24.592,33.048,17.139
Cotton(lint),2015,Kharif     ,Assam,6.826545223556594,439,2155.3,11.887492162628972,5.720082242069654,0.537,24.592,33.048,17.139
Gram,2015,Rabi       ,Assam,7.693481640835175,1544,2155.3,12.755053886590023,6.58574397720673,0.65,24.592,33.048,17.139
Linseed,2015,Rabi       ,Assam,8.57035473953047,3338,2155.3,13.632191527859181,7.46207707845645,0.599,24.592,33.048,17.139
Moong(Green Gram),2015,Rabi       ,Assam,9.28720881623276,7310,2155.3,14.34914204772829,8.178734182469292,0.649,24.592,33.048,17.139
Niger seed,2015,Kharif     ,Assam,8.784927626058323,3949,2155.3,13.846800811834257,7.6765756346976755,0.551,24.592,33.048,17.139
Sesamum,2015,Kharif     ,Assam,9.37339415841248,7999,2155.3,14.435334988771912,8.26490400249622,0.617,24.592,33.048,17.139
Small millets,2015,Kharif     ,Assam,8.79527937019457,4447,2155.3,13.857154122103767,7.686924180316842,0.684,24.592,33.048,17.139
Tobacco,2015,Whole Year ,Assam,5.497168225293202,125,2155.3,10.555112754060477,4.396792086874355,0.632,24.592,33.048,17.139
Arecanut,2015,Whole Year ,Goa,7.486613313139955,2960,2587.1,12.548081420057859,6.379088103753148,1.665,25.287,34.992,17.349
Black pepper,2015,Whole Year ,Goa,6.664409020350408,258,2587.1,11.72516603420315,5.558332720638098,0.325,25.287,34.992,17.349
Groundnut,2015,Kharif     ,Goa,5.8916442118257715,736,2587.1,10.950920750821478,4.788574489733284,2.04,25.287,34.992,17.349
Groundnut,2015,Rabi       ,Goa,7.338238150065589,3298,2587.1,12.399617114191594,6.230894747984872,2.15,25.287,34.992,17.349
Other  Rabi pulses,2015,Rabi       ,Goa,8.851377097519439,5882,2587.1,13.913260060201043,7.743005138515446,0.835,25.287,34.992,17.349
Other Kharif pulses,2015,Kharif     ,Goa,5.147494476813453,128,2587.1,10.203725839752627,4.0505668148762055,0.735,25.287,34.992,17.349
Rice,2015,Rabi       ,Goa,9.51892740510786,36579,2587.1,14.580879669648759,8.410413891982753,2.76,25.287,34.992,17.349
Bajra,2015,Summer     ,Karnataka,8.079308192051961,3579,1024.9,13.141025472187561,6.97127453084122,1.084,25.763,35.826,16.467
Castor seed,2015,Kharif     ,Karnataka,9.142917695658749,4911,1024.9,14.204836643174671,8.034472238721678,0.514,25.763,35.826,16.467
Coriander,2015,Whole Year ,Karnataka,8.410720946905721,1927,1024.9,13.472525112373072,7.302509900725459,0.389,25.763,35.826,16.467
Cotton(lint),2015,Summer     ,Karnataka,7.00850518208228,2341,1024.9,12.069631595383369,5.90167659171696,2.101,25.763,35.826,16.467
Cowpea(Lobia),2015,Rabi       ,Karnataka,9.285355075781629,4779,1024.9,14.347288136531773,8.176880790794588,0.449,25.763,35.826,16.467
Cowpea(Lobia),2015,Summer     ,Karnataka,8.991811158212718,2412,1024.9,14.053712764457014,7.883401121301708,0.299,25.763,35.826,16.467
Dry chillies,2015,Rabi       ,Karnataka,8.954802752850968,15656,1024.9,14.016699697193046,7.846402237685228,2.113,25.763,35.826,16.467
Dry chillies,2015,Summer     ,Karnataka,8.656607247198915,10529,1024.9,13.718459610903412,7.5482977793481245,1.893,25.763,35.826,16.467
Garlic,2015,Whole Year ,Karnataka,8.447199819595703,6276,1024.9,13.509011905511853,7.338972600706801,1.339,25.763,35.826,16.467
Groundnut,2015,Rabi       ,Karnataka,8.20166019080868,6850,1024.9,13.2634129426112,7.093554116355636,1.88,25.763,35.826,16.467
Jowar,2015,Summer     ,Karnataka,8.556798446008598,10281,1024.9,13.618632661847725,7.4485260381204075,1.904,25.763,35.826,16.467
Linseed,2015,Rabi       ,Karnataka,8.509564164251746,600,1024.9,13.571389139279727,7.401310626343139,0.109,25.763,35.826,16.467
Mesta,2015,Whole Year ,Karnataka,6.642486801367256,1024,1024.9,11.703215687444983,5.536467749968769,1.335,25.763,35.826,16.467
Moong(Green Gram),2015,Rabi       ,Karnataka,8.511778558714738,1504,1024.9,13.573603976785167,7.403524116113899,0.293,25.763,35.826,16.467
Moong(Green Gram),2015,Summer     ,Karnataka,7.986164860332727,929,1024.9,13.047852071614837,6.878192576732988,0.285,25.763,35.826,16.467
Niger seed,2015,Kharif     ,Karnataka,8.88599431515281,1853,1024.9,13.947882119494674,7.777612467673025,0.261,25.763,35.826,16.467
Other  Rabi pulses,2015,Rabi       ,Karnataka,9.355479137642421,7316,1024.9,14.417418441919589,8.24699209907386,0.624,25.763,35.826,16.467
Ragi,2015,Summer     ,Karnataka,8.861350110795998,12058,1024.9,13.923234485562576,7.752975267802946,1.742,25.763,35.826,16.467
Rapeseed &Mustard,2015,Kharif     ,Karnataka,7.381501894506707,350,1024.9,12.44290823165555,6.2741026702078315,0.189,25.763,35.826,16.467
Sannhamp,2015,Whole Year ,Karnataka,4.736198448394496,27,1024.9,9.789469109400878,3.6451887654892032,0.233,25.763,35.826,16.467
Sunflower,2015,Summer     ,Karnataka,9.266153436795395,8866,1024.9,14.328084710163058,8.157682802829585,0.896,25.763,35.826,16.467
Urad,2015,Rabi       ,Karnataka,8.564267598802166,2036,1024.9,13.626103236327484,7.455992287746274,0.362,25.763,35.826,16.467
Urad,2015,Summer     ,Karnataka,8.271804031154709,1979,1024.9,13.333575244440418,7.163660265619642,0.485,25.763,35.826,16.467
Arhar/Tur,2015,Whole Year ,Kerala,7.266827347520591,1845,2602.9,12.32815845540688,6.159581528234976,1.193,25.462,32.538,19.733
Cotton(lint),2015,Kharif     ,Kerala,4.700480365792417,196,2602.9,9.753431229379412,3.6101067729485403,1.8,25.462,32.538,19.733
Ginger,2015,Whole Year ,Kerala,8.514591810757667,22044,2602.9,13.57641779014592,7.406336039467681,3.549,25.462,32.538,19.733
Groundnut,2015,Whole Year ,Kerala,6.1092475827643655,619,2602.9,11.169062242177404,5.005086595165839,1.38,25.462,32.538,19.733
Jowar,2015,Whole Year ,Kerala,5.187385805840755,132,2602.9,10.243844377223013,4.090001812787964,0.74,25.462,32.538,19.733
Maize,2015,Whole Year ,Kerala,4.0943445622221,74,2602.9,9.139670022881486,3.018960399673198,1.73,25.462,32.538,19.733
Onion,2015,Whole Year ,Kerala,3.332204510175204,0,2602.9,8.358096634209979,2.2935443483418965,0.0,25.462,32.538,19.733
Other Kharif pulses,2015,Kharif     ,Kerala,7.755338812846501,2420,2602.9,12.81693823690743,6.647545691529998,1.028,25.462,32.538,19.733
Ragi,2015,Whole Year ,Kerala,4.174387269895637,76,2602.9,9.221007277711402,3.096482176654134,1.405,25.462,32.538,19.733
Sesamum,2015,Whole Year ,Kerala,5.236441962829949,46,2602.9,10.29316773157883,4.138520924554929,0.281,25.462,32.538,19.733
Small millets,2015,Whole Year ,Kerala,2.70805020110221,10,2602.9,7.7015348150466165,1.7263316639055997,0.71,25.462,32.538,19.733
Soyabean,2015,Whole Year ,Kerala,0.6931471805599453,1,2602.9,5.068338004224545,0.2851789422336624,1.0,25.462,32.538,19.733
Tobacco,2015,Whole Year ,Kerala,2.302585092994046,15,2602.9,7.259953216064832,1.3787660946990992,1.67,25.462,32.538,19.733
Turmeric,2015,Whole Year ,Kerala,7.864761759732678,7112,2602.9,12.92640532884618,6.7568788994449065,2.629,25.462,32.538,19.733
Wheat,2015,Whole Year ,Kerala,1.0986122886681098,3,2602.9,5.758333789260704,0.5068176023684519,1.5,25.462,32.538,19.733
Arecanut,2015,Whole Year ,Tamil Nadu,8.837100411162755,11829,1201.9,13.89898132772838,7.728732631046848,1.597,27.46,36.548,19.855
Black pepper,2015,Whole Year ,Tamil Nadu,8.37793112408273,974,1201.9,13.439727919207844,7.269735127002403,0.173,27.46,36.548,19.855
Cardamom,2015,Whole Year ,Tamil Nadu,8.290041618704489,307,1201.9,13.35181742359646,7.181888478588087,0.654,27.46,36.548,19.855
Castor seed,2015,Kharif     ,Tamil Nadu,8.611775833902186,1763,1201.9,13.673620269767142,7.503482555834499,0.325,27.46,36.548,19.855
Coriander,2015,Whole Year ,Tamil Nadu,9.313348122050412,6569,1201.9,14.37528372780023,8.204868638450785,0.597,27.46,36.548,19.855
Gram,2015,Rabi       ,Tamil Nadu,8.492285555710053,3176,1201.9,13.554107039832187,7.384039146185023,0.6,27.46,36.548,19.855
Horse-gram,2015,Kharif     ,Tamil Nadu,9.349493433368758,6908,1201.9,14.411432221632328,8.24100744886448,0.623,27.46,36.548,19.855
Rapeseed &Mustard,2015,Rabi       ,Tamil Nadu,5.863631175598097,83,1201.9,10.92282951572232,4.760719886729057,0.186,27.46,36.548,19.855
Small millets,2015,Rabi       ,Tamil Nadu,6.63200177739563,1200,1201.9,11.692716990599441,5.526010552560818,1.559,27.46,36.548,19.855
Sunflower,2015,Kharif     ,Tamil Nadu,7.579678823090456,2768,1201.9,12.64119645380254,6.472052588313182,1.39,27.46,36.548,19.855
Sunflower,2015,Rabi       ,Tamil Nadu,8.752897524775305,6014,1201.9,13.814765760671618,7.6445556424634855,1.043,27.46,36.548,19.855
Tobacco,2015,Whole Year ,Tamil Nadu,8.116417072794205,5161,1201.9,13.178145573579908,7.008360506156102,1.505,27.46,36.548,19.855
Arhar/Tur,2016,Rabi       ,Andhra Pradesh,8.78813593986372,3818,890.0,13.820054966480518,7.738597049023809,0.482,28.306,38.635,20.245
Bajra,2016,Rabi       ,Andhra Pradesh,8.047189562170502,4355,890.0,13.078942174533474,6.997961546868286,1.827,28.306,38.635,20.245
Castor seed,2016,Rabi       ,Andhra Pradesh,6.269096283706261,274,890.0,11.299283505226912,5.222785303935599,0.52,28.306,38.635,20.245
Coriander,2016,Kharif     ,Andhra Pradesh,2.1972245773362196,1,890.0,7.112327444710911,1.33500106673234,0.13,28.306,38.635,20.245
Coriander,2016,Rabi       ,Andhra Pradesh,8.3654396361887,2368,890.0,13.397278928508372,7.316049714100461,0.537,28.306,38.635,20.245
Cotton(lint),2016,Rabi       ,Andhra Pradesh,8.998754769495703,19547,890.0,14.030702579490864,7.949162093879467,2.201,28.306,38.635,20.245
Cowpea(Lobia),2016,Kharif     ,Andhra Pradesh,8.237743803890933,1966,890.0,13.269551589694464,7.188412736496954,0.491,28.306,38.635,20.245
Cowpea(Lobia),2016,Rabi       ,Andhra Pradesh,8.525161361065415,3379,890.0,13.557034798452516,7.47570764942001,0.585,28.306,38.635,20.245
Ginger,2016,Kharif     ,Andhra Pradesh,5.655991810819852,752,890.0,10.6845826505614,4.612642200826793,2.288,28.306,38.635,20.245
Ginger,2016,Rabi       ,Andhra Pradesh,1.6094379124341003,11,890.0,6.419994928147142,0.8754687373538999,2.75,28.306,38.635,20.245
Gram,2016,Kharif     ,Andhra Pradesh,1.791759469228055,2,890.0,6.642812693499845,1.0116009116784799,0.4,28.306,38.635,20.245
Guar seed,2016,Rabi       ,Andhra Pradesh,3.7612001156935624,80,890.0,8.769895544971991,2.7536607123542622,1.9,28.306,38.635,20.245
Horse-gram,2016,Kharif     ,Andhra Pradesh,7.252762418053187,182,890.0,12.28412915124064,6.204254686342701,0.155,28.306,38.635,20.245
Horse-gram,2016,Rabi       ,Andhra Pradesh,9.343646739284408,5666,890.0,14.375630361719525,8.293987138148822,0.462,28.306,38.635,20.245
Jowar,2016,Kharif     ,Andhra Pradesh,9.565283817736766,20475,890.0,14.597284726378156,8.515591910049263,1.294,28.306,38.635,20.245
Linseed,2016,Kharif     ,Andhra Pradesh,5.393627546352362,106,890.0,10.42117210001305,4.3522115495946965,0.48,28.306,38.635,20.245
Niger seed,2016,Rabi       ,Andhra Pradesh,8.65084957622891,2230,890.0,13.682746299588445,7.601352358322448,0.445,28.306,38.635,20.245
Other  Rabi pulses,2016,Rabi       ,Andhra Pradesh,8.81640849968169,8229,890.0,13.848331751262949,7.766861714328448,0.96,28.306,38.635,20.245
Other Kharif pulses,2016,Kharif     ,Andhra Pradesh,8.222016437202196,2414,890.0,13.253820056798999,7.172693151953324,0.678,28.306,38.635,20.245
Ragi,2016,Rabi       ,Andhra Pradesh,8.548691858475609,8895,890.0,13.580569880895503,7.49922958063078,1.78,28.306,38.635,20.245
Rapeseed &Mustard,2016,Kharif     ,Andhra Pradesh,1.9459101490553132,3,890.0,6.824917000673133,1.1314021114911006,0.5,28.306,38.635,20.245
Rapeseed &Mustard,2016,Rabi       ,Andhra Pradesh,8.529319371214077,2086,890.0,13.561193626679112,7.4798641311650265,0.348,28.306,38.635,20.245
Safflower,2016,Kharif     ,Andhra Pradesh,1.6094379124341003,3,890.0,6.419994928147142,0.8754687373538999,0.75,28.306,38.635,20.245
Safflower,2016,Rabi       ,Andhra Pradesh,4.836281906951478,79,890.0,9.86043651303998,3.8010914447208646,0.66,28.306,38.635,20.245
Small millets,2016,Rabi       ,Andhra Pradesh,8.801469470733185,6934,890.0,13.833390504760995,7.7519268289782675,0.78,28.306,38.635,20.245
Soyabean,2016,Kharif     ,Andhra Pradesh,7.359467638255621,1448,890.0,12.390905629382829,6.310826956162734,1.018,28.306,38.635,20.245
Soyabean,2016,Rabi       ,Andhra Pradesh,0.6931471805599453,1,890.0,5.038574662785497,0.3001045924503381,1.0,28.306,38.635,20.245
Sunflower,2016,Kharif     ,Andhra Pradesh,9.050992878742049,5950,890.0,14.08294693748079,8.001388526103083,0.862,28.306,38.635,20.245
Sunflower,2016,Rabi       ,Andhra Pradesh,9.441690159837492,15317,890.0,14.473681903115798,8.392015381688008,0.911,28.306,38.635,20.245
Wheat,2016,Rabi       ,Andhra Pradesh,3.5263605246161616,76,890.0,8.528775852659304,2.529720665577793,2.155,28.306,38.635,20.245
other oilseeds,2016,Kharif     ,Andhra Pradesh,4.9344739331306915,153,890.0,9.95937154353304,3.8979240810486444,1.228,28.306,38.635,20.245
Arhar/Tur,2016,Kharif     ,Assam,8.652073673610056,4910,2296.8,13.683970609668972,7.602576058294091,0.846,24.921,33.347,17.366
Black pepper,2016,Whole Year ,Assam,8.124743020385568,7069,2296.8,13.156519363375526,7.07547068338673,1.996,24.921,33.347,17.366
Castor seed,2016,Kharif     ,Assam,6.61338421837956,346,2296.8,11.644120380155954,5.566051801190121,0.624,24.921,33.347,17.366
Cotton(lint),2016,Kharif     ,Assam,6.78332520060396,427,2296.8,11.814270029078603,5.735604086979157,0.567,24.921,33.347,17.366
Gram,2016,Rabi       ,Assam,7.795646536334594,1582,2296.8,12.82730819022307,6.746588376260579,0.606,24.921,33.347,17.366
Linseed,2016,Rabi       ,Assam,8.511376306094673,3023,2296.8,13.543247006840838,7.461927707251494,0.603,24.921,33.347,17.366
Moong(Green Gram),2016,Rabi       ,Assam,9.280332743796217,7435,2296.8,14.312310682646947,8.230683764480208,0.652,24.921,33.347,17.366
Niger seed,2016,Kharif     ,Assam,8.695506726812653,3315,2296.8,13.727411043713424,7.645995320912983,0.558,24.921,33.347,17.366
Sesamum,2016,Kharif     ,Assam,9.382190628902842,8390,2296.8,14.414177539190792,8.332524883153814,0.643,24.921,33.347,17.366
Small millets,2016,Kharif     ,Assam,8.465899897028686,2927,2296.8,13.49776129739808,7.4164686735618535,0.625,24.921,33.347,17.366
Tobacco,2016,Whole Year ,Assam,5.429345628954441,115,2296.8,10.45704933763559,4.387635873438392,0.652,24.921,33.347,17.366
Bajra,2016,Summer     ,Karnataka,7.591357046698551,2145,1147.2,12.6229259940982,6.542471960506805,1.077,26.066,36.493,17.063
Castor seed,2016,Kharif     ,Karnataka,9.161990111035136,4722,1147.2,14.193956411448392,8.112362881780882,0.506,26.066,36.493,17.063
Coriander,2016,Whole Year ,Karnataka,7.483806687665835,770,1147.2,12.515318660897767,6.435027943814805,0.391,26.066,36.493,17.063
Cowpea(Lobia),2016,Rabi       ,Karnataka,8.340933226000878,100,1147.2,13.372766779715958,7.291554024117233,0.018,26.066,36.493,17.063
Cowpea(Lobia),2016,Summer     ,Karnataka,8.54849804124465,949,1147.2,13.580376026337362,7.499035833138512,0.182,26.066,36.493,17.063
Dry chillies,2016,Rabi       ,Karnataka,9.103089181229207,19936,1147.2,14.13504915494843,8.053473775077519,2.156,26.066,36.493,17.063
Dry chillies,2016,Summer     ,Karnataka,8.404919948933452,10308,1147.2,13.4367681954532,7.3555132992805525,2.288,26.066,36.493,17.063
Garlic,2016,Whole Year ,Karnataka,8.784927626058323,5420,1147.2,13.816846165643119,7.735389645250835,1.007,26.066,36.493,17.063
Groundnut,2016,Rabi       ,Karnataka,8.104703468371108,7482,1147.2,13.136473854717096,7.0554422568809025,2.26,26.066,36.493,17.063
Jowar,2016,Summer     ,Karnataka,7.951207156472972,3887,1147.2,12.982927731788592,6.902038971986028,1.376,26.066,36.493,17.063
Linseed,2016,Rabi       ,Karnataka,7.956827122090111,155,1147.2,12.988549659215408,6.907655273981804,0.079,26.066,36.493,17.063
Mesta,2016,Whole Year ,Karnataka,4.663439094112067,107,1147.2,9.6860930686189,3.6309854756950335,1.04,26.066,36.493,17.063
Moong(Green Gram),2016,Rabi       ,Karnataka,8.283999304248526,354,1147.2,13.315818970136673,7.234646045284198,0.077,26.066,36.493,17.063
Moong(Green Gram),2016,Summer     ,Karnataka,6.520621127558696,188,1147.2,11.551227487025272,5.473530384104697,0.268,26.066,36.493,17.063
Niger seed,2016,Kharif     ,Karnataka,8.628555659269699,1045,1147.2,13.660448462924323,7.579065764932908,0.184,26.066,36.493,17.063
Other  Rabi pulses,2016,Rabi       ,Karnataka,7.903596289614301,513,1147.2,12.93529979495785,6.854459981923913,0.081,26.066,36.493,17.063
Ragi,2016,Summer     ,Karnataka,8.721602344674197,11093,1147.2,13.753510944404804,7.672082936474446,1.895,26.066,36.493,17.063
Rapeseed &Mustard,2016,Kharif     ,Karnataka,8.428143374582726,840,1147.2,13.459996725389054,7.378727189292421,0.196,26.066,36.493,17.063
Sannhamp,2016,Whole Year ,Karnataka,4.060443010546419,13,1147.2,9.075236314791338,3.0421386463681466,0.072,26.066,36.493,17.063
Sunflower,2016,Summer     ,Karnataka,8.236420527265391,1638,1147.2,13.268227965050396,7.187090109946089,0.713,26.066,36.493,17.063
Urad,2016,Rabi       ,Karnataka,8.107418811719974,1605,1147.2,13.139190012196929,7.058156079649662,0.448,26.066,36.493,17.063
Urad,2016,Summer     ,Karnataka,7.704811922932594,1205,1147.2,12.736434684690511,6.655826376236174,0.526,26.066,36.493,17.063
Arecanut,2016,Whole Year ,Tamil Nadu,8.86488793377419,12708,912.4,13.896818157632223,7.815328120236569,1.477,28.28,38.782,20.065
Black pepper,2016,Whole Year ,Tamil Nadu,8.498825534058053,1075,912.4,13.530693710166508,7.44938165190084,0.151,28.28,38.782,20.065
Cardamom,2016,Whole Year ,Tamil Nadu,8.269500767180615,353,912.4,13.301316768290517,7.220154353970755,0.064,28.28,38.782,20.065
Castor seed,2016,Kharif     ,Tamil Nadu,8.456593569287309,1470,912.4,13.488453013718045,7.407165999932829,0.294,28.28,38.782,20.065
Coriander,2016,Whole Year ,Tamil Nadu,9.118334726180159,1470,912.4,14.150296373376271,8.068716192714781,0.193,28.28,38.782,20.065
Gram,2016,Rabi       ,Tamil Nadu,8.561784074744113,3393,912.4,13.59366460190908,7.512317117245958,0.58,28.28,38.782,20.065
Horse-gram,2016,Kharif     ,Tamil Nadu,8.230044310126114,1175,912.4,13.261850064508927,7.180717037277208,0.394,28.28,38.782,20.065
Other Cereals,2016,Kharif     ,Tamil Nadu,7.344719054149673,210,912.4,12.376147643406012,6.2960959152684595,0.1,28.28,38.782,20.065
Other Cereals,2016,Rabi       ,Tamil Nadu,8.309184527686298,54,912.4,13.34101043462398,7.259819610363186,0.095,28.28,38.782,20.065
Ragi,2016,Rabi       ,Tamil Nadu,9.117457244496126,28459,912.4,14.149418796063086,8.067838889738347,3.051,28.28,38.782,20.065
Rapeseed &Mustard,2016,Rabi       ,Tamil Nadu,5.298317366548036,46,912.4,10.325408189382523,4.257738109130536,0.186,28.28,38.782,20.065
Sesamum,2016,Kharif     ,Tamil Nadu,9.268043082104471,4178,912.4,14.300019875412389,8.218396243625834,0.39,28.28,38.782,20.065
Small millets,2016,Rabi       ,Tamil Nadu,5.860786223465865,249,912.4,10.890022372798793,4.816241156068032,0.753,28.28,38.782,20.065
Sunflower,2016,Kharif     ,Tamil Nadu,7.580699752224563,1675,912.4,12.612263323682052,6.531824700976291,0.839,28.28,38.782,20.065
Sunflower,2016,Rabi       ,Tamil Nadu,8.610501368549889,1244,912.4,13.64239093323108,7.561017525843168,0.299,28.28,38.782,20.065
Tobacco,2016,Whole Year ,Tamil Nadu,7.495541943884256,2744,912.4,12.527060435933972,6.446751033533202,1.547,28.28,38.782,20.065
Arhar/Tur,2017,Rabi       ,Andhra Pradesh,8.330622620332868,3394,868.2,13.389427533902435,7.3634317630818265,0.55,28.302,38.051,20.526
Bajra,2017,Rabi       ,Andhra Pradesh,8.515391569469609,10252,868.2,13.574236894919643,7.5481343940034265,1.833,28.302,38.051,20.526
Castor seed,2017,Rabi       ,Andhra Pradesh,6.810142450115136,723,868.2,11.86809074994709,5.84435568206977,0.856,28.302,38.051,20.526
Coriander,2017,Rabi       ,Andhra Pradesh,7.85748078694253,1637,868.2,12.916140756263019,6.890527733315511,0.639,28.302,38.051,20.526
Cotton(lint),2017,Rabi       ,Andhra Pradesh,7.6487397889562425,4116,868.2,12.707310493112109,6.6819331434621665,2.116,28.302,38.051,20.526
Cowpea(Lobia),2017,Kharif     ,Andhra Pradesh,8.3670677328386,3081,868.2,13.425881219566143,7.399862807134799,0.691,28.302,38.051,20.526
Cowpea(Lobia),2017,Rabi       ,Andhra Pradesh,9.155989777226102,7053,868.2,14.214929290194087,8.188578007159794,0.574,28.302,38.051,20.526
Ginger,2017,Kharif     ,Andhra Pradesh,5.945420608606575,309,868.2,11.001860479226112,4.982098635954067,0.995,28.302,38.051,20.526
Gram,2017,Kharif     ,Andhra Pradesh,0.6931471805599453,0,868.2,5.065375972753716,0.3220834991691133,0.0,28.302,38.051,20.526
Linseed,2017,Kharif     ,Andhra Pradesh,5.41610040220442,108,868.2,10.470718840230262,4.4557416724961625,0.49,28.302,38.051,20.526
Niger seed,2017,Rabi       ,Andhra Pradesh,8.64135583403666,2339,868.2,13.700224726695952,7.674059980159809,0.49,28.302,38.051,20.526
Other  Rabi pulses,2017,Rabi       ,Andhra Pradesh,9.210840247017833,12174,868.2,14.26978536020989,8.243419283817182,0.94,28.302,38.051,20.526
Other Kharif pulses,2017,Kharif     ,Andhra Pradesh,7.844632644464681,1642,868.2,12.903287641299972,6.877687747359742,0.905,28.302,38.051,20.526
Ragi,2017,Rabi       ,Andhra Pradesh,8.963288275610298,13861,868.2,14.02220548940572,7.995913109746388,1.897,28.302,38.051,20.526
Rapeseed &Mustard,2017,Rabi       ,Andhra Pradesh,8.006700845440367,1373,868.2,13.065414118160621,7.039660349862076,0.414,28.302,38.051,20.526
Safflower,2017,Rabi       ,Andhra Pradesh,3.044522437723423,13,868.2,8.05509423774048,2.151762203259462,0.65,28.302,38.051,20.526
Sesamum,2017,Kharif     ,Andhra Pradesh,9.507329003748263,2960,868.2,14.566299601039578,8.539866205013176,0.222,28.302,38.051,20.526
Small millets,2017,Rabi       ,Andhra Pradesh,8.07775756373692,1382,868.2,13.136493554575457,7.110679796314936,0.73,28.302,38.051,20.526
Soyabean,2017,Kharif     ,Andhra Pradesh,5.924255797414532,705,868.2,10.980639881290754,4.961024793542921,1.74,28.302,38.051,20.526
Soyabean,2017,Rabi       ,Andhra Pradesh,1.0986122886681098,4,868.2,5.755362394629381,0.5653138090500605,2.0,28.302,38.051,20.526
Sunflower,2017,Kharif     ,Andhra Pradesh,8.021584533455107,2249,868.2,13.080302699365639,7.054536010190332,0.924,28.302,38.051,20.526
Sunflower,2017,Rabi       ,Andhra Pradesh,8.716371865276615,9421,868.2,13.775253445534752,7.7490551875657045,1.083,28.302,38.051,20.526
Wheat,2017,Kharif     ,Andhra Pradesh,2.4849066497880004,8,868.2,7.457516960006148,1.6448050562713916,0.85,28.302,38.051,20.526
Wheat,2017,Rabi       ,Andhra Pradesh,3.6635616461296463,27,868.2,8.69679772711571,2.73696154459663,0.717,28.302,38.051,20.526
Arhar/Tur,2017,Kharif     ,Assam,8.632305998516742,4672,2098.564,13.691173295210643,7.66501276400798,0.821,24.53,32.674,16.947
Black pepper,2017,Whole Year ,Assam,8.148734808937169,7622,2098.564,13.207491936337284,7.18162236240019,2.113,24.53,32.674,16.947
Castor seed,2017,Kharif     ,Assam,6.63200177739563,357,2098.564,11.689736198365054,5.666565086839385,0.6,24.53,32.674,16.947
Cotton(lint),2017,Kharif     ,Assam,6.648984550024776,378,2098.564,11.70674104499938,5.683511737813841,0.603,24.53,32.674,16.947
Gram,2017,Rabi       ,Assam,7.729295674310482,1562,2098.564,12.787903051532703,6.762428883714565,0.617,24.53,32.674,16.947
Linseed,2017,Rabi       ,Assam,8.518192691749322,3065,2098.564,13.577038574199696,7.550934602164159,0.556,24.53,32.674,16.947
Moong(Green Gram),2017,Rabi       ,Assam,9.34233308143468,8046,2098.564,14.401290432831777,8.374892027946128,0.659,24.53,32.674,16.947
Niger seed,2017,Kharif     ,Assam,8.69433468816865,3368,2098.564,13.753212639467472,7.727023966647838,0.546,24.53,32.674,16.947
Sesamum,2017,Kharif     ,Assam,9.41041998369184,8344,2098.564,14.469383067115217,8.442969520261952,0.638,24.53,32.674,16.947
Small millets,2017,Kharif     ,Assam,8.562931083090092,3058,2098.564,13.621785653439224,7.595658735219029,0.61,24.53,32.674,16.947
Tobacco,2017,Whole Year ,Assam,5.003946305945459,68,2098.564,10.056299622539179,4.0472529546882505,0.628,24.53,32.674,16.947
Arecanut,2017,Whole Year ,Goa,7.515889085215125,3299,2772.5,12.574392463969689,6.549192840560192,1.92,25.288,34.872,17.7
Black pepper,2017,Whole Year ,Goa,6.678342114654332,324,2772.5,11.73613589404807,5.712808285863513,0.41,25.288,34.872,17.7
Groundnut,2017,Kharif     ,Goa,5.638354669333745,651,2772.5,10.693856720594535,4.676560182074764,2.33,25.288,34.872,17.7
Groundnut,2017,Rabi       ,Goa,7.1372784372603855,2819,2772.5,12.195532694885415,6.170990533266469,2.24,25.288,34.872,17.7
Other  Rabi pulses,2017,Rabi       ,Goa,8.584103896698863,4635,2772.5,13.642962445092788,7.616825020085898,0.84,25.288,34.872,17.7
Other Kharif pulses,2017,Kharif     ,Goa,5.278114659230517,187,2772.5,10.332076563778328,4.318820558770089,0.775,25.288,34.872,17.7
Rice,2017,Rabi       ,Goa,9.33273498018979,31718,2772.5,14.391691491704997,8.365295305475573,2.855,25.288,34.872,17.7
Sweet potato,2017,Whole Year ,Goa,4.02535169073515,116,2772.5,9.066493095978025,3.086486636822455,2.41,25.288,34.872,17.7
other oilseeds,2017,Whole Year ,Goa,6.7357800142423265,1690,2772.5,11.79364364571688,5.770131855197735,2.08,25.288,34.872,17.7
Bajra,2017,Summer     ,Karnataka,8.54907938027856,5313,1111.7,13.60793130214868,7.581811379036432,1.113,25.682,35.969,16.843
Castor seed,2017,Kharif     ,Karnataka,8.871505346165781,4585,1111.7,13.93041032989668,7.904150255097954,0.645,25.682,35.969,16.843
Coriander,2017,Whole Year ,Karnataka,6.934397209928558,379,1111.7,11.992473649684127,5.96840060750943,0.365,25.682,35.969,16.843
Cowpea(Lobia),2017,Rabi       ,Karnataka,9.056139690898883,3516,1111.7,14.115068186042054,8.088746006916148,0.414,25.682,35.969,16.843
Cowpea(Lobia),2017,Summer     ,Karnataka,8.405591014834934,1333,1111.7,13.464413230164519,7.4383717652692205,0.273,25.682,35.969,16.843
Dry chillies,2017,Rabi       ,Karnataka,9.242710752006634,21421,1111.7,14.301658980821133,8.27528467424895,2.048,25.682,35.969,16.843
Dry chillies,2017,Summer     ,Karnataka,8.876963340262272,14241,1111.7,13.935869083087448,7.909607003213122,2.047,25.682,35.969,16.843
Garlic,2017,Whole Year ,Karnataka,8.6278397115033,4901,1111.7,13.686706215214347,7.660547778468523,1.069,25.682,35.969,16.843
Groundnut,2017,Rabi       ,Karnataka,8.126222529458525,7601,1111.7,13.184973114633554,7.159120817068026,2.245,25.682,35.969,16.843
Jowar,2017,Summer     ,Karnataka,7.622174594817622,4238,1111.7,12.68073254251638,6.655388868991024,2.093,25.682,35.969,16.843
Linseed,2017,Rabi       ,Karnataka,7.738488122494646,792,1111.7,12.79709949978891,6.771614771289501,0.367,25.682,35.969,16.843
Mesta,2017,Whole Year ,Karnataka,2.302585092994046,0,1111.7,7.2569744979494875,1.4861396960896067,0.0,25.682,35.969,16.843
Moong(Green Gram),2017,Rabi       ,Karnataka,8.3243363327069,687,1111.7,13.383139735661947,7.357147954323748,0.186,25.682,35.969,16.843
Moong(Green Gram),2017,Summer     ,Karnataka,6.612041034833092,205,1111.7,11.669749026606988,5.646647589951205,0.283,25.682,35.969,16.843
Niger seed,2017,Kharif     ,Karnataka,8.399535147948004,960,1111.7,13.458356013321222,7.432318113717221,0.207,25.682,35.969,16.843
Other  Rabi pulses,2017,Rabi       ,Karnataka,9.248021438943871,7599,1111.7,14.30697017734043,8.28059452466025,0.701,25.682,35.969,16.843
Ragi,2017,Summer     ,Karnataka,8.974997713204976,13734,1111.7,14.033916408074756,8.007620116217005,1.791,25.682,35.969,16.843
Rapeseed &Mustard,2017,Kharif     ,Karnataka,7.75833346749091,390,1111.7,12.816953356022099,6.791446156581754,0.153,25.682,35.969,16.843
Sannhamp,2017,Whole Year ,Karnataka,5.855071922202427,87,1111.7,10.911265164710754,4.892152013325479,0.21,25.682,35.969,16.843
Sunflower,2017,Summer     ,Karnataka,8.297792626380861,4831,1111.7,13.356589545027191,7.330614888419055,1.318,25.682,35.969,16.843
Urad,2017,Rabi       ,Karnataka,8.064636475774222,1418,1111.7,13.123368392207722,7.097565393075153,0.482,25.682,35.969,16.843
Urad,2017,Summer     ,Karnataka,6.900730664045173,523,1111.7,11.958773943417125,5.9347883699144255,0.489,25.682,35.969,16.843
Arhar/Tur,2017,Whole Year ,Kerala,5.337538079701318,323,2664.8,10.391793910282216,4.377767577753498,1.56,25.412,32.546,19.86
Cotton(lint),2017,Whole Year ,Kerala,4.442651256490317,132,2664.8,9.489936843884049,3.494080375808869,1.57,25.412,32.546,19.86
Ginger,2017,Whole Year ,Kerala,8.382747094863314,18979,2664.8,13.441564174853854,7.415536272561902,3.753,25.412,32.546,19.86
Groundnut,2017,Whole Year ,Kerala,5.616771097666572,382,2664.8,10.672195720540183,4.655102554736301,1.39,25.412,32.546,19.86
Jowar,2017,Whole Year ,Kerala,5.1647859739235145,139,2664.8,10.218136235450027,4.206482062158951,0.8,25.412,32.546,19.86
Maize,2017,Whole Year ,Kerala,4.271932711876808,160,2664.8,9.317013925222737,3.326868872371394,1.178,25.412,32.546,19.86
Onion,2017,Whole Year ,Kerala,2.302585092994046,0,2664.8,7.2569744979494875,1.4861396960896067,0.0,25.412,32.546,19.86
Other Kharif pulses,2017,Kharif     ,Kerala,7.487733761436444,1614,2664.8,12.546221685845255,6.521062856197256,1.018,25.412,32.546,19.86
Ragi,2017,Whole Year ,Kerala,4.471638793363569,110,2664.8,9.519262273748485,3.5225296668296804,1.36,25.412,32.546,19.86
Sesamum,2017,Whole Year ,Kerala,5.48107216281355,90,2664.8,10.535969607334366,4.520265678897648,0.924,25.412,32.546,19.86
Small millets,2017,Whole Year ,Kerala,3.1990811975400213,17,2664.8,8.216740318323236,2.2959632166851587,0.72,25.412,32.546,19.86
Tobacco,2017,Whole Year ,Kerala,2.3978952727983707,16,2664.8,7.362264487269224,1.5686159179138452,1.6,25.412,32.546,19.86
Turmeric,2017,Whole Year ,Kerala,7.929846429742503,8822,2664.8,12.988533243018072,6.962849341291709,3.021,25.412,32.546,19.86
Wheat,2017,Whole Year ,Kerala,0.6931471805599453,1,2664.8,5.065375972753716,0.3220834991691133,1.0,25.412,32.546,19.86
Arecanut,2017,Whole Year ,Tamil Nadu,8.815963560853438,14926,970.9,13.8748605795876,7.848621543422333,2.313,27.852,37.246,20.294
Black pepper,2017,Whole Year ,Tamil Nadu,8.569026340056254,1149,970.9,13.627882064258,7.60175209849666,0.163,27.852,37.246,20.294
Cardamom,2017,Whole Year ,Tamil Nadu,8.262816937670928,351,970.9,13.321605045019659,7.295653658309029,0.081,27.852,37.246,20.294
Castor seed,2017,Kharif     ,Tamil Nadu,8.383661798791715,1419,970.9,13.442479086671751,7.416450635338859,0.375,27.852,37.246,20.294
Coriander,2017,Whole Year ,Tamil Nadu,8.994296557777195,4112,970.9,14.053217656136242,8.026915015537908,0.565,27.852,37.246,20.294
Gram,2017,Rabi       ,Tamil Nadu,8.55756708555451,4820,970.9,13.61642063464545,7.590296413754858,0.947,27.852,37.246,20.294
Horse-gram,2017,Kharif     ,Tamil Nadu,9.072571442231286,6273,970.9,14.131501826982822,8.10517465643823,0.77,27.852,37.246,20.294
Other  Rabi pulses,2017,Rabi       ,Tamil Nadu,9.23366619727968,6758,970.9,14.292613551978135,8.266241554461457,0.66,27.852,37.246,20.294
Other Cereals,2017,Kharif     ,Tamil Nadu,8.063062911326792,3861,970.9,13.121794335530707,7.095992636205396,0.741,27.852,37.246,20.294
Other Cereals,2017,Rabi       ,Tamil Nadu,8.117610746466228,4442,970.9,13.176358789780618,7.150513204579922,1.092,27.852,37.246,20.294
Rapeseed &Mustard,2017,Rabi       ,Tamil Nadu,5.680172609017068,67,970.9,10.735819987479543,4.718141664647253,0.08,27.852,37.246,20.294
Sesamum,2017,Kharif     ,Tamil Nadu,9.493863809279105,5665,970.9,14.552833405592894,8.526402653834744,0.408,27.852,37.246,20.294
Small millets,2017,Rabi       ,Tamil Nadu,6.375024819828097,723,970.9,11.432375061774461,5.410216459045445,1.234,27.852,37.246,20.294
Sunflower,2017,Kharif     ,Tamil Nadu,6.297109319933935,1057,970.9,11.354322153542112,5.332525537877774,1.973,27.852,37.246,20.294
Sunflower,2017,Rabi       ,Tamil Nadu,8.733594061863055,4936,970.9,13.792478423017542,7.766272819844284,0.896,27.852,37.246,20.294
Tobacco,2017,Whole Year ,Tamil Nadu,8.239857411018601,5710,970.9,13.298639564384118,7.27270390145301,1.595,27.852,37.246,20.294
Arhar/Tur,2018,Rabi       ,Andhra Pradesh,8.318742252692399,1352,1220.5,13.407329966265543,7.2693729873100255,0.31,28.652,38.509,20.052
Bajra,2018,Rabi       ,Andhra Pradesh,7.075808863978387,1586,1220.5,12.163798555562783,6.027555367252336,1.353,28.652,38.509,20.052
Castor seed,2018,Rabi       ,Andhra Pradesh,7.517520850603031,637,1220.5,12.605810718769472,6.468707533856847,0.41,28.652,38.509,20.052
Coriander,2018,Rabi       ,Andhra Pradesh,7.358830898342354,360,1220.5,12.447027823806314,6.310190968315922,0.331,28.652,38.509,20.052
Cotton(lint),2018,Rabi       ,Andhra Pradesh,8.133000218583613,8162,1220.5,13.221538442544533,7.083723361803917,2.252,28.652,38.509,20.052
Cowpea(Lobia),2018,Kharif     ,Andhra Pradesh,9.501964663660587,1381,1220.5,14.590720558242914,8.452281267239094,0.177,28.652,38.509,20.052
Cowpea(Lobia),2018,Rabi       ,Andhra Pradesh,9.519441411801264,6960,1220.5,14.60819859275524,8.469755612091364,0.53,28.652,38.509,20.052
Dry chillies,2018,Rabi       ,Andhra Pradesh,9.611261840034475,50585,1220.5,14.700025422122506,8.561564081151735,3.402,28.652,38.509,20.052
Ginger,2018,Kharif     ,Andhra Pradesh,5.6937321388027,536,1220.5,10.77921042426182,4.650143551630823,3.134,28.652,38.509,20.052
Gram,2018,Kharif     ,Andhra Pradesh,3.4657359027997265,5,1220.5,8.523016204719026,2.47232786758114,0.5,28.652,38.509,20.052
Jowar,2018,Kharif     ,Andhra Pradesh,9.623442907213558,1957,1220.5,14.712207295176947,8.573743642706624,0.206,28.652,38.509,20.052
Linseed,2018,Kharif     ,Andhra Pradesh,5.0238805208462765,0,1220.5,10.106150806987998,3.9862024036023977,0.0,28.652,38.509,20.052
Niger seed,2018,Kharif     ,Andhra Pradesh,3.1780538303479458,7,1220.5,8.224592375086806,2.2027647577118348,0.3,28.652,38.509,20.052
Niger seed,2018,Rabi       ,Andhra Pradesh,8.6652683094816,1843,1220.5,13.753927026540941,7.615766441190624,0.285,28.652,38.509,20.052
Other  Rabi pulses,2018,Rabi       ,Andhra Pradesh,9.329011901693681,8745,1220.5,14.417753777066505,8.279354696353275,2.347,28.652,38.509,20.052
Other Kharif pulses,2018,Kharif     ,Andhra Pradesh,7.805882040228621,810,1220.5,12.894307279266908,6.756816103416851,0.32,28.652,38.509,20.052
Ragi,2018,Rabi       ,Andhra Pradesh,9.005773206234908,13853,1220.5,14.094481397563783,7.9561789260669595,1.781,28.652,38.509,20.052
Rapeseed &Mustard,2018,Rabi       ,Andhra Pradesh,8.408716715080153,1545,1220.5,13.497325290806065,7.359308491283056,0.25,28.652,38.509,20.052
Safflower,2018,Kharif     ,Andhra Pradesh,3.713572066704308,6,1220.5,8.77786371462117,2.70805020110221,0.15,28.652,38.509,20.052
Safflower,2018,Rabi       ,Andhra Pradesh,5.942799375126701,60,1220.5,11.02901761855464,4.897839799950911,0.152,28.652,38.509,20.052
Small millets,2018,Kharif     ,Andhra Pradesh,9.215725844252521,4483,1220.5,14.304457131359012,8.166088419510706,0.56,28.652,38.509,20.052
Small millets,2018,Rabi       ,Andhra Pradesh,7.895436006942965,1291,1220.5,12.983895936800096,6.846305316665914,0.557,28.652,38.509,20.052
Soyabean,2018,Kharif     ,Andhra Pradesh,7.252762418053187,2718,1220.5,12.340888462927921,6.204254686342701,1.742,28.652,38.509,20.052
Soyabean,2018,Rabi       ,Andhra Pradesh,1.791759469228055,10,1220.5,6.699500340161678,1.0116009116784799,2.0,28.652,38.509,20.052
Sunflower,2018,Kharif     ,Andhra Pradesh,8.0861025356691,1810,1220.5,13.174626741122445,7.036851852316547,0.994,28.652,38.509,20.052
Sunflower,2018,Rabi       ,Andhra Pradesh,9.218506934642576,7363,1220.5,14.30723849630417,8.168868996994895,0.459,28.652,38.509,20.052
Wheat,2018,Rabi       ,Andhra Pradesh,4.634728988229636,19,1220.5,9.713863396551831,3.6027767550605247,0.095,28.652,38.509,20.052
Arhar/Tur,2018,Kharif     ,Assam,8.621733370690162,4628,2372.9,13.710384459273088,7.572245750292278,0.847,24.191,32.867,16.546
Black pepper,2018,Whole Year ,Assam,8.128290171607052,7476,2372.9,13.216827017176547,7.0790158884166665,2.131,24.191,32.867,16.546
Castor seed,2018,Kharif     ,Assam,6.586171654854675,336,2372.9,11.673630049539216,5.538907831465967,0.62,24.191,32.867,16.546
Cotton(lint),2018,Kharif     ,Assam,6.738152494595957,431,2372.9,11.825804413094282,5.690528358977785,0.626,24.191,32.867,16.546
Gram,2018,Rabi       ,Assam,7.716460800176355,1575,2372.9,12.804848155747983,6.667465568832957,0.644,24.191,32.867,16.546
Linseed,2018,Rabi       ,Assam,8.46884293047519,2898,2372.9,13.557464436881528,7.419410558488605,0.598,24.191,32.867,16.546
Moong(Green Gram),2018,Rabi       ,Assam,9.315960853839867,7703,2372.9,14.404701569643024,8.266305814792933,0.66,24.191,32.867,16.546
Niger seed,2018,Kharif     ,Assam,8.643825842349603,3129,2372.9,13.732480843624794,7.594330914159044,0.539,24.191,32.867,16.546
Other  Rabi pulses,2018,Rabi       ,Assam,9.60683200528524,12264,2372.9,14.695595291861364,8.557134798509185,0.664,24.191,32.867,16.546
Sesamum,2018,Kharif     ,Assam,9.391327705757,8355,2372.9,14.480074913861579,8.341660537781408,0.653,24.191,32.867,16.546
Small millets,2018,Kharif     ,Assam,8.558527054909215,3058,2372.9,13.647166459773151,7.509061255876502,0.566,24.191,32.867,16.546
Tobacco,2018,Whole Year ,Assam,4.955827057601261,71,2372.9,10.03763375612565,3.9189986191645714,0.549,24.191,32.867,16.546
Bajra,2018,Summer     ,Karnataka,7.257707677160043,1543,1419.1,12.345837196597582,6.209193465720693,1.112,25.721,36.018,16.512
Cardamom,2018,Whole Year ,Karnataka,7.496097345175956,207,1419.1,12.584375510686433,6.447305862541213,0.119,25.721,36.018,16.512
Castor seed,2018,Kharif     ,Karnataka,7.8826922062890254,1520,1419.1,12.971147387160048,6.833570380792761,0.615,25.721,36.018,16.512
Coriander,2018,Whole Year ,Karnataka,7.978996370854115,2607,1419.1,13.067485983588444,6.929810269762968,0.897,25.721,36.018,16.512
Cotton(lint),2018,Rabi       ,Karnataka,8.413608875159667,2176,1419.1,13.502218532293837,7.364198631854931,0.846,25.721,36.018,16.512
Cowpea(Lobia),2018,Rabi       ,Karnataka,9.372204086867741,3304,1419.1,14.460949693652452,8.322539910501655,0.267,25.721,36.018,16.512
Cowpea(Lobia),2018,Summer     ,Karnataka,8.293299358711323,520,1419.1,13.381880824298445,7.2439417604935326,0.127,25.721,36.018,16.512
Groundnut,2018,Rabi       ,Karnataka,7.925518979786926,5770,1419.1,13.013989882836327,6.876367805740505,2.115,25.721,36.018,16.512
Jowar,2018,Summer     ,Karnataka,7.528331766707247,3003,1419.1,12.61662744581905,6.479507607976728,1.674,25.721,36.018,16.512
Linseed,2018,Rabi       ,Karnataka,7.4413203897176174,352,1419.1,12.529567467155644,6.392586905782009,0.188,25.721,36.018,16.512
Mesta,2018,Whole Year ,Karnataka,4.406719247264253,116,1419.1,9.48335540738456,3.3792925462741055,1.335,25.721,36.018,16.512
Moong(Green Gram),2018,Rabi       ,Karnataka,8.682538124003075,1324,1419.1,13.771199776364247,7.633030773293604,0.23,25.721,36.018,16.512
Moong(Green Gram),2018,Summer     ,Karnataka,5.5093883366279774,66,1419.1,10.59418673920253,4.467056883858457,0.262,25.721,36.018,16.512
Niger seed,2018,Kharif     ,Karnataka,6.974478911025045,211,1419.1,12.06237893387029,5.926392550364267,0.14,25.721,36.018,16.512
Other  Rabi pulses,2018,Rabi       ,Karnataka,9.546098067659527,10005,1419.1,14.634857167877362,8.496408682231769,0.697,25.721,36.018,16.512
Ragi,2018,Summer     ,Karnataka,8.361007108226909,7667,1419.1,13.449604855646564,7.311619105723327,1.835,25.721,36.018,16.512
Rapeseed &Mustard,2018,Kharif     ,Karnataka,8.062432791583195,628,1419.1,13.150949668074803,7.013195791440134,0.13,25.721,36.018,16.512
Rice,2018,Rabi       ,Karnataka,9.345133468317714,28334,1419.1,14.433876755333984,8.295473625753045,2.481,25.721,36.018,16.512
Sannhamp,2018,Whole Year ,Karnataka,5.883322388488279,85,1419.1,10.969380349241307,4.838660029356445,0.17,25.721,36.018,16.512
Sunflower,2018,Summer     ,Karnataka,7.913886714856082,2422,1419.1,13.00235341398392,6.864743388388846,1.086,25.721,36.018,16.512
Urad,2018,Rabi       ,Karnataka,7.933079771880415,1484,1419.1,13.021553381298638,6.883923545728791,0.471,25.721,36.018,16.512
Urad,2018,Summer     ,Karnataka,6.922643891475888,521,1419.1,12.010494405920578,5.874649792516147,0.514,25.721,36.018,16.512
Arecanut,2018,Whole Year ,Tamil Nadu,8.846928500099018,13543,986.2,13.935615695454127,7.797373439440457,2.011,27.546,37.241,19.462
Black pepper,2018,Whole Year ,Tamil Nadu,8.625509334899697,1176,986.2,13.714161098366048,7.576020454018002,0.16,27.546,37.241,19.462
Cardamom,2018,Whole Year ,Tamil Nadu,8.252967195000798,347,986.2,13.34153842461247,7.203628710460207,0.08,27.546,37.241,19.462
Castor seed,2018,Kharif     ,Tamil Nadu,8.467372496432281,1526,986.2,13.555993695796467,7.417940697860704,0.334,27.546,37.241,19.462
Coriander,2018,Whole Year ,Tamil Nadu,8.768418726857403,2526,986.2,13.857094246322111,7.718885475201132,0.429,27.546,37.241,19.462
Gram,2018,Rabi       ,Tamil Nadu,8.674538762140015,5419,986.2,13.76319906117402,7.62503393911701,0.945,27.546,37.241,19.462
Horse-gram,2018,Kharif     ,Tamil Nadu,8.305484017727691,2883,986.2,13.394068495332968,7.256120795049728,0.685,27.546,37.241,19.462
Other Cereals,2018,Kharif     ,Tamil Nadu,7.430114138561801,2286,986.2,12.518354643350168,6.381392916067017,1.263,27.546,37.241,19.462
Other Cereals,2018,Rabi       ,Tamil Nadu,8.35772841676521,10045,986.2,13.44632540089634,7.308341839639194,2.21,27.546,37.241,19.462
Rapeseed &Mustard,2018,Rabi       ,Tamil Nadu,5.723585101952381,71,986.2,10.809162131947094,4.6798137289838575,0.08,27.546,37.241,19.462
Sesamum,2018,Kharif     ,Tamil Nadu,9.15461622320382,4494,986.2,14.243341280618798,8.10499043625533,0.472,27.546,37.241,19.462
Small millets,2018,Rabi       ,Tamil Nadu,5.84354441703136,511,986.2,10.929489721068858,4.799090878625398,1.578,27.546,37.241,19.462
Sunflower,2018,Kharif     ,Tamil Nadu,6.18826412308259,843,986.2,11.275051451155898,5.1422481808981475,1.78,27.546,37.241,19.462
Sunflower,2018,Rabi       ,Tamil Nadu,8.424419791263883,2630,986.2,13.513031819458206,7.375005120031251,0.556,27.546,37.241,19.462
Tobacco,2018,Whole Year ,Tamil Nadu,7.655390644826152,3238,986.2,12.743750110050293,6.606447462948544,1.355,27.546,37.241,19.462
Arhar/Tur,2019,Rabi       ,Andhra Pradesh,8.689632748355741,3747,899.2,13.835563546074432,7.695667035986506,0.43,28.468,37.938,20.685
Bajra,2019,Rabi       ,Andhra Pradesh,8.432288684325794,11322,899.2,13.578170359443105,7.4384070591792595,2.48,28.468,37.938,20.685
Castor seed,2019,Rabi       ,Andhra Pradesh,6.963189985870238,637,899.2,12.108347131152327,5.970547298852594,0.684,28.468,37.938,20.685
Coriander,2019,Rabi       ,Andhra Pradesh,7.02108396428914,553,899.2,12.166294064797707,6.02835080677459,0.504,28.468,37.938,20.685
Cotton(lint),2019,Rabi       ,Andhra Pradesh,8.153349757998892,11066,899.2,13.299161776270378,7.159587351040161,3.305,28.468,37.938,20.685
Cowpea(Lobia),2019,Kharif     ,Andhra Pradesh,8.668539943910762,2612,899.2,13.81446717382831,7.674580339219293,0.503,28.468,37.938,20.685
Cowpea(Lobia),2019,Rabi       ,Andhra Pradesh,8.823647949191303,3532,899.2,13.969599738757648,7.829646299922581,0.631,28.468,37.938,20.685
Ginger,2019,Kharif     ,Andhra Pradesh,5.68697535633982,633,899.2,10.829697723697203,4.698478363121743,1.922,28.468,37.938,20.685
Guar seed,2019,Kharif     ,Andhra Pradesh,0.6931471805599453,0,899.2,5.1519033480925005,0.31481073984003355,0.0,28.468,37.938,20.685
Guar seed,2019,Rabi       ,Andhra Pradesh,1.9459101490553132,0,899.2,6.938827498536548,1.169381359556317,0.0,28.468,37.938,20.685
Linseed,2019,Kharif     ,Andhra Pradesh,4.897839799950911,0,899.2,10.036491055851604,3.916214210046614,0.0,28.468,37.938,20.685
Moong(Green Gram),2019,Kharif     ,Andhra Pradesh,9.506362568702965,5138,899.2,14.652386775476817,8.51223692941599,0.625,28.468,37.938,20.685
Niger seed,2019,Rabi       ,Andhra Pradesh,8.356319965828153,1409,899.2,13.502184552560365,7.362467589658914,0.33,28.468,37.938,20.685
Other  Rabi pulses,2019,Rabi       ,Andhra Pradesh,9.28461261635077,11296,899.2,14.430618464303667,8.29051841265071,1.23,28.468,37.938,20.685
Other Kharif pulses,2019,Kharif     ,Andhra Pradesh,7.447751280047908,850,899.2,12.593269907962073,6.454490765740678,0.657,28.468,37.938,20.685
Ragi,2019,Rabi       ,Andhra Pradesh,8.973858256222792,12385,899.2,14.11983046090406,7.979821655427214,1.589,28.468,37.938,20.685
Rapeseed &Mustard,2019,Rabi       ,Andhra Pradesh,7.5406215286571525,912,899.2,12.686191567269683,6.547273096700451,0.375,28.468,37.938,20.685
Safflower,2019,Rabi       ,Andhra Pradesh,6.566672429803241,348,899.2,11.711371323681163,5.574812093359241,0.475,28.468,37.938,20.685
Sannhamp,2019,Kharif     ,Andhra Pradesh,8.121480374750751,0,899.2,13.26728312583428,7.1277338269531905,0.0,28.468,37.938,20.685
Sannhamp,2019,Rabi       ,Andhra Pradesh,7.033506484287697,0,899.2,12.178727553223737,6.040754586319065,0.0,28.468,37.938,20.685
Sesamum,2019,Kharif     ,Andhra Pradesh,8.731981938347694,1316,899.2,13.877919676031517,7.738004345362638,0.286,28.468,37.938,20.685
Small millets,2019,Rabi       ,Andhra Pradesh,8.28576542051433,3990,899.2,13.431612930646496,7.291942271796882,0.921,28.468,37.938,20.685
Soyabean,2019,Kharif     ,Andhra Pradesh,7.2115567333138015,2367,899.2,12.356920906942893,6.21856027826062,1.13,28.468,37.938,20.685
Soyabean,2019,Rabi       ,Andhra Pradesh,3.2188758248682006,42,899.2,8.324394541053993,2.2905125117597764,1.39,28.468,37.938,20.685
Sunflower,2019,Kharif     ,Andhra Pradesh,7.533693709848633,1306,899.2,12.679260076097382,6.540351558422792,1.23,28.468,37.938,20.685
Sunflower,2019,Rabi       ,Andhra Pradesh,8.823942326585245,6877,899.2,13.969894159234656,7.82994060355856,0.968,28.468,37.938,20.685
Wheat,2019,Rabi       ,Andhra Pradesh,3.6375861597263857,11,899.2,8.757173407277001,2.6871669901857858,0.155,28.468,37.938,20.685
Arhar/Tur,2019,Kharif     ,Assam,8.670943791222156,5040,2084.7,13.816871431555615,7.676983483947418,0.866,24.352,33.262,16.418
Black pepper,2019,Whole Year ,Assam,8.134760782418645,7664,2084.7,13.280567431200682,7.141007564444634,2.29,24.352,33.262,16.418
Castor seed,2019,Kharif     ,Assam,6.618738983517219,345,2084.7,11.763508915040536,5.626757431471986,0.632,24.352,33.262,16.418
Cotton(lint),2019,Kharif     ,Assam,6.672032945461067,417,2084.7,11.816871853447878,5.679933672624212,0.674,24.352,33.262,16.418
Gram,2019,Rabi       ,Assam,7.685703061234547,1523,2084.7,12.831344437129783,6.6922326147992885,0.648,24.352,33.262,16.418
Linseed,2019,Rabi       ,Assam,8.494129251817686,3039,2084.7,13.640023909874195,7.500225403788507,0.589,24.352,33.262,16.418
Moong(Green Gram),2019,Rabi       ,Assam,9.29081375612606,8163,2084.7,14.436820174734063,8.296718575323737,0.705,24.352,33.262,16.418
Niger seed,2019,Kharif     ,Assam,8.651024539049757,3195,2084.7,13.796948748535106,7.6570701049552685,0.545,24.352,33.262,16.418
Sesamum,2019,Kharif     ,Assam,9.394992544108419,8534,2084.7,14.541008038964947,8.400881822327193,0.661,24.352,33.262,16.418
Small millets,2019,Kharif     ,Assam,8.558910784768106,3226,2084.7,13.704818208867078,7.564985084355283,0.579,24.352,33.262,16.418
Tobacco,2019,Whole Year ,Assam,4.74493212836325,62,2084.7,9.882347671514609,3.7653774250866614,0.591,24.352,33.262,16.418
Wheat,2019,Rabi       ,Assam,9.335826992017598,14430,2084.7,14.481837448532769,8.341724897279283,1.272,24.352,33.262,16.418
Bajra,2019,Summer     ,Karnataka,9.29697667863573,11378,1422.3,14.442983660886345,8.302880532736783,1.039,25.898,35.502,17.25
Cardamom,2019,Whole Year ,Karnataka,7.570443252057374,301,1422.3,12.716028811427194,6.577068275581566,0.105,25.898,35.502,17.25
Castor seed,2019,Kharif     ,Karnataka,8.329658067569396,3818,1422.3,13.475516342450295,7.335816494605821,0.905,25.898,35.502,17.25
Coriander,2019,Whole Year ,Karnataka,6.411818267709897,300,1422.3,11.556282611275906,5.4203579924570615,0.48,25.898,35.502,17.25
Cowpea(Lobia),2019,Rabi       ,Karnataka,9.310366686043308,5396,1422.3,14.456374880996316,8.316268463690623,0.459,25.898,35.502,17.25
Cowpea(Lobia),2019,Summer     ,Karnataka,8.319717386850606,983,1422.3,13.465573264992285,7.325879916037056,0.197,25.898,35.502,17.25
Groundnut,2019,Rabi       ,Karnataka,7.940939762327791,6504,1422.3,13.086684053323856,6.947293249496287,2.31,25.898,35.502,17.25
Jowar,2019,Summer     ,Karnataka,8.531096096585228,8457,1422.3,13.676998140607479,7.5371796056575135,1.703,25.898,35.502,17.25
Linseed,2019,Rabi       ,Karnataka,6.70808408385307,399,1422.3,11.852967607601876,5.715908654454042,0.381,25.898,35.502,17.25
Mesta,2019,Whole Year ,Karnataka,4.02535169073515,0,1422.3,9.153537189151873,3.0610517396746335,0.0,25.898,35.502,17.25
Moong(Green Gram),2019,Rabi       ,Karnataka,9.315600882633676,2731,1422.3,14.461609547238645,8.321501856116015,0.215,25.898,35.502,17.25
Moong(Green Gram),2019,Summer     ,Karnataka,5.739792912179234,51,1422.3,10.88268923176793,4.751000634199631,0.089,25.898,35.502,17.25
Niger seed,2019,Kharif     ,Karnataka,6.907755278982137,245,1422.3,12.05285876010732,5.915204260386117,0.207,25.898,35.502,17.25
Other  Rabi pulses,2019,Rabi       ,Karnataka,9.489486113405677,12415,1422.3,14.635509061582336,8.49536262924942,0.855,25.898,35.502,17.25
Ragi,2019,Summer     ,Karnataka,8.708804795117285,10797,1422.3,13.85473877108943,7.714833641882719,1.807,25.898,35.502,17.25
Rapeseed &Mustard,2019,Kharif     ,Karnataka,5.442417710521793,54,1422.3,10.584202775552983,4.455509411433685,0.167,25.898,35.502,17.25
Rice,2019,Rabi       ,Karnataka,9.329633378164166,31038,1422.3,14.475643289808055,8.335532216390096,2.881,25.898,35.502,17.25
Sannhamp,2019,Whole Year ,Karnataka,7.641084249174914,1238,1422.3,12.786704777690817,6.64764946230046,0.645,25.898,35.502,17.25
Sunflower,2019,Summer     ,Karnataka,8.409162447202533,4869,1422.3,13.555039057089084,7.415289491993717,1.268,25.898,35.502,17.25
Urad,2019,Rabi       ,Karnataka,7.964155718840937,1341,1422.3,13.109908131870297,6.970495308803323,0.338,25.898,35.502,17.25
Urad,2019,Summer     ,Karnataka,5.4116460518550396,105,1422.3,10.553296032659869,4.424966385165138,0.437,25.898,35.502,17.25
Arecanut,2019,Whole Year ,Tamil Nadu,8.831127635012084,13543,910.1,13.977080515330394,7.837124118379514,2.17,28.28,37.68,20.832
Arhar/Tur,2019,Rabi       ,Tamil Nadu,7.970740390007095,3331,910.1,13.116495072535093,6.977076096688848,1.234,28.28,37.68,20.832
Black pepper,2019,Whole Year ,Tamil Nadu,8.71292443512011,1306,910.1,13.858859086108787,7.718952126315896,0.176,28.28,37.68,20.832
Cardamom,2019,Whole Year ,Tamil Nadu,8.251142139090751,348,910.1,13.39698081799785,7.257334104924097,0.093,28.28,37.68,20.832
Castor seed,2019,Kharif     ,Tamil Nadu,8.567886305731756,1646,910.1,13.713795434228532,7.573957687743999,0.306,28.28,37.68,20.832
Coriander,2019,Whole Year ,Tamil Nadu,8.908964972392399,3675,910.1,14.054928732244377,7.914942829730899,0.471,28.28,37.68,20.832
Gram,2019,Rabi       ,Tamil Nadu,8.622093601241607,5138,910.1,13.768012704401666,7.628147908432278,0.872,28.28,37.68,20.832
Horse-gram,2019,Kharif     ,Tamil Nadu,7.799753318287247,1697,910.1,12.945443938859167,6.806198630550472,0.725,28.28,37.68,20.832
Other Cereals,2019,Kharif     ,Tamil Nadu,7.6838639802564295,3175,910.1,12.829504515135177,6.690394972423655,1.122,28.28,37.68,20.832
Other Cereals,2019,Rabi       ,Tamil Nadu,8.592857095337227,7193,910.1,13.738770885924199,7.59892049675077,1.282,28.28,37.68,20.832
Rapeseed &Mustard,2019,Rabi       ,Tamil Nadu,4.927253685157205,33,910.1,10.066121575410406,3.945264339207948,0.19,28.28,37.68,20.832
Sesamum,2019,Kharif     ,Tamil Nadu,9.402942238177694,6706,910.1,14.548958387567536,8.408830395644577,0.535,28.28,37.68,20.832
Sunflower,2019,Kharif     ,Tamil Nadu,5.1298987149230735,168,910.1,10.270096787595433,4.145671189387441,1.0,28.28,37.68,20.832
Sunflower,2019,Rabi       ,Tamil Nadu,8.312871394342615,3663,910.1,13.458725607975097,7.319036772411741,1.099,28.28,37.68,20.832
Tobacco,2019,Whole Year ,Tamil Nadu,7.413970290190444,2426,910.1,12.559469000765823,6.420743833315401,1.398,28.28,37.68,20.832
Groundnut,1997,Winter     ,Odisha,9.006754319877503,8905,1496.6,13.562297787542992,7.835844138431601,0.885,26.148,35.922,16.781
Horse-gram,1997,Summer     ,Odisha,6.859614903654202,253,1496.6,11.414240838118143,5.6907647775748975,0.274,26.148,35.922,16.781
Maize,1997,Summer     ,Odisha,7.060476365999801,978,1496.6,11.615291421407806,5.891202125169587,0.946,26.148,35.922,16.781
Maize,1997,Winter     ,Odisha,4.976733742420574,136,1496.6,9.525551031837542,3.8207845249938748,0.992,26.148,35.922,16.781
Ragi,1997,Summer     ,Odisha,6.403574197934815,429,1496.6,10.957599388054097,5.23606955306851,0.576,26.148,35.922,16.781
Sesamum,1997,Autumn     ,Odisha,8.893847217670283,1626,1496.6,13.449376185802816,7.72296963847085,0.212,26.148,35.922,16.781
Sesamum,1997,Summer     ,Odisha,9.68700923909068,4065,1496.6,14.24261257083695,8.5159644368064,0.26,26.148,35.922,16.781
Urad,1997,Summer     ,Odisha,7.639161171659173,480,1496.6,12.194349648933063,6.469048746094167,0.278,26.148,35.922,16.781
Wheat,1997,Rabi       ,Odisha,8.54927308487965,6360,1496.6,13.10474618191147,7.378521117672437,0.857,26.148,35.922,16.781
Arhar/Tur,1997,Rabi       ,Andhra Pradesh,8.160803920954665,1400,927.5,12.716186015703785,6.990256500493881,0.474,28.24,37.947,19.662
Other  Rabi pulses,1997,Rabi       ,Andhra Pradesh,8.131824785007195,500,927.5,12.687198567128691,6.961296045910167,0.167,28.24,37.947,19.662
Other Kharif pulses,1997,Kharif     ,Andhra Pradesh,8.895766604056085,1400,927.5,13.451295832605023,7.724888439323074,0.219,28.24,37.947,19.662
Ragi,1997,Rabi       ,Andhra Pradesh,9.588845298501564,21900,927.5,14.144442293473084,8.417814747435958,1.514,28.24,37.947,19.662
Small millets,1997,Kharif     ,Andhra Pradesh,9.350189267092581,2000,927.5,13.905767994131947,8.179199798423086,0.17,28.24,37.947,19.662
Small millets,1997,Rabi       ,Andhra Pradesh,8.006700845440367,200,927.5,12.562035836232656,6.836259277277067,0.075,28.24,37.947,19.662
Wheat,1997,Rabi       ,Andhra Pradesh,9.305741456739435,6000,927.5,13.861316273092747,8.134760782418645,0.554,28.24,37.947,19.662
Bajra,1997,Kharif     ,Bihar,8.68185981297147,3594,1303.7,13.237356712127651,7.511054335514765,0.603,25.765,35.785,15.195
Castor seed,1997,Kharif     ,Bihar,6.875232087276577,761,1303.7,11.429874127572484,5.706345853059362,0.782,25.765,35.785,15.195
Coriander,1997,Whole Year ,Bihar,8.038512020976814,1509,1303.7,12.593857338855338,6.8680472471083736,0.462,25.765,35.785,15.195
Cotton(lint),1997,Kharif     ,Bihar,5.303304908059076,400,1303.7,9.854034668816597,4.143134726391533,2.0,25.765,35.785,15.195
Dry chillies,1997,Whole Year ,Bihar,8.562548893137034,4450,1303.7,13.118024518153453,7.391791242890328,0.882,25.765,35.785,15.195
Garlic,1997,Whole Year ,Bihar,8.029107054619736,4095,1303.7,12.584449353439352,6.858649064874184,1.318,25.765,35.785,15.195
Ginger,1997,Kharif     ,Bihar,6.4457198193855785,887,1303.7,10.999812727753067,5.278063637520769,1.321,25.765,35.785,15.195
Groundnut,1997,Kharif     ,Bihar,8.56522116042682,6294,1303.7,13.120697290251607,7.39446237533932,1.125,25.765,35.785,15.195
Jowar,1997,Kharif     ,Bihar,8.048788283534199,2690,1303.7,12.604136867853239,6.878316169577119,0.875,25.765,35.785,15.195
Other  Rabi pulses,1997,Rabi       ,Bihar,8.637993891561942,3950,1303.7,13.193483262526424,7.467205338899716,0.702,25.765,35.785,15.195
Other Kharif pulses,1997,Kharif     ,Bihar,9.663388566822505,9337,1303.7,14.21899043012827,8.492347067043536,0.573,25.765,35.785,15.195
Safflower,1997,Rabi       ,Bihar,6.175867270105761,302,1303.7,10.729472760398409,5.00930107108312,0.654,25.765,35.785,15.195
Sannhamp,1997,Whole Year ,Bihar,8.254528881939745,2282,1303.7,12.809936269654797,7.0839246162908935,0.583,25.765,35.785,15.195
Sunflower,1997,Rabi       ,Bihar,9.62397204275074,11389,1303.7,14.179571377051643,8.452936230636828,0.825,25.765,35.785,15.195
Turmeric,1997,Whole Year ,Bihar,7.974188669286011,3216,1303.7,12.529512760311949,6.803771592837185,1.173,25.765,35.785,15.195
Castor seed,1997,Kharif     ,Gujarat,9.32375833901174,26000,798.9,13.87933476153779,8.152774052744075,2.32,26.493,38.065,16.013
Other  Rabi pulses,1997,Rabi       ,Gujarat,7.972810784121404,1800,798.9,12.528134405332555,6.802394763324311,0.623,26.493,38.065,16.013
Other Kharif pulses,1997,Kharif     ,Gujarat,9.581972891547895,7400,798.9,14.137569419148715,8.410943391573527,0.498,26.493,38.065,16.013
Small millets,1997,Kharif     ,Gujarat,9.60918360377546,6300,798.9,14.16478196321976,8.438149984075784,0.438,26.493,38.065,16.013
Jowar,1997,Rabi       ,Madhya Pradesh,9.024131268455035,7200,1189.1,13.579676825833547,7.853216388156072,0.865,25.123,36.083,14.795
Sunflower,1997,Kharif     ,Madhya Pradesh,9.105090961257085,3000,1189.1,13.660645789903358,7.934155233536322,0.446,25.123,36.083,14.795
Maize,1997,Summer     ,Maharashtra,8.922791623969637,12500,1156.1,13.478324466609388,7.75190533307861,1.408,25.522,36.077,15.97
Other  Rabi pulses,1997,Rabi       ,Maharashtra,9.459619396895018,492,1156.1,14.015207042673557,8.288609871351664,0.048,25.522,36.077,15.97
Rice,1997,Summer     ,Maharashtra,5.799092654460526,646,1156.1,10.351754454068718,4.63463189613771,2.019,25.522,36.077,15.97
Arhar/Tur,1997,Kharif     ,Mizoram,4.430816798843313,143,2644.2,8.974631962408807,3.2857865301508276,2.013,20.602,30.809,11.99
Coconut ,1997,Kharif     ,Mizoram,2.772588722239781,40,2644.2,7.264415222808369,1.7316555451583497,2.595,20.602,30.809,11.99
Groundnut,1997,Kharif     ,Mizoram,4.787491742782046,178,2644.2,9.334876553725199,3.6346872250305093,1.483,20.602,30.809,11.99
Maize,1997,Kharif     ,Mizoram,9.004668301573977,16256,2644.2,13.560211515929252,7.833758689710084,2.088,20.602,30.809,11.99
Maize,1997,Rabi       ,Mizoram,4.795790545596741,243,2644.2,9.34324406764018,3.6428355156125294,2.15,20.602,30.809,11.99
Peas & beans (Pulses),1997,Kharif     ,Mizoram,5.44673737166631,271,2644.2,9.998127962640249,4.285102653392156,1.482,20.602,30.809,11.99
Rapeseed &Mustard,1997,Kharif     ,Mizoram,5.926926025970411,440,2644.2,10.47994865805833,4.761660982747524,1.853,20.602,30.809,11.99
Rapeseed &Mustard,1997,Rabi       ,Mizoram,7.647786045440933,1340,2644.2,12.202978613947183,6.477664431047568,0.81,20.602,30.809,11.99
Sesamum,1997,Kharif     ,Mizoram,8.432288684325794,4443,2644.2,12.987737992302481,7.261590193853443,0.9,20.602,30.809,11.99
Soyabean,1997,Kharif     ,Mizoram,6.946975992135418,1614,2644.2,11.50168887023424,5.77793092218126,1.492,20.602,30.809,11.99
Sunflower,1997,Kharif     ,Mizoram,1.9459101490553132,7,2644.2,6.349173955803501,1.0508216248317612,1.25,20.602,30.809,11.99
Tobacco,1997,Rabi       ,Mizoram,5.934894195619588,415,2644.2,10.48793782453079,4.769582322238478,1.225,20.602,30.809,11.99
Wheat,1997,Rabi       ,Mizoram,3.1354942159291497,11,2644.2,7.647184719642641,2.05668455455722,0.5,20.602,30.809,11.99
Arhar/Tur,1997,Kharif     ,Punjab,9.305741456739435,8200,690.1,13.861316273092747,8.134760782418645,0.766,24.671,37.415,13.07
Bajra,1997,Kharif     ,Punjab,8.987321812850125,8000,690.1,13.542862900184472,7.816416983691801,1.0,24.671,37.415,13.07
Gram,1997,Rabi       ,Punjab,9.495594499353297,11000,690.1,14.051184870332348,8.32457884513685,0.845,24.671,37.415,13.07
Groundnut,1997,Kharif     ,Punjab,8.987321812850125,8000,690.1,13.542862900184472,7.816416983691801,1.0,24.671,37.415,13.07
Masoor,1997,Rabi       ,Punjab,8.556606193773073,3400,690.1,13.112080691327282,7.385851078125209,0.726,24.671,37.415,13.07
Sesamum,1997,Kharif     ,Punjab,9.568084743872936,4500,690.1,14.12368031712309,8.397057390176256,0.447,24.671,37.415,13.07
Urad,1997,Kharif     ,Punjab,8.45553053102413,1900,690.1,13.01098478942094,7.284820912568604,0.447,24.671,37.415,13.07
Castor seed,1997,Kharif     ,Uttar Pradesh,3.1780538303479458,15,473.9,7.691615726075677,2.0955609235597192,0.814,25.996,37.637,14.827
Maize,1997,Summer     ,Uttar Pradesh,9.248214024404264,16398,473.9,13.803783514191052,8.077245328283684,1.578,25.996,37.637,14.827
Rice,1997,Summer     ,Uttar Pradesh,8.796036315200814,18281,473.9,13.351551328473532,7.6251901120984265,2.203,25.996,37.637,14.827
Arhar/Tur,1998,Rabi       ,Andhra Pradesh,8.03947991910045,1600,1048.3,12.632258260208017,6.802394763324311,0.56,28.305,37.584,20.467
Bajra,1998,Rabi       ,Andhra Pradesh,8.895766604056085,4600,1048.3,13.48872861839037,7.658227526161352,0.906,28.305,37.584,20.467
Gram,1998,Kharif     ,Andhra Pradesh,4.61512051684126,100,1048.3,9.198369000194964,3.4011973816621555,1.0,28.305,37.584,20.467
Other  Rabi pulses,1998,Rabi       ,Andhra Pradesh,8.160803920954665,600,1048.3,12.753618744072144,6.923628628138427,0.145,28.305,37.584,20.467
Other Kharif pulses,1998,Kharif     ,Andhra Pradesh,9.179984251961283,2100,1048.3,13.772979812693977,7.942362237674335,0.189,28.305,37.584,20.467
Ragi,1998,Rabi       ,Andhra Pradesh,9.642187721358466,31200,1048.3,14.235221050392825,8.404472321352118,1.966,28.305,37.584,20.467
Small millets,1998,Kharif     ,Andhra Pradesh,8.101980731853192,2200,1048.3,12.694778419312021,6.86484777797086,0.71,28.305,37.584,20.467
Wheat,1998,Rabi       ,Andhra Pradesh,9.350189267092581,6400,1048.3,13.943200799231514,8.112527763478637,0.469,28.305,37.584,20.467
Bajra,1998,Kharif     ,Bihar,8.729235349659273,3640,1332.5,13.32217279298051,7.491757012281284,0.579,25.962,36.698,15.211
Castor seed,1998,Kharif     ,Bihar,6.883462586413092,810,1332.5,11.475545456679829,5.648093568795613,0.835,25.962,36.698,15.211
Coriander,1998,Whole Year ,Bihar,7.99699040583765,1821,1332.5,12.589754886961718,6.759939491287746,0.681,25.962,36.698,15.211
Cotton(lint),1998,Kharif     ,Bihar,3.784189633918261,88,1332.5,8.354533075481537,2.6004649904222727,2.05,25.962,36.698,15.211
Dry chillies,1998,Whole Year ,Bihar,8.74909824839902,6362,1332.5,13.342038841851398,7.511612124061751,0.971,25.962,36.698,15.211
Garlic,1998,Whole Year ,Bihar,7.982074875081202,4252,1332.5,12.574834349402657,6.745036329481695,1.415,25.962,36.698,15.211
Ginger,1998,Whole Year ,Bihar,6.683360945766275,1116,1332.5,11.275218885653885,5.448546079794728,1.4,25.962,36.698,15.211
Groundnut,1998,Kharif     ,Bihar,8.488176242345745,6149,1332.5,13.081070021810895,7.250805830963473,1.009,25.962,36.698,15.211
Jowar,1998,Kharif     ,Bihar,7.877017895622398,2477,1332.5,12.469739906882245,6.640071893037045,0.97,25.962,36.698,15.211
Safflower,1998,Rabi       ,Bihar,6.570882962339584,407,1332.5,11.162593220659915,5.336431698656694,0.596,25.962,36.698,15.211
Sannhamp,1998,Whole Year ,Bihar,8.34212526333359,2380,1332.5,12.934986986435234,7.104834076750999,0.536,25.962,36.698,15.211
Sesamum,1998,Kharif     ,Bihar,9.812796687251625,9535,1332.5,14.405840098128,8.575056356860426,0.563,25.962,36.698,15.211
Tobacco,1998,Whole Year ,Bihar,9.7721252343393,13380,1332.5,14.36516639557169,8.534390466944727,0.816,25.962,36.698,15.211
Turmeric,1998,Whole Year ,Bihar,8.041412909393047,3288,1332.5,12.63419186713631,6.804326230174058,1.115,25.962,36.698,15.211
Dry chillies,1998,Whole Year ,Gujarat,9.803722464346553,18600,775.6,14.39676538120413,8.565983355585669,1.004,27.231,39.255,16.47
Other  Rabi pulses,1998,Rabi       ,Gujarat,7.972810784121404,1600,775.6,12.565567110880052,6.7357800142423265,0.543,27.231,39.255,16.47
Other Cereals,1998,Kharif     ,Gujarat,9.332646496360152,4600,775.6,13.925656505158056,8.094988759303774,0.324,27.231,39.255,16.47
Other Kharif pulses,1998,Kharif     ,Gujarat,9.45727857185611,5700,775.6,14.050298845400084,8.21959545417708,0.396,27.231,39.255,16.47
Small millets,1998,Kharif     ,Gujarat,9.332646496360152,4600,775.6,13.925656505158056,8.094988759303774,0.324,27.231,39.255,16.47
Small millets,1998,Rabi       ,Gujarat,7.741099090035366,1000,775.6,12.333766407295071,6.504288173536645,0.46,27.231,39.255,16.47
Arhar/Tur,1998,Kharif     ,Haryana,9.564371824969498,13500,687.6,14.157399952398084,8.326669287155621,0.906,25.441,38.329,13.588
Dry chillies,1998,Whole Year ,Haryana,7.545389749611823,1600,687.6,12.137964025834492,6.3088085718209665,0.729,25.441,38.329,13.588
Groundnut,1998,Kharif     ,Haryana,7.087573705557973,800,687.6,11.679844001985689,5.851742603932845,0.275,25.441,38.329,13.588
Masoor,1998,Rabi       ,Haryana,9.31533081916712,7600,687.6,13.908339297905355,8.077676865260525,0.833,25.441,38.329,13.588
Moth,1998,Kharif     ,Haryana,7.691656822810547,400,687.6,12.284302326047397,6.454899776569436,0.029,25.441,38.329,13.588
Peas & beans (Pulses),1998,Rabi       ,Haryana,7.463363045520021,1800,687.6,12.055892572400532,6.226892337255411,0.849,25.441,38.329,13.588
Sannhamp,1998,Whole Year ,Haryana,6.682108597449809,200,687.6,11.273964982908181,5.447297559559355,0.066,25.441,38.329,13.588
Sesamum,1998,Kharif     ,Haryana,8.038834757787749,1000,687.6,12.631612892819389,6.801750111136288,0.178,25.441,38.329,13.588
Urad,1998,Kharif     ,Haryana,7.579678823090456,500,687.6,12.17227074406166,6.343054082246828,0.151,25.441,38.329,13.588
Arhar/Tur,1998,Kharif     ,Himachal Pradesh,4.859812404361672,30,1381.6,9.445206939433904,3.6407390787860012,0.255,21.204,32.273,11.833
Bajra,1998,Kharif     ,Himachal Pradesh,6.152732694704104,266,1381.6,10.743721953900051,4.920053915865017,1.477,21.204,32.273,11.833
Coriander,1998,Rabi       ,Himachal Pradesh,5.981414211254481,128,1381.6,10.57200899326967,4.74970333672039,0.513,21.204,32.273,11.833
Cotton(lint),1998,Whole Year ,Himachal Pradesh,4.060443010546419,30,1381.6,8.636326426254435,2.863913698933143,0.548,21.204,32.273,11.833
Dry chillies,1998,Whole Year ,Himachal Pradesh,6.915723448631314,224,1381.6,11.507838548521663,5.680274992854161,0.205,21.204,32.273,11.833
Garlic,1998,Whole Year ,Himachal Pradesh,6.498282149476434,700,1381.6,11.089887860973219,5.264088174997377,1.087,21.204,32.273,11.833
Ginger,1998,Whole Year ,Himachal Pradesh,7.508238774678663,2631,1381.6,12.10079323769413,6.271706510462068,1.19,21.204,32.273,11.833
Gram,1998,Rabi       ,Himachal Pradesh,7.554334823725748,1653,1381.6,12.146913761495096,6.317742137319126,0.734,21.204,32.273,11.833
Groundnut,1998,Kharif     ,Himachal Pradesh,5.645446897643238,286,1381.6,10.235040566741072,4.416186486320586,0.714,21.204,32.273,11.833
Horse-gram,1998,Kharif     ,Himachal Pradesh,8.015987811027237,1475,1381.6,12.608758561926939,6.778921407138669,0.467,21.204,32.273,11.833
Linseed,1998,Rabi       ,Himachal Pradesh,7.776954403322442,617,1381.6,12.369636878507857,6.540106051558198,0.294,21.204,32.273,11.833
Masoor,1998,Rabi       ,Himachal Pradesh,7.063903961472068,518,1381.6,11.65615443373586,5.8281217489118085,0.546,21.204,32.273,11.833
Moong(Green Gram),1998,Kharif     ,Himachal Pradesh,4.143134726391533,25,1381.6,8.720395225789547,2.9433857931817817,0.375,21.204,32.273,11.833
Peas & beans (Pulses),1998,Rabi       ,Himachal Pradesh,8.48590890137647,10919,1381.6,13.07880221812862,7.248539633615969,1.848,21.204,32.273,11.833
Rapeseed &Mustard,1998,Rabi       ,Himachal Pradesh,9.26407069439715,5733,1381.6,13.857074485184382,8.026428331560943,0.746,21.204,32.273,11.833
Sesamum,1998,Kharif     ,Himachal Pradesh,8.425954710981966,2122,1381.6,13.01883540383732,7.188616643199016,0.398,21.204,32.273,11.833
Small millets,1998,Kharif     ,Himachal Pradesh,9.600488775972455,9881,1381.6,14.193519368019121,8.362780143840238,0.436,21.204,32.273,11.833
Soyabean,1998,Kharif     ,Himachal Pradesh,6.373319789577012,1153,1381.6,10.964726753472743,5.139614675352716,2.537,21.204,32.273,11.833
Tobacco,1998,Whole Year ,Himachal Pradesh,4.0943445622221,20,1381.6,8.670806584073448,2.896464271895322,0.63,21.204,32.273,11.833
Turmeric,1998,Whole Year ,Himachal Pradesh,4.442651256490317,59,1381.6,9.024034889879918,3.233173129569025,0.67,21.204,32.273,11.833
Urad,1998,Kharif     ,Himachal Pradesh,9.626151772138492,6167,1381.6,14.219184062108088,8.388438941482486,0.513,21.204,32.273,11.833
Jowar,1998,Rabi       ,Madhya Pradesh,9.148571345578551,9100,962.7,13.741563649762135,7.910957382845589,1.106,25.694,36.942,14.827
Sunflower,1998,Kharif     ,Madhya Pradesh,8.999742789830492,2500,962.7,13.592718194976225,7.762170607138205,0.267,25.694,36.942,14.827
Castor seed,1998,Kharif     ,Maharashtra,9.220389707829185,2900,1314.8,13.813389309707174,7.982757702011113,0.277,25.412,35.527,16.147
Maize,1998,Summer     ,Maharashtra,9.296609807128359,17500,1314.8,13.889616601544708,8.058960017769417,1.427,25.412,35.527,16.147
Rapeseed &Mustard,1998,Rabi       ,Maharashtra,9.425532393502772,2400,1314.8,14.018550172593189,8.187855443695623,0.178,25.412,35.527,16.147
Sesamum,1998,Rabi       ,Maharashtra,9.375939552625749,2000,1314.8,13.968953272957846,8.138272638530186,0.168,25.412,35.527,16.147
Sunflower,1998,Summer     ,Maharashtra,9.62911649414402,12000,1314.8,14.22214897747333,8.391403185357937,0.839,25.412,35.527,16.147
Arhar/Tur,1998,Kharif     ,Punjab,9.071193240566025,5400,588.6,13.664177072781738,7.8336002236611035,0.685,26.006,39.048,14.06
Bajra,1998,Kharif     ,Punjab,8.294299608857235,4000,588.6,12.88714977521702,7.057036981697891,1.0,26.006,39.048,14.06
Gram,1998,Rabi       ,Punjab,9.62911649414402,10400,588.6,14.22214897747333,8.391403185357937,0.766,26.006,39.048,14.06
Groundnut,1998,Kharif     ,Punjab,8.699681400989514,5000,588.6,13.292614039872173,7.462214939768189,0.918,26.006,39.048,14.06
Linseed,1998,Rabi       ,Punjab,5.707110264748875,300,588.6,10.296913817032536,4.477336814478207,1.0,26.006,39.048,14.06
Masoor,1998,Rabi       ,Punjab,8.476579508530941,3200,588.6,13.069470910284558,7.239214973779806,0.731,26.006,39.048,14.06
Peas & beans (Pulses),1998,Rabi       ,Punjab,8.366602832783736,4100,588.6,12.959470260260028,7.129297548929373,0.944,26.006,39.048,14.06
Sesamum,1998,Kharif     ,Punjab,9.401043372798053,4200,588.6,13.994059172822395,8.163371316459912,0.342,26.006,39.048,14.06
Urad,1998,Kharif     ,Punjab,8.31898612539206,2000,588.6,12.911842326091342,7.081708586105575,0.496,26.006,39.048,14.06
Black pepper,1998,Whole Year ,Tamil Nadu,7.876258882303226,520,1077.1,12.468980608320788,6.639313584290617,0.212,27.892,37.689,20.098
Cardamom,1998,Whole Year ,Tamil Nadu,8.342363500380579,311,1077.1,12.935225279677903,7.105072174922462,0.079,27.892,37.689,20.098
Gram,1998,Rabi       ,Tamil Nadu,8.938662873666118,6348,1077.1,13.531630581708892,7.701109719959108,0.843,27.892,37.689,20.098
Rapeseed &Mustard,1998,Whole Year ,Tamil Nadu,6.320768294250582,136,1077.1,10.912083955194309,5.087287645617338,0.26,27.892,37.689,20.098
Sannhamp,1998,Whole Year ,Tamil Nadu,7.847371836159788,1865,1077.1,12.440082543670353,6.610453754264164,0.755,27.892,37.689,20.098
Tobacco,1998,Whole Year ,Tamil Nadu,8.661466680572662,8678,1077.1,13.254392892775613,7.424016105238067,1.409,27.892,37.689,20.098
Arhar/Tur,1998,Kharif     ,Tripura,6.673297967767654,520,2472.9,11.265143362104324,5.43851399704132,0.67,24.736,33.298,16.854
Cotton(lint),1998,Kharif     ,Tripura,6.621405651764134,850,2472.9,11.21318430646977,5.3867860145356445,1.155,24.736,33.298,16.854
Gram,1998,Rabi       ,Tripura,5.14166355650266,110,2472.9,9.728955578017002,3.9180050771056933,0.665,24.736,33.298,16.854
Groundnut,1998,Kharif     ,Tripura,7.259116128097101,1410,2472.9,11.85151688311069,6.022963214167353,0.992,24.736,33.298,16.854
Groundnut,1998,Rabi       ,Tripura,5.902633333401366,315,2472.9,10.493022687972363,4.671425981765156,0.842,24.736,33.298,16.854
Maize,1998,Kharif     ,Tripura,7.749753406274437,1730,2472.9,12.342424432101856,6.512933330972452,0.748,24.736,33.298,16.854
Masoor,1998,Rabi       ,Tripura,5.69035945432406,120,2472.9,10.280107270530456,4.4607222816222185,0.405,24.736,33.298,16.854
Moong(Green Gram),1998,Kharif     ,Tripura,6.55250788703459,330,2472.9,11.144192398917678,5.318119993844216,0.468,24.736,33.298,16.854
Moong(Green Gram),1998,Rabi       ,Tripura,6.447305862541213,260,2472.9,11.038833489815886,5.21330399222108,0.412,24.736,33.298,16.854
Other  Rabi pulses,1998,Rabi       ,Tripura,6.933423025730715,600,2472.9,11.52555537087025,5.697932060978025,0.58,24.736,33.298,16.854
Other Kharif pulses,1998,Kharif     ,Tripura,7.353081920515432,1100,2472.9,11.945545193090133,6.1167747380734285,0.7,24.736,33.298,16.854
Peas & beans (Pulses),1998,Rabi       ,Tripura,6.660575149839686,470,2472.9,11.25240450058082,5.4258306868469965,0.602,24.736,33.298,16.854
Rapeseed &Mustard,1998,Rabi       ,Tripura,8.197263371414335,2900,2472.9,12.790088320289131,6.960063058605482,0.802,24.736,33.298,16.854
Sesamum,1998,Kharif     ,Tripura,7.682943169878292,930,2472.9,12.275584715543575,6.446195896519065,0.428,24.736,33.298,16.854
Urad,1998,Kharif     ,Tripura,6.90875477931522,470,2472.9,11.500863005142227,5.673323267171493,0.472,24.736,33.298,16.854
Urad,1998,Rabi       ,Tripura,6.2166061010848646,230,2472.9,10.807725945886109,4.983606621708336,0.458,24.736,33.298,16.854
Wheat,1998,Rabi       ,Tripura,7.01301578963963,2100,2472.9,11.605222017448801,5.77734267776423,1.902,24.736,33.298,16.854
Castor seed,1998,Rabi       ,Uttar Pradesh,3.6109179126442243,24,743.4,8.17689765529117,2.437115985951652,0.675,25.808,37.002,14.904
Cotton(lint),1998,Kharif     ,Uttar Pradesh,8.916640227198839,813,743.4,13.509605042647951,7.679094224508331,0.088,25.808,37.002,14.904
Jute,1998,Kharif     ,Uttar Pradesh,4.204692619390966,51,743.4,8.782905690439021,3.0027078872904163,0.83,25.808,37.002,14.904
Maize,1998,Summer     ,Uttar Pradesh,9.26407069439715,10699,743.4,13.857074485184382,8.026428331560943,1.01,25.808,37.002,14.904
Moth,1998,Kharif     ,Uttar Pradesh,5.10594547390058,63,743.4,9.693025746877861,3.8828001467512427,0.335,25.808,37.002,14.904
Rice,1998,Summer     ,Uttar Pradesh,8.635864721133736,12643,743.4,13.22878648830781,7.398425133104529,2.015,25.808,37.002,14.904
Sannhamp,1998,Whole Year ,Uttar Pradesh,9.150802659259986,3429,743.4,13.743795198152565,7.913188116231085,0.344,25.808,37.002,14.904
Turmeric,1998,Whole Year ,Uttar Pradesh,6.729824070489475,1554,743.4,11.321738324771802,5.4948705055887155,1.882,25.808,37.002,14.904
Bajra,1999,Kharif     ,Bihar,7.396335293800808,990,1402.7,12.06039215052509,6.088659313599084,0.632,26.193,37.604,15.764
Coriander,1999,Whole Year ,Bihar,8.034955024502159,1624,1402.7,12.699298843967123,6.726497156541379,0.537,26.193,37.604,15.764
Dry chillies,1999,Whole Year ,Bihar,8.61341204915678,5688,1402.7,13.277896849305227,7.304569744609512,1.091,26.193,37.604,15.764
Garlic,1999,Whole Year ,Bihar,7.9294865233142895,3983,1402.7,12.593794638091152,6.621125985497388,1.381,26.193,37.604,15.764
Ginger,1999,Kharif     ,Bihar,6.680854678790215,1063,1402.7,11.344275780742128,5.374907968709749,1.346,26.193,37.604,15.764
Groundnut,1999,Kharif     ,Bihar,5.820082930352362,392,1402.7,10.481803960220178,4.518740457989703,1.006,26.193,37.604,15.764
Horse-gram,1999,Kharif     ,Bihar,9.681718056775063,12028,1402.7,14.34632098654876,8.372553472005698,0.731,26.193,37.604,15.764
Moong(Green Gram),1999,Kharif     ,Bihar,9.085003880664885,4654,1402.7,13.749556347210873,7.775976986602956,0.552,26.193,37.604,15.764
Other  Rabi pulses,1999,Rabi       ,Bihar,8.302513718514158,3352,1402.7,12.966932888971293,6.993850403006858,0.824,26.193,37.604,15.764
Safflower,1999,Rabi       ,Bihar,6.415096959171596,346,1402.7,11.078139161389796,5.1101789244325175,0.553,26.193,37.604,15.764
Sesamum,1999,Kharif     ,Bihar,8.1886891244442,1881,1402.7,12.853078683911708,6.880106551386015,0.553,26.193,37.604,15.764
Sunflower,1999,Kharif     ,Bihar,9.81328928461798,16680,1402.7,14.477899836950337,8.504103899174465,1.011,26.193,37.604,15.764
Tobacco,1999,Whole Year ,Bihar,9.763650607348328,17613,1402.7,14.428258401015823,8.4544727499032,1.007,26.193,37.604,15.764
Turmeric,1999,Whole Year ,Bihar,8.050384453067021,3302,1402.7,12.714733187196499,6.741913186831961,1.154,26.193,37.604,15.764
Dry chillies,1999,Whole Year ,Gujarat,9.588845298501564,12800,458.9,14.253442210840257,8.279697133877628,0.892,27.763,39.858,16.968
Other  Rabi pulses,1999,Rabi       ,Gujarat,8.612685172875459,2600,458.9,13.27716984215764,7.303843225277705,0.346,27.763,39.858,16.968
Other Cereals,1999,Kharif     ,Gujarat,9.34145634983372,3300,458.9,14.006034218682862,8.0323601479245,0.283,27.763,39.858,16.968
Other Kharif pulses,1999,Kharif     ,Gujarat,9.417435838868785,4200,458.9,14.082020065183254,8.10832229017324,0.411,27.763,39.858,16.968
Ragi,1999,Kharif     ,Gujarat,9.873079890114703,21600,458.9,14.537693588516088,8.56388591940822,1.077,27.763,39.858,16.968
Small millets,1999,Kharif     ,Gujarat,9.34145634983372,3300,458.9,14.006034218682862,8.0323601479245,0.283,27.763,39.858,16.968
Small millets,1999,Rabi       ,Gujarat,8.575650760987806,1800,458.9,13.240128635124908,7.266827347520591,0.363,27.763,39.858,16.968
Arhar/Tur,1999,Kharif     ,Haryana,9.36142922633904,9800,344.0,14.026008813467238,8.052328336026449,0.736,27.318,40.124,14.864
Dry chillies,1999,Whole Year ,Haryana,7.8709295967551425,2600,344.0,12.535216199986495,6.562627692657608,0.689,27.318,40.124,14.864
Groundnut,1999,Kharif     ,Haryana,6.62273632394984,500,344.0,11.286082955939163,5.316991906812845,0.333,27.318,40.124,14.864
Masoor,1999,Rabi       ,Haryana,9.065430200180375,6200,344.0,13.72998044699461,7.756409362140481,0.592,27.318,40.124,14.864
Moong(Green Gram),1999,Kharif     ,Haryana,9.203114326884442,2000,344.0,13.867679303532588,7.894053300979967,0.057,27.318,40.124,14.864
Moth,1999,Kharif     ,Haryana,4.605170185988092,0,344.0,9.259879779202446,3.322514859627687,0.0,27.318,40.124,14.864
Peas & beans (Pulses),1999,Rabi       ,Haryana,7.214504414151143,1500,344.0,11.878440004311956,5.907158598054726,0.565,27.318,40.124,14.864
Sesamum,1999,Kharif     ,Haryana,8.504715669905124,0,344.0,13.169179804559532,7.195929730195598,0.0,27.318,40.124,14.864
Sunflower,1999,Rabi       ,Haryana,8.833171133022866,7600,344.0,13.497691439186724,7.524231976189952,0.762,27.318,40.124,14.864
Urad,1999,Kharif     ,Haryana,7.108244139731541,502,344.0,11.772097948813286,5.801120899211115,1.24,27.318,40.124,14.864
Arhar/Tur,1999,Kharif     ,Himachal Pradesh,5.049856007249537,33,1144.9,9.7081506625646,3.7577056450437887,0.137,22.272,33.723,12.258
Dry chillies,1999,Whole Year ,Himachal Pradesh,6.756932389247553,276,1144.9,11.420444648739133,5.450737979243263,0.311,22.272,33.723,12.258
Gram,1999,Rabi       ,Himachal Pradesh,7.433666540166168,1594,1144.9,12.097745678748144,6.125929878475914,0.826,22.272,33.723,12.258
Groundnut,1999,Kharif     ,Himachal Pradesh,5.19295685089021,150,1144.9,9.852103201371456,3.8985324152456466,0.558,22.272,33.723,12.258
Horse-gram,1999,Kharif     ,Himachal Pradesh,8.104099056143582,1634,1144.9,12.768464319982334,6.795582725097571,0.476,22.272,33.723,12.258
Linseed,1999,Rabi       ,Himachal Pradesh,7.9854843567338225,890,1144.9,12.649811897141015,6.6770708667093865,0.23,22.272,33.723,12.258
Masoor,1999,Kharif     ,Himachal Pradesh,6.967909201801884,440,1144.9,11.631640777032997,5.661118506966705,0.41,22.272,33.723,12.258
Moong(Green Gram),1999,Kharif     ,Himachal Pradesh,5.8377304471659395,139,1144.9,10.499503045352965,4.536248740521669,0.255,22.272,33.723,12.258
Peas & beans (Pulses),1999,Kharif     ,Himachal Pradesh,8.526549286340263,11895,1144.9,13.191017754275109,7.217751528030423,1.59,22.272,33.723,12.258
Rapeseed &Mustard,1999,Rabi       ,Himachal Pradesh,9.312896960301275,5739,1144.9,13.977472311768498,8.003807627130065,0.659,22.272,33.723,12.258
Sesamum,1999,Kharif     ,Himachal Pradesh,8.308199063206446,2080,1144.9,12.972619626120574,6.999531950565567,0.415,22.272,33.723,12.258
Small millets,1999,Kharif     ,Himachal Pradesh,9.62911649414402,9818,1144.9,14.29371608450307,8.31996102188653,0.458,22.272,33.723,12.258
Soyabean,1999,Kharif     ,Himachal Pradesh,6.317164686747284,716,1144.9,10.980039797860643,5.012699828145135,1.095,22.272,33.723,12.258
Urad,1999,Kharif     ,Himachal Pradesh,9.589666822474653,5418,1144.9,14.254263790528997,8.280518505817676,0.495,22.272,33.723,12.258
Black pepper,1999,Whole Year ,Karnataka,8.799963219506997,16012,1203.8,13.464478647832951,7.491037369059362,2.286,25.305,36.185,16.232
Coriander,1999,Whole Year ,Karnataka,9.40029935589935,1871,1203.8,14.064882190238592,8.091189605340183,0.136,25.305,36.185,16.232
Garlic,1999,Whole Year ,Karnataka,8.515591910049263,3702,1203.8,13.180058215121038,7.206800050761638,1.443,25.305,36.185,16.232
Jowar,1999,Summer     ,Karnataka,9.049584593096789,19161,1203.8,13.714133010856834,7.740568745168368,2.123,25.305,36.185,16.232
Maize,1999,Summer     ,Karnataka,9.487820581943367,23878,1203.8,14.152410281771248,8.17869209805637,1.787,25.305,36.185,16.232
Mesta,1999,Kharif     ,Karnataka,8.064636475774222,4391,1203.8,12.728989682633108,6.756153015847549,2.046,25.305,36.185,16.232
Moong(Green Gram),1999,Rabi       ,Karnataka,9.64309634032025,3835,1203.8,14.307696835400343,8.333938399293626,0.294,25.305,36.185,16.232
Ragi,1999,Summer     ,Karnataka,9.666815400992093,31533,1203.8,14.33141740243536,8.357653349439166,1.858,25.305,36.185,16.232
Rapeseed &Mustard,1999,Rabi       ,Karnataka,8.765614549914716,1756,1203.8,13.430124759460444,7.45670293565016,0.263,25.305,36.185,16.232
Sannhamp,1999,Whole Year ,Karnataka,5.849324779946859,87,1203.8,10.511130764849339,4.54775291511814,0.398,25.305,36.185,16.232
Urad,1999,Rabi       ,Karnataka,8.606851063346772,2035,1203.8,13.271334678806738,7.298011990137617,0.376,25.305,36.185,16.232
Castor seed,1999,Kharif     ,Madhya Pradesh,7.904334842085095,845,1222.9,12.56863387127048,6.595999069311324,0.386,25.598,36.89,15.052
Ginger,1999,Kharif     ,Madhya Pradesh,8.460622839927844,6660,1222.9,13.125077929671232,7.151861568717042,1.201,25.598,36.89,15.052
Jowar,1999,Rabi       ,Madhya Pradesh,9.103089181229207,7024,1222.9,13.767643660452983,7.794056796000526,1.187,25.598,36.89,15.052
Ragi,1999,Kharif     ,Madhya Pradesh,9.377125189621008,3418,1222.9,14.041706103203357,8.06802067999677,0.263,25.598,36.89,15.052
Safflower,1999,Rabi       ,Madhya Pradesh,7.543273346705446,497,1222.9,12.207413296455984,6.235371048774271,0.26,25.598,36.89,15.052
Sannhamp,1999,Whole Year ,Madhya Pradesh,8.83346272071993,13167,1222.9,13.497983069001004,7.5245234489932855,2.059,25.598,36.89,15.052
Sunflower,1999,Kharif     ,Madhya Pradesh,9.029178142902074,3315,1222.9,13.693724162044067,7.720168838944406,0.391,25.598,36.89,15.052
Turmeric,1999,Whole Year ,Madhya Pradesh,6.016157159698354,486,1222.9,10.678402951219832,4.713396591058963,1.053,25.598,36.89,15.052
Urad,1999,Rabi       ,Madhya Pradesh,8.865029186687766,2880,1222.9,13.529554022583408,7.55607767286095,0.279,25.598,36.89,15.052
Castor seed,1999,Kharif     ,Maharashtra,9.305741456739435,2900,1166.5,13.97031616613628,7.9966538754626075,0.264,25.31,36.661,15.193
Maize,1999,Summer     ,Maharashtra,9.32375833901174,18200,1166.5,13.988334656342856,8.014666370464942,1.429,25.31,36.661,15.193
Rapeseed &Mustard,1999,Rabi       ,Maharashtra,9.220389707829185,2900,1166.5,13.88495639351418,7.911324018963353,0.318,25.31,36.661,15.193
Sesamum,1999,Rabi       ,Maharashtra,8.839421607620602,2100,1166.5,13.503942813924306,7.530479995245536,0.251,25.31,36.661,15.193
Small millets,1999,Rabi       ,Maharashtra,9.116139576577355,2800,1166.5,13.78069548570742,7.80710329012598,0.333,25.31,36.661,15.193
Sunflower,1999,Summer     ,Maharashtra,9.581972891547895,10700,1166.5,14.246569336003322,8.272826003650401,0.783,25.31,36.661,15.193
Arhar/Tur,1999,Kharif     ,Nagaland,7.962415680121064,2150,1782.2,12.626735349590469,6.654023645899904,0.749,20.921,31.584,12.493
Bajra,1999,Kharif     ,Nagaland,7.313886831633462,1250,1782.2,11.977891426448625,6.0063531596017325,0.831,20.921,31.584,12.493
Castor seed,1999,Kharif     ,Nagaland,6.710523109452428,750,1782.2,11.373980588705624,5.404477562376427,2.102,20.921,31.584,12.493
Cotton(lint),1999,Kharif     ,Nagaland,5.5254529391317835,350,1782.2,10.186163364551671,4.22683374526818,1.399,20.921,31.584,12.493
Gram,1999,Rabi       ,Nagaland,7.450660796211539,1020,1782.2,12.114749805709529,6.142897250868192,0.893,20.921,31.584,12.493
Groundnut,1999,Kharif     ,Nagaland,8.006700845440367,2800,1782.2,12.671035466221207,6.698268054115413,0.893,20.921,31.584,12.493
Jowar,1999,Kharif     ,Nagaland,7.313886831633462,1070,1782.2,11.977891426448625,6.0063531596017325,0.729,20.921,31.584,12.493
Jute,1999,Kharif     ,Nagaland,5.564520407322694,360,1782.2,10.225382628157538,4.26549281841793,1.39,20.921,31.584,12.493
Linseed,1999,Rabi       ,Nagaland,8.343077871169383,3150,1782.2,13.00750680547279,7.034387929915503,0.75,20.921,31.584,12.493
Moong(Green Gram),1999,Kharif     ,Nagaland,7.824445930877619,1800,1782.2,12.488714537585514,6.516193076042964,0.717,20.921,31.584,12.493
Peas & beans (Pulses),1999,Kharif     ,Nagaland,7.1316985104669115,940,1782.2,11.795571125966854,5.82452409235233,1.496,20.921,31.584,12.493
Rapeseed &Mustard,1999,Rabi       ,Nagaland,7.244941546337007,1400,1782.2,11.908899003644777,5.937536205082426,0.983,20.921,31.584,12.493
Sesamum,1999,Kharif     ,Nagaland,8.517393171418904,2400,1782.2,13.18185983366949,7.208600337960199,0.54,20.921,31.584,12.493
Soyabean,1999,Kharif     ,Nagaland,9.433563920090563,14000,1782.2,14.098149434856358,8.124446855715847,1.121,20.921,31.584,12.493
Sunflower,1999,Kharif     ,Nagaland,6.90875477931522,1120,1782.2,11.572429459117961,5.602118820879701,1.139,20.921,31.584,12.493
Sunflower,1999,Rabi       ,Nagaland,7.824445930877619,3480,1782.2,12.488714537585514,6.516193076042964,1.386,20.921,31.584,12.493
Bajra,1999,Kharif     ,Odisha,8.296795865770052,2350,1484.3,12.961213627798887,6.98813639092895,0.586,25.853,36.242,16.705
Castor seed,1999,Kharif     ,Odisha,9.405989388981,6260,1484.3,14.070572688162542,8.096878370057738,0.503,25.853,36.242,16.705
Castor seed,1999,Rabi       ,Odisha,9.18204377282107,4800,1484.3,13.846606624611129,7.872988544369307,0.649,25.853,36.242,16.705
Garlic,1999,Rabi       ,Odisha,9.776278985795086,52280,1484.3,14.440887494323833,8.467099177604169,2.941,25.853,36.242,16.705
Ginger,1999,Kharif     ,Odisha,9.478151314785551,25930,1484.3,14.142740285310367,8.169024820914181,1.976,25.853,36.242,16.705
Jowar,1999,Kharif     ,Odisha,9.529593783265282,8280,1484.3,14.194186554028745,8.220456919798654,0.582,25.853,36.242,16.705
Maize,1999,Rabi       ,Odisha,9.020510699691906,10280,1484.3,13.685055685138641,7.711504215869878,1.395,25.853,36.242,16.705
Masoor,1999,Rabi       ,Odisha,9.655731072956666,7360,1484.3,14.32033237489651,8.346570930194128,0.402,25.853,36.242,16.705
Niger seed,1999,Rabi       ,Odisha,9.852773037991627,7020,1484.3,14.517385688911343,8.54358192575414,0.397,25.853,36.242,16.705
Ragi,1999,Rabi       ,Odisha,8.823353485113792,6860,1484.3,13.48787236601424,7.514418216320305,0.784,25.853,36.242,16.705
Safflower,1999,Rabi       ,Odisha,7.783640596221253,1150,1484.3,12.447892700104763,6.47543271670409,0.374,25.853,36.242,16.705
Soyabean,1999,Kharif     ,Odisha,4.110873864173311,10,1484.3,8.759166347774368,2.8449093838194073,0.17,25.853,36.242,16.705
Sunflower,1999,Kharif     ,Odisha,6.3473892096560105,330,1484.3,11.010317649003388,5.042779747422823,0.477,25.853,36.242,16.705
Sunflower,1999,Rabi       ,Odisha,9.080345575359996,7120,1484.3,13.744897517569344,7.771320111833212,0.72,25.853,36.242,16.705
Tobacco,1999,Whole Year ,Odisha,8.91341571815747,4590,1484.3,13.577947163641728,7.604446173165448,0.558,25.853,36.242,16.705
Wheat,1999,Rabi       ,Odisha,9.827739775097854,24850,1484.3,14.492351105113862,8.518552267453869,1.351,25.853,36.242,16.705
Arhar/Tur,1999,Kharif     ,Punjab,9.059633754551479,7200,364.4,13.72418333564339,7.750614732770409,0.854,26.82,39.61,14.532
Bajra,1999,Kharif     ,Punjab,8.517393171418904,4000,364.4,13.18185983366949,7.208600337960199,0.833,26.82,39.61,14.532
Gram,1999,Rabi       ,Punjab,8.748463629942055,6100,364.4,13.412971165772314,7.43955930913332,1.001,26.82,39.61,14.532
Groundnut,1999,Kharif     ,Punjab,8.699681400989514,6000,364.4,13.36418107638377,7.390798521735676,1.0,26.82,39.61,14.532
Linseed,1999,Rabi       ,Punjab,5.707110264748875,300,364.4,10.368478639958319,4.406719247264253,1.0,26.82,39.61,14.532
Masoor,1999,Rabi       ,Punjab,8.268988209506656,2600,364.4,12.933399005890212,6.960347729101308,0.695,26.82,39.61,14.532
Peas & beans (Pulses),1999,Rabi       ,Punjab,8.366602832783736,2800,364.4,13.031037250710305,7.057897937411856,0.628,26.82,39.61,14.532
Sesamum,1999,Kharif     ,Punjab,9.62251624577579,5200,364.4,14.287115404576982,8.3133619511344,0.255,26.82,39.61,14.532
Urad,1999,Kharif     ,Punjab,8.188966863648876,1710,364.4,12.85335649954964,6.880384082186005,0.402,26.82,39.61,14.532
Black pepper,1999,Whole Year ,Tamil Nadu,6.335054251498059,122,922.8,10.997961121841728,5.030503278733722,0.167,27.279,37.275,19.094
Cardamom,1999,Whole Year ,Tamil Nadu,7.101675971619444,112,922.8,11.765524434541266,5.794567278861639,0.094,27.279,37.275,19.094
Gram,1999,Rabi       ,Tamil Nadu,9.022081222515475,5374,922.8,13.686626395930986,7.713074225876338,0.515,27.279,37.275,19.094
Rapeseed &Mustard,1999,Rabi       ,Tamil Nadu,6.448889394146858,152,922.8,11.111985552701844,5.143824961672758,0.207,27.279,37.275,19.094
Sannhamp,1999,Whole Year ,Tamil Nadu,8.890685920281129,5298,922.8,13.55521430069511,7.581724736952279,0.734,27.279,37.275,19.094
Tobacco,1999,Whole Year ,Tamil Nadu,8.698347400458186,9369,922.8,13.362846855467295,7.389465122357909,1.476,27.279,37.275,19.094
Castor seed,1999,Kharif     ,Uttar Pradesh,4.343805421853684,49,883.4,8.995522069407963,3.0689827352935835,0.768,26.824,38.578,15.761
Cotton(lint),1999,Kharif     ,Uttar Pradesh,8.841448244098858,6077,883.4,13.505969741055425,7.532505838833729,1.017,26.824,38.578,15.761
Jute,1999,Kharif     ,Uttar Pradesh,3.6635616461296463,29,883.4,8.302498844828929,2.421256622711544,0.7,26.824,38.578,15.761
Maize,1999,Rabi       ,Uttar Pradesh,9.363919459904483,16894,883.4,14.028499258872618,8.054817991574815,1.455,26.824,38.578,15.761
Moth,1999,Whole Year ,Uttar Pradesh,5.3230099791384085,84,883.4,9.982830938818374,4.0267792427263345,0.447,26.824,38.578,15.761
Rice,1999,Summer     ,Uttar Pradesh,8.708309295891688,16186,883.4,13.372810389588645,7.399422547863899,2.19,26.824,38.578,15.761
Sunflower,1999,Kharif     ,Uttar Pradesh,9.56927276595613,18342,883.4,14.233868337260997,8.26012826064357,1.27,26.824,38.578,15.761
Turmeric,1999,Whole Year ,Uttar Pradesh,7.148345743900068,1981,883.4,11.812231442316103,5.8411357213502,1.583,26.824,38.578,15.761
Bajra,2000,Kharif     ,Bihar,7.336285660021297,1266,1207.0,11.922341292034178,5.991064467086642,0.748,26.114,36.777,16.072
Coriander,2000,Whole Year ,Bihar,7.828834527588089,1187,1207.0,12.415141085568772,6.482893261263241,0.502,26.114,36.777,16.072
Dry chillies,2000,Whole Year ,Bihar,8.386172928977834,4641,1207.0,12.972647897520861,7.0397479884406335,1.03,26.114,36.777,16.072
Garlic,2000,Whole Year ,Bihar,7.848153086199526,3611,1207.0,12.434467186237047,6.502190165873639,1.365,26.114,36.777,16.072
Ginger,2000,Kharif     ,Bihar,6.568077911411976,978,1207.0,11.153387426284546,5.2249937021291935,1.296,26.114,36.777,16.072
Groundnut,2000,Kharif     ,Bihar,4.574710978503383,106,1207.0,9.151154963994488,3.2565568918358894,1.094,26.114,36.777,16.072
Horse-gram,2000,Kharif     ,Bihar,9.771897132148531,13548,1207.0,14.358541349159465,8.424985793003323,0.748,26.114,36.777,16.072
Jowar,2000,Kharif     ,Bihar,6.992096427415888,994,1207.0,11.577886927905308,5.6476353140332,0.926,26.114,36.777,16.072
Moong(Green Gram),2000,Kharif     ,Bihar,9.130214327496898,5165,1207.0,13.716807752708842,7.783448991027333,0.605,26.114,36.777,16.072
Other  Rabi pulses,2000,Rabi       ,Bihar,8.199189359078067,2333,1207.0,12.785617915460477,6.852897745497417,0.668,26.114,36.777,16.072
Other Kharif pulses,2000,Kharif     ,Bihar,7.419380582918692,920,1207.0,12.005487663061226,6.074011808075547,0.512,26.114,36.777,16.072
Safflower,2000,Rabi       ,Bihar,5.62040086571715,220,1207.0,10.203508808180718,4.283586561860629,0.848,26.114,36.777,16.072
Sesamum,2000,Kharif     ,Bihar,8.183676582620658,1996,1207.0,12.770100884270537,6.837397190295841,0.592,26.114,36.777,16.072
Small millets,2000,Kharif     ,Bihar,8.965079015408355,4315,1207.0,13.551653183362424,7.618369027040714,0.576,26.114,36.777,16.072
Sunflower,2000,Kharif     ,Bihar,9.29090601981575,16707,1207.0,13.8775153657093,7.9440949219214305,1.408,26.114,36.777,16.072
Tobacco,2000,Whole Year ,Bihar,9.64426335290083,17947,1207.0,14.230899884373455,8.297374107930047,1.154,26.114,36.777,16.072
Turmeric,2000,Whole Year ,Bihar,8.046229101075378,3035,1207.0,12.63261267579921,6.700066682222788,1.01,26.114,36.777,16.072
Bajra,2000,Kharif     ,Chhattisgarh,4.3694478524670215,31,896.4,8.943540082884251,3.0577676644734435,0.473,26.372,37.657,15.728
Barley,2000,Rabi       ,Chhattisgarh,8.436416881388949,3873,896.4,13.022902911063179,7.08996016230334,0.77,26.372,37.657,15.728
Castor seed,2000,Kharif     ,Chhattisgarh,4.897839799950911,36,896.4,9.477126384552205,3.571783682237689,0.257,26.372,37.657,15.728
Coriander,2000,Whole Year ,Chhattisgarh,8.13622555490846,892,896.4,12.722636424548599,6.789984743247629,0.256,26.372,37.657,15.728
Cotton(lint),2000,Kharif     ,Chhattisgarh,4.248495242049359,10,896.4,8.82095479255525,2.9412760877579323,0.245,26.372,37.657,15.728
Dry chillies,2000,Whole Year ,Chhattisgarh,8.60061479955531,1380,896.4,13.187133334258588,7.254064685881541,0.251,26.372,37.657,15.728
Garlic,2000,Whole Year ,Chhattisgarh,6.5638555265321274,2035,896.4,11.14915915088127,5.220788164038799,2.947,26.372,37.657,15.728
Ginger,2000,Whole Year ,Chhattisgarh,7.410347097821024,1539,896.4,11.996448789874895,6.064993780396097,1.069,26.372,37.657,15.728
Jowar,2000,Kharif     ,Chhattisgarh,9.248310303227811,6907,896.4,13.834915674891125,7.901510628879997,0.669,26.372,37.657,15.728
Masoor,2000,Rabi       ,Chhattisgarh,9.442641861075158,3418,896.4,14.029264064475768,8.095793804295598,0.285,26.372,37.657,15.728
Mesta,2000,Kharif     ,Chhattisgarh,7.2399325913204695,2803,896.4,11.825922956028444,5.894898579131651,1.941,26.372,37.657,15.728
Moong(Green Gram),2000,Kharif     ,Chhattisgarh,9.193906065512758,2639,896.4,13.780506108665366,7.8471217071857335,0.217,26.372,37.657,15.728
Moong(Green Gram),2000,Rabi       ,Chhattisgarh,8.372860820526318,940,896.4,12.959332764077532,7.026444570531236,0.201,26.372,37.657,15.728
Other  Rabi pulses,2000,Rabi       ,Chhattisgarh,6.911747300251674,341,896.4,11.497461613558292,5.567504456363573,0.328,26.372,37.657,15.728
Other Kharif pulses,2000,Kharif     ,Chhattisgarh,8.454466361507933,1558,896.4,13.040956230974116,7.107998610410014,0.336,26.372,37.657,15.728
Peas & beans (Pulses),2000,Rabi       ,Chhattisgarh,9.088850474388472,3208,896.4,13.675439370277713,7.7420981562088595,0.329,26.372,37.657,15.728
Ragi,2000,Kharif     ,Chhattisgarh,9.322239464473592,2630,896.4,13.908851627615807,7.975420268559617,0.213,26.372,37.657,15.728
Safflower,2000,Rabi       ,Chhattisgarh,6.856461984594587,204,896.4,11.442120202093765,5.512379809126054,0.274,26.372,37.657,15.728
Sannhamp,2000,Whole Year ,Chhattisgarh,7.489412083508719,502,896.4,12.07555932251972,6.143928090234451,0.291,26.372,37.657,15.728
Soyabean,2000,Kharif     ,Chhattisgarh,9.44643963445061,6926,896.4,14.033062135294935,8.099590722647728,0.581,26.372,37.657,15.728
Sugarcane,2000,Whole Year ,Chhattisgarh,8.10711747075039,8628,896.4,12.693519779617924,6.760901247087513,2.739,26.372,37.657,15.728
Sunflower,2000,Kharif     ,Chhattisgarh,7.119635638017636,513,896.4,11.70553516683883,5.774862056337153,0.428,26.372,37.657,15.728
Tobacco,2000,Whole Year ,Chhattisgarh,3.7612001156935624,20,896.4,8.32461279218431,2.4782176616372036,0.347,26.372,37.657,15.728
Turmeric,2000,Whole Year ,Chhattisgarh,6.455198563340122,642,896.4,11.040341710061098,5.112590016619249,1.061,26.372,37.657,15.728
Urad,2000,Rabi       ,Chhattisgarh,8.556798446008598,1247,896.4,13.143308822024196,7.210271775267372,0.211,26.372,37.657,15.728
Dry chillies,2000,Whole Year ,Gujarat,9.539716058977092,10500,379.7,14.126345521658292,8.192847134592865,0.853,27.672,40.022,16.238
Gram,2000,Rabi       ,Gujarat,9.711176264112805,8600,379.7,14.297816946951174,8.364275084991524,0.53,27.672,40.022,16.238
Other  Rabi pulses,2000,Rabi       ,Gujarat,8.03947991910045,1500,379.7,12.625861346111407,6.693323668269949,0.385,27.672,40.022,16.238
Other Cereals,2000,Kharif     ,Gujarat,9.259225769705994,2500,379.7,13.845832175983986,7.912423121473705,0.237,27.672,40.022,16.238
Other Kharif pulses,2000,Kharif     ,Gujarat,9.893487720457795,5900,379.7,14.480138400852143,8.546557800046141,0.345,27.672,40.022,16.238
Ragi,2000,Kharif     ,Gujarat,9.883335864325275,14000,379.7,14.469986034637767,8.536407410340042,0.81,27.672,40.022,16.238
Rice,2000,Summer     ,Gujarat,8.268988209506656,10700,379.7,12.855435113719096,6.922643891475888,3.53,27.672,40.022,16.238
Small millets,2000,Kharif     ,Gujarat,9.259225769705994,2500,379.7,13.845832175983986,7.912423121473705,0.237,27.672,40.022,16.238
Small millets,2000,Rabi       ,Gujarat,6.398594934535208,200,379.7,10.983647302128675,5.056245805348308,0.2,27.672,40.022,16.238
Arhar/Tur,2000,Kharif     ,Haryana,9.580730826800856,11400,383.7,14.167363151037241,8.233853676398574,0.748,26.712,39.738,13.687
Dry chillies,2000,Whole Year ,Haryana,7.669028288589683,2100,383.7,12.255266537714292,6.323283115047848,0.715,26.712,39.738,13.687
Ginger,2000,Kharif     ,Haryana,4.189654742026425,0,383.7,8.761244641342127,2.884800712846709,0.0,26.712,39.738,13.687
Groundnut,2000,Kharif     ,Haryana,5.831882477283517,200,383.7,10.41567624689916,4.493120682179469,0.204,26.712,39.738,13.687
Maize,2000,Kharif     ,Haryana,9.644068945357207,34000,383.7,14.230705464359263,8.297179736235934,0.741,26.712,39.738,13.687
Masoor,2000,Rabi       ,Haryana,8.77863395266279,5200,383.7,13.365182191041399,7.431998483065471,0.623,26.712,39.738,13.687
Moong(Green Gram),2000,Kharif     ,Haryana,8.5814816812986,1200,383.7,13.167996697313459,7.234941678211206,0.063,26.712,39.738,13.687
Moth,2000,Kharif     ,Haryana,4.812184355372417,0,383.7,9.390805206126972,3.487986511734546,0.0,26.712,39.738,13.687
Other Kharif pulses,2000,Kharif     ,Haryana,8.148734808937169,600,383.7,12.735149281695591,6.802483648262816,0.075,26.712,39.738,13.687
Peas & beans (Pulses),2000,Rabi       ,Haryana,6.93537044601511,1100,383.7,11.521107798192686,5.591061604592082,0.903,26.712,39.738,13.687
Sannhamp,2000,Whole Year ,Haryana,6.115892125483034,100,383.7,10.700405385590969,4.775081722705364,0.137,26.712,39.738,13.687
Sesamum,2000,Kharif     ,Haryana,8.168486417126681,1000,383.7,12.754906488059738,6.822219176875543,0.15,26.712,39.738,13.687
Sunflower,2000,Rabi       ,Haryana,7.134890851565884,1500,383.7,11.720802513999333,5.790082487575285,0.77,26.712,39.738,13.687
Turmeric,2000,Whole Year ,Haryana,5.3706380281276624,0,383.7,9.952724283646367,4.036715449385464,0.0,26.712,39.738,13.687
Urad,2000,Kharif     ,Haryana,7.331714969726466,300,383.7,11.917767645766121,5.986502255278167,0.116,26.712,39.738,13.687
Arhar/Tur,2000,Kharif     ,Himachal Pradesh,5.60947179518496,44,1068.4,10.192540185340837,4.272769648736932,0.306,21.477,32.854,11.325
Bajra,2000,Kharif     ,Himachal Pradesh,4.762173934797756,41,1068.4,9.340378670846134,3.4391352210025476,0.51,21.477,32.854,11.325
Gram,2000,Rabi       ,Himachal Pradesh,7.247080584585756,857,1068.4,11.833076010230517,5.902032059776429,0.553,21.477,32.854,11.325
Groundnut,2000,Kharif     ,Himachal Pradesh,4.927253685157205,82,1068.4,9.506755946135833,3.6005945392463645,0.408,21.477,32.854,11.325
Horse-gram,2000,Kharif     ,Himachal Pradesh,7.940227765145702,805,1068.4,12.526575874991444,6.594167191398121,0.278,21.477,32.854,11.325
Jowar,2000,Kharif     ,Himachal Pradesh,5.662960480135946,89,1068.4,10.246218377556595,4.325720798462787,0.15,21.477,32.854,11.325
Linseed,2000,Rabi       ,Himachal Pradesh,7.801800401908973,349,1068.4,12.388096157913305,6.455890148039656,0.113,21.477,32.854,11.325
Masoor,2000,Kharif     ,Himachal Pradesh,6.901737206656574,276,1068.4,11.487441591915847,5.557522801007268,0.419,21.477,32.854,11.325
Moong(Green Gram),2000,Kharif     ,Himachal Pradesh,5.666426688112432,81,1068.4,10.249696518698666,4.3291531450668135,0.378,21.477,32.854,11.325
Other Kharif pulses,2000,Kharif     ,Himachal Pradesh,8.638525476583762,2358,1068.4,13.22505078749679,7.291955891785577,0.532,21.477,32.854,11.325
Peas & beans (Pulses),2000,Kharif     ,Himachal Pradesh,8.614501373883236,11886,1068.4,13.20102242056317,7.267944042220666,1.346,21.477,32.854,11.325
Rapeseed &Mustard,2000,Rabi       ,Himachal Pradesh,9.178540059426386,3637,1068.4,13.765138544330414,7.8317601799961025,0.501,21.477,32.854,11.325
Sesamum,2000,Kharif     ,Himachal Pradesh,8.433159195806228,1738,1068.4,13.019644525035138,7.086704489135233,0.263,21.477,32.854,11.325
Small millets,2000,Kharif     ,Himachal Pradesh,9.634234615552714,6548,1068.4,14.220870500542738,8.287347229042352,0.35,21.477,32.854,11.325
Soyabean,2000,Kharif     ,Himachal Pradesh,6.476972362889683,585,1068.4,11.062149081834386,5.134267854541531,0.913,21.477,32.854,11.325
Sugarcane,2000,Whole Year ,Himachal Pradesh,7.943782692458625,7854,1068.4,12.530132053623724,6.597718525513558,2.666,21.477,32.854,11.325
Urad,2000,Kharif     ,Himachal Pradesh,9.55831760021172,4153,1068.4,14.144948375255762,8.211444903232755,0.402,21.477,32.854,11.325
Castor seed,2000,Kharif     ,Madhya Pradesh,8.10076824307173,818,723.3,12.687168651266434,6.754557478354594,0.365,25.928,38.056,15.073
Garlic,2000,Whole Year ,Madhya Pradesh,9.772980154456345,61022,723.3,14.359624432575433,8.42606863963646,2.833,25.928,38.056,15.073
Ginger,2000,Kharif     ,Madhya Pradesh,8.358431899031295,5351,723.3,12.94490051800047,7.012025200157934,1.028,25.928,38.056,15.073
Jowar,2000,Rabi       ,Madhya Pradesh,7.692569648067906,1571,723.3,12.278818658495537,6.346793585722349,1.054,25.928,38.056,15.073
Ragi,2000,Kharif     ,Madhya Pradesh,7.486613313139955,662,723.3,12.072759000625467,6.141133771626687,0.224,25.928,38.056,15.073
Safflower,2000,Rabi       ,Madhya Pradesh,4.962844630259907,39,723.3,9.542599460023874,3.6354786773868213,0.228,25.928,38.056,15.073
Sannhamp,2000,Whole Year ,Madhya Pradesh,8.767640577257792,9072,723.3,13.354187130526928,7.421009950222188,1.581,25.928,38.056,15.073
Sunflower,2000,Kharif     ,Madhya Pradesh,8.063377822367027,1122,723.3,12.649766789344604,6.717199917261079,0.283,25.928,38.056,15.073
Turmeric,2000,Whole Year ,Madhya Pradesh,5.924255797414532,339,723.3,10.508306398389097,4.584763376210429,0.87,25.928,38.056,15.073
Castor seed,2000,Kharif     ,Maharashtra,9.803722464346553,4350,1057.8,14.390368449743345,8.456806041401142,0.285,25.568,36.548,15.968
Rapeseed &Mustard,2000,Rabi       ,Maharashtra,9.012011377036412,1900,1057.8,13.598591345201287,7.665284718471351,0.217,25.568,36.548,15.968
Sesamum,2000,Rabi       ,Maharashtra,8.575650760987806,1900,1057.8,13.162164691207197,7.229113877793302,0.653,25.568,36.548,15.968
Small millets,2000,Rabi       ,Maharashtra,7.824445930877619,1000,1057.8,12.410750755116952,6.478509642208569,0.531,25.568,36.548,15.968
Sunflower,2000,Summer     ,Maharashtra,9.093918908958932,5200,1057.8,13.680508369964604,7.747164966520335,0.725,25.568,36.548,15.968
Arhar/Tur,2000,Kharif     ,Mizoram,4.356708826689592,95,2834.3,8.930638373864623,3.045474365448805,1.025,21.231,32.179,12.655
Cotton(lint),2000,Kharif     ,Mizoram,6.182084906716632,1236,2834.3,10.766738413013138,4.840874519347159,2.645,21.231,32.179,12.655
Maize,2000,Kharif     ,Mizoram,8.765770543987257,16112,2834.3,13.352316808761616,7.419140746006642,2.182,21.231,32.179,12.655
Maize,2000,Rabi       ,Mizoram,5.455321115357702,324,2834.3,10.037782840818055,4.120337142496354,1.517,21.231,32.179,12.655
Masoor,2000,Rabi       ,Mizoram,2.3978952727983707,8,2834.3,6.890303885368382,1.2809338454620642,0.8,21.231,32.179,12.655
Other  Rabi pulses,2000,Rabi       ,Mizoram,5.84354441703136,747,2834.3,10.427371938300247,4.504686647409769,2.107,21.231,32.179,12.655
Other Kharif pulses,2000,Kharif     ,Mizoram,7.384610383176974,2554,2834.3,11.97069645462648,6.039301876522142,1.408,21.231,32.179,12.655
Rapeseed &Mustard,2000,Rabi       ,Mizoram,7.753194269884341,1984,2834.3,12.339469854152426,6.407341925563456,0.848,21.231,32.179,12.655
Sesamum,2000,Kharif     ,Mizoram,8.240648863374913,2047,2834.3,12.827088472215658,6.894325501870412,0.735,21.231,32.179,12.655
Soyabean,2000,Kharif     ,Mizoram,7.085901464365611,1591,2834.3,11.671773494953356,5.7412067033022005,1.45,21.231,32.179,12.655
Tobacco,2000,Whole Year ,Mizoram,5.924255797414532,246,2834.3,10.508306398389097,4.584763376210429,0.56,21.231,32.179,12.655
Arhar/Tur,2000,Kharif     ,Nagaland,8.294299608857235,4500,1631.8,12.880752856406048,6.947937068614969,1.131,20.044,30.648,12.012
Bajra,2000,Kharif     ,Nagaland,7.313886831633462,1250,1631.8,11.899927847712558,5.968707559985366,0.829,20.044,30.648,12.012
Barley,2000,Rabi       ,Nagaland,6.90875477931522,1500,1631.8,11.494466135046013,5.564520407322694,1.499,20.044,30.648,12.012
Castor seed,2000,Kharif     ,Nagaland,6.90875477931522,750,1631.8,11.494466135046013,5.564520407322694,0.768,20.044,30.648,12.012
Cotton(lint),2000,Kharif     ,Nagaland,5.529429087511423,350,1631.8,10.112194191324795,4.1935863968717495,1.439,20.044,30.648,12.012
Gram,2000,Rabi       ,Nagaland,6.90875477931522,800,1631.8,11.494466135046013,5.564520407322694,0.785,20.044,30.648,12.012
Groundnut,2000,Kharif     ,Nagaland,8.160803920954665,4000,1631.8,12.747221827580937,6.814542897259958,1.181,20.044,30.648,12.012
Jowar,2000,Kharif     ,Nagaland,7.313886831633462,1250,1631.8,11.899927847712558,5.968707559985366,0.83,20.044,30.648,12.012
Jute,2000,Kharif     ,Nagaland,5.860786223465865,480,1631.8,10.444662927796738,4.5217885770490405,1.343,20.044,30.648,12.012
Linseed,2000,Rabi       ,Nagaland,8.77971129020447,3000,1631.8,13.366259692727136,7.43307534889858,0.466,20.044,30.648,12.012
Moong(Green Gram),2000,Kharif     ,Nagaland,7.601402334583733,1800,1631.8,12.187608222439206,6.255750041753367,0.901,20.044,30.648,12.012
Niger seed,2000,Kharif     ,Nagaland,6.621405651764134,400,1631.8,11.206787458024323,5.278114659230517,0.512,20.044,30.648,12.012
Other  Rabi pulses,2000,Rabi       ,Nagaland,8.77971129020447,5700,1631.8,13.366259692727136,7.43307534889858,0.919,20.044,30.648,12.012
Other Kharif pulses,2000,Kharif     ,Nagaland,8.38958706681109,4240,1631.8,12.976062804701586,7.0431599159883405,0.985,20.044,30.648,12.012
Peas & beans (Pulses),2000,Kharif     ,Nagaland,7.438971592395862,1120,1631.8,12.025090191737448,6.093569770045136,0.66,20.044,30.648,12.012
Peas & beans (Pulses),2000,Rabi       ,Nagaland,8.699681400989514,6000,1631.8,13.286217115648402,7.353081920515432,1.0,20.044,30.648,12.012
Rapeseed &Mustard,2000,Rabi       ,Nagaland,9.61587214452889,12000,1631.8,14.202506828882635,8.268988209506656,0.802,20.044,30.648,12.012
Rice,2000,Rabi       ,Nagaland,7.427144133408616,3330,1631.8,12.013255805423428,6.081762185088762,1.98,20.044,30.648,12.012
Sesamum,2000,Kharif     ,Nagaland,8.006700845440367,2500,1631.8,12.593071632819354,6.660575149839686,0.815,20.044,30.648,12.012
Small millets,2000,Kharif     ,Nagaland,9.210440366976517,8500,1631.8,13.797042060321226,7.8636512654486515,0.892,20.044,30.648,12.012
Soyabean,2000,Kharif     ,Nagaland,9.472781556562168,16500,1631.8,14.059406089717898,8.125926802707886,1.281,20.044,30.648,12.012
Sunflower,2000,Kharif     ,Nagaland,8.294299608857235,3000,1631.8,12.880752856406048,6.947937068614969,0.75,20.044,30.648,12.012
Sunflower,2000,Rabi       ,Nagaland,6.90875477931522,1100,1631.8,11.494466135046013,5.564520407322694,1.098,20.044,30.648,12.012
Wheat,2000,Rabi       ,Nagaland,8.517393171418904,10000,1631.8,13.103895898400857,7.170888478512505,2.068,20.044,30.648,12.012
Arhar/Tur,2000,Rabi       ,Odisha,3.9318256327243257,30,1066.0,8.498927382609345,2.6390573296152584,0.585,26.168,36.155,16.983
Bajra,2000,Kharif     ,Odisha,8.323851131338817,2350,1066.0,12.91031158447488,6.977467891393437,0.564,26.168,36.155,16.983
Castor seed,2000,Kharif     ,Odisha,9.181014542594355,5050,1066.0,13.767613280053238,7.8342339372437815,0.52,26.168,36.155,16.983
Castor seed,2000,Rabi       ,Odisha,9.065430200180375,3940,1066.0,13.652016447249467,7.718685495198466,0.507,26.168,36.155,16.983
Coriander,2000,Whole Year ,Odisha,9.500843461614666,6550,1066.0,14.087470101685792,8.15398265120491,0.482,26.168,36.155,16.983
Garlic,2000,Whole Year ,Odisha,9.105090961257085,28280,1066.0,13.691681657845626,7.75833346749091,3.123,26.168,36.155,16.983
Ginger,2000,Kharif     ,Odisha,9.397732385583243,23840,1066.0,13.98435098462964,8.050894689700325,1.962,26.168,36.155,16.983
Jowar,2000,Kharif     ,Odisha,9.472781556562168,7480,1066.0,14.059406089717898,8.125926802707886,0.598,26.168,36.155,16.983
Other  Rabi pulses,2000,Rabi       ,Odisha,7.687538766201629,1090,1066.0,12.273785498142395,6.341769244038871,0.514,26.168,36.155,16.983
Rapeseed &Mustard,2000,Rabi       ,Odisha,9.42512911890764,1649,1066.0,14.011749935989545,8.078285047187721,0.133,26.168,36.155,16.983
Safflower,2000,Rabi       ,Odisha,7.237778191923443,780,1066.0,11.823767024155789,5.892748574168825,0.546,26.168,36.155,16.983
Sunflower,2000,Kharif     ,Odisha,6.7226297948554485,480,1066.0,11.308138643204495,5.378975269565491,0.58,26.168,36.155,16.983
Sunflower,2000,Rabi       ,Odisha,8.35490952835879,3110,1066.0,12.941377328422686,7.00850518208228,0.644,26.168,36.155,16.983
Tobacco,2000,Whole Year ,Odisha,8.125926802707886,1560,1066.0,12.712334671908115,6.779694608914619,0.454,26.168,36.155,16.983
Wheat,2000,Rabi       ,Odisha,9.084777149000837,12904,1066.0,13.671365588644822,7.738026142159818,1.202,26.168,36.155,16.983
Arhar/Tur,2000,Kharif     ,Punjab,9.071193240566025,7600,405.3,13.657780145198297,7.724446645633537,0.914,26.131,39.028,13.468
Bajra,2000,Kharif     ,Punjab,8.699681400989514,5000,405.3,13.286217115648402,7.353081920515432,0.875,26.131,39.028,13.468
Gram,2000,Rabi       ,Punjab,8.94910546953925,7300,405.3,13.535677600455893,7.602401335665818,0.921,26.131,39.028,13.468
Groundnut,2000,Kharif     ,Punjab,8.294299608857235,4000,405.3,12.880752856406048,6.947937068614969,1.0,26.131,39.028,13.468
Linseed,2000,Rabi       ,Punjab,6.398594934535208,600,405.3,10.983647302128675,5.056245805348308,1.0,26.131,39.028,13.468
Masoor,2000,Rabi       ,Punjab,8.45553053102413,3100,405.3,13.04202062472179,7.109062135687172,0.774,26.131,39.028,13.468
Moth,2000,Kharif     ,Punjab,5.707110264748875,300,405.3,10.290517098488607,4.3694478524670215,1.0,26.131,39.028,13.468
Other  Rabi pulses,2000,Rabi       ,Punjab,8.682877107057168,6300,405.3,13.269410026107145,7.336285660021297,1.006,26.131,39.028,13.468
Sesamum,2000,Kharif     ,Punjab,9.862717639992917,7660,405.3,14.44936675826242,8.51579221050061,0.282,26.131,39.028,13.468
Black pepper,2000,Whole Year ,Tamil Nadu,7.403061091090091,449,971.1,11.989158401729803,6.057720342885047,0.184,27.495,37.411,18.986
Cardamom,2000,Whole Year ,Tamil Nadu,7.6708948313621175,204,971.1,12.257133943008522,6.325147182120447,0.078,27.495,37.411,18.986
Coriander,2000,Whole Year ,Tamil Nadu,9.861153999520049,4132,971.1,14.447803037116506,8.514228801952221,0.236,27.495,37.411,18.986
Gram,2000,Rabi       ,Tamil Nadu,8.646289764750648,3514,971.1,13.23281643204584,7.299716282389832,0.546,27.495,37.411,18.986
Mesta,2000,Kharif     ,Tamil Nadu,4.90527477843843,594,971.1,9.4846164847611,3.57906458810673,3.683,27.495,37.411,18.986
Rapeseed &Mustard,2000,Rabi       ,Tamil Nadu,6.625392368007956,185,971.1,11.21077942518351,5.282086353437619,0.228,27.495,37.411,18.986
Sannhamp,2000,Whole Year ,Tamil Nadu,9.262837940933936,7681,971.1,13.849444687109305,7.916034315701963,0.726,27.495,37.411,18.986
Sunflower,2000,Kharif     ,Tamil Nadu,9.498971993463552,14389,971.1,14.085598494855715,8.152111581702952,1.04,27.495,37.411,18.986
Tobacco,2000,Whole Year ,Tamil Nadu,8.687273461787838,9225,971.1,13.273807116771888,7.340679899986452,1.527,27.495,37.411,18.986
Castor seed,2000,Kharif     ,Uttar Pradesh,3.258096538021482,16,874.4,7.805983868037884,2.0149030205422647,0.601,25.915,37.525,14.976
Cotton(lint),2000,Kharif     ,Uttar Pradesh,8.580918882296782,4759,874.4,13.167433793786815,7.234379179548536,1.268,25.915,37.525,14.976
Jute,2000,Kharif     ,Uttar Pradesh,3.4339872044851463,25,874.4,7.988237540777776,2.174751721484161,0.875,25.915,37.525,14.976
Maize,2000,Rabi       ,Uttar Pradesh,9.46614470552994,20943,874.4,14.052768731678771,8.119291409114277,1.607,25.915,37.525,14.976
Moth,2000,Kharif     ,Uttar Pradesh,5.0238805208462765,46,874.4,9.604047963921717,3.695358420211645,0.339,25.915,37.525,14.976
Rice,2000,Summer     ,Uttar Pradesh,8.014335737299424,6899,874.4,12.600709034114773,6.6682028351338785,2.083,25.915,37.525,14.976
Soyabean,2000,Kharif     ,Uttar Pradesh,9.664214619292034,9207,874.4,14.2508524177627,8.31732173203538,0.645,25.915,37.525,14.976
Turmeric,2000,Whole Year ,Uttar Pradesh,7.134093721192866,2185,874.4,11.720004754185432,5.789287161602678,1.779,25.915,37.525,14.976
Arhar/Tur,2000,Kharif     ,Uttarakhand,7.544861068658458,981,1413.4,12.131038167379216,6.199291394310299,0.631,19.106,29.935,9.96
Bajra,2000,Kharif     ,Uttarakhand,2.4849066497880004,15,1413.4,6.985521551388086,1.3506671834767394,1.36,19.106,29.935,9.96
Gram,2000,Rabi       ,Uttarakhand,6.901737206656574,683,1413.4,11.487441591915847,5.557522801007268,0.688,19.106,29.935,9.96
Groundnut,2000,Kharif     ,Uttarakhand,7.467942332285852,1481,1413.4,12.05407755741152,6.1224928095143865,0.89,19.106,29.935,9.96
Horse-gram,2000,Kharif     ,Uttarakhand,9.129564061948894,4787,1413.4,13.716157417397017,7.78279892599794,0.555,19.106,29.935,9.96
Linseed,2000,Rabi       ,Uttarakhand,2.8903717578961645,5,1413.4,7.420513034977918,1.6900958154515549,0.187,19.106,29.935,9.96
Maize,2000,Rabi       ,Uttarakhand,4.1588830833596715,99,1413.4,8.729997072094381,2.8553201198372458,1.535,19.106,29.935,9.96
Masoor,2000,Rabi       ,Uttarakhand,9.63501969900815,8156,1413.4,14.221655634841268,8.28813216633799,0.512,19.106,29.935,9.96
Moong(Green Gram),2000,Kharif     ,Uttarakhand,3.828641396489095,16,1413.4,8.39358949855429,2.5416019934645457,0.393,19.106,29.935,9.96
Moong(Green Gram),2000,Rabi       ,Uttarakhand,4.709530201312334,31,1413.4,9.287273634948724,3.3877743613300146,0.353,19.106,29.935,9.96
Moth,2000,Kharif     ,Uttarakhand,3.8066624897703196,17,1413.4,8.371121786176884,2.5209170873110334,0.36,19.106,29.935,9.96
Other  Rabi pulses,2000,Rabi       ,Uttarakhand,4.852030263919617,54,1413.4,9.430967960909742,3.5269485869677157,0.394,19.106,29.935,9.96
Other Cereals,2000,Kharif     ,Uttarakhand,8.62998601889136,1587,1413.4,13.216509825790384,7.283420755851782,0.285,19.106,29.935,9.96
Other Cereals,2000,Rabi       ,Uttarakhand,7.176254532017144,1323,1413.4,11.762198177033039,5.831354478679247,1.029,19.106,29.935,9.96
Other Kharif pulses,2000,Kharif     ,Uttarakhand,9.354354132115088,6844,1413.4,13.940969092579985,8.007526895370093,0.593,19.106,29.935,9.96
Peas & beans (Pulses),2000,Rabi       ,Uttarakhand,8.132412674500905,2598,1413.4,12.718822436897767,6.786175043077368,0.682,19.106,29.935,9.96
Rapeseed &Mustard,2000,Rabi       ,Uttarakhand,9.503532237601561,8127,1413.4,14.090159076461767,8.156670855748612,0.51,19.106,29.935,9.96
Rice,2000,Rabi       ,Uttarakhand,8.027150106832774,9578,1413.4,12.61352757263479,6.681005232073816,3.125,19.106,29.935,9.96
Sesamum,2000,Kharif     ,Uttarakhand,7.901377353792616,442,1413.4,12.48771149443467,6.555356891810665,0.167,19.106,29.935,9.96
Small millets,2000,Rabi       ,Uttarakhand,1.0986122886681098,3,1413.4,5.28492812942902,0.41871033485818504,1.5,19.106,29.935,9.96
Soyabean,2000,Kharif     ,Uttarakhand,8.776321456449958,4382,1413.4,13.362869341896852,7.429687001088232,0.655,19.106,29.935,9.96
Sunflower,2000,Kharif     ,Uttarakhand,5.365976015021851,227,1413.4,9.948040657797705,4.032114485685967,1.083,19.106,29.935,9.96
Turmeric,2000,Whole Year ,Uttarakhand,5.030437921392435,39,1413.4,9.61064820416924,3.7017956793804827,2.778,19.106,29.935,9.96
Urad,2000,Kharif     ,Uttarakhand,9.22631214148588,4481,1413.4,13.81291539343594,7.8795185599801165,0.466,19.106,29.935,9.96
Urad,2000,Rabi       ,Uttarakhand,6.926577033222725,345,1413.4,11.512305873062799,5.5822925770684915,0.17,19.106,29.935,9.96
other oilseeds,2000,Rabi       ,Uttarakhand,4.859812404361672,88,1413.4,9.438810511796115,3.534562093729579,0.573,19.106,29.935,9.96
Bajra,2001,Kharif     ,Bihar,6.720220155135295,598,1247.0,11.345271491318728,5.376573864513804,0.73,25.965,36.867,16.11
Coriander,2001,Whole Year ,Bihar,7.734996194022781,1326,1247.0,12.360809639156185,6.3891662645983125,0.575,25.965,36.867,16.11
Dry chillies,2001,Whole Year ,Bihar,8.177234885510194,3550,1247.0,12.803203131763176,6.8309606240030645,1.002,25.965,36.867,16.11
Garlic,2001,Whole Year ,Bihar,7.676473646389156,3164,1247.0,12.30226098509387,6.33071862510375,1.433,25.965,36.867,16.11
Ginger,2001,Kharif     ,Bihar,5.683579767338681,407,1247.0,10.306452537940448,4.346140356109473,1.32,25.965,36.867,16.11
Groundnut,2001,Kharif     ,Bihar,5.5053315359323625,137,1247.0,10.127544686406681,4.169761201506855,0.577,25.965,36.867,16.11
Horse-gram,2001,Kharif     ,Bihar,9.571505221187767,11520,1247.0,14.197682726316206,8.224629891801847,0.782,25.965,36.867,16.11
Jowar,2001,Kharif     ,Bihar,8.386856689688234,3712,1247.0,13.012877564396103,7.040431305885684,0.889,25.965,36.867,16.11
Moong(Green Gram),2001,Kharif     ,Bihar,8.974997713204976,4465,1247.0,13.60111892166995,7.628284136283299,0.628,25.965,36.867,16.11
Other  Rabi pulses,2001,Rabi       ,Bihar,8.873888135154973,4772,1247.0,13.499996010709896,7.527212861396211,0.708,25.965,36.867,16.11
Other Kharif pulses,2001,Kharif     ,Bihar,7.132497551660044,698,1247.0,11.757952848918599,5.787694609508157,0.584,25.965,36.867,16.11
Ragi,2001,Kharif     ,Bihar,9.889743534743868,17318,1247.0,14.51593984947624,8.542814153444697,0.911,25.965,36.867,16.11
Safflower,2001,Rabi       ,Bihar,5.472270673671475,181,1247.0,10.09434796597418,4.1370847158982595,0.719,25.965,36.867,16.11
Sesamum,2001,Kharif     ,Bihar,8.101071503119543,2061,1247.0,12.727017724460872,6.754860476876881,0.636,25.965,36.867,16.11
Small millets,2001,Kharif     ,Bihar,8.91972065553706,5563,1247.0,13.54583474213063,7.573027538776029,0.794,25.965,36.867,16.11
Sunflower,2001,Kharif     ,Bihar,9.484253080341965,16108,1247.0,14.110424293792011,8.13739583005665,1.238,25.965,36.867,16.11
Tobacco,2001,Whole Year ,Bihar,9.521641310026597,15031,1247.0,14.14781528686196,8.174776119224205,1.208,25.965,36.867,16.11
Turmeric,2001,Whole Year ,Bihar,7.978996370854115,3038,1247.0,12.604903596199076,6.632897291981249,1.139,25.965,36.867,16.11
Bajra,2001,Kharif     ,Chhattisgarh,4.394449154672439,36,1550.0,9.008395531802966,3.0819099697950434,0.574,26.215,37.155,15.737
Barley,2001,Rabi       ,Chhattisgarh,8.353732642263202,3481,1550.0,12.979745916915194,7.007329083878229,0.841,26.215,37.155,15.737
Castor seed,2001,Kharif     ,Chhattisgarh,4.736198448394496,31,1550.0,9.353720976480137,3.4137844971676268,0.233,26.215,37.155,15.737
Coriander,2001,Whole Year ,Chhattisgarh,8.193953023563742,951,1550.0,12.819925883855095,6.847665514104225,0.289,26.215,37.155,15.737
Cotton(lint),2001,Kharif     ,Chhattisgarh,4.6443908991413725,72,1550.0,9.261070557847889,3.3243163373261977,0.795,26.215,37.155,15.737
Dry chillies,2001,Whole Year ,Chhattisgarh,8.840724916761715,3765,1550.0,13.466828117278881,7.494063073115967,0.541,26.215,37.155,15.737
Garlic,2001,Whole Year ,Chhattisgarh,6.659293919683638,2203,1550.0,11.284270126627309,5.315862545763785,3.026,26.215,37.155,15.737
Ginger,2001,Whole Year ,Chhattisgarh,7.494430215031565,1681,1550.0,12.120125847130163,6.148938270932172,1.035,26.215,37.155,15.737
Jowar,2001,Kharif     ,Chhattisgarh,9.151014905891367,9169,1550.0,13.77715633889654,7.8042432235601,0.948,26.215,37.155,15.737
Masoor,2001,Rabi       ,Chhattisgarh,9.677026002747972,5162,1550.0,14.30321041868978,8.330130814672977,0.417,26.215,37.155,15.737
Mesta,2001,Kharif     ,Chhattisgarh,7.189922170745808,2778,1550.0,11.815421639750785,5.844992643207725,2.152,26.215,37.155,15.737
Moong(Green Gram),2001,Kharif     ,Chhattisgarh,9.17678358844734,2887,1550.0,13.802927694736429,7.830004225390414,0.262,26.215,37.155,15.737
Moong(Green Gram),2001,Rabi       ,Chhattisgarh,8.62317351495347,1536,1550.0,13.249241883575374,7.276611726222915,0.247,26.215,37.155,15.737
Other  Rabi pulses,2001,Rabi       ,Chhattisgarh,6.932447891572509,356,1550.0,11.557727879099096,5.588147131057276,0.326,26.215,37.155,15.737
Other Kharif pulses,2001,Kharif     ,Chhattisgarh,8.657824321155983,1966,1550.0,13.283898757375805,7.311245104169533,0.352,26.215,37.155,15.737
Peas & beans (Pulses),2001,Rabi       ,Chhattisgarh,9.380251908693456,4416,1550.0,14.006414868990442,8.03341837312656,0.329,26.215,37.155,15.737
Ragi,2001,Kharif     ,Chhattisgarh,9.292933670280036,3210,1550.0,13.919089006683631,7.946122040634964,0.284,26.215,37.155,15.737
Safflower,2001,Rabi       ,Chhattisgarh,5.82600010738045,84,1550.0,10.44932137541758,4.487287145331375,0.241,26.215,37.155,15.737
Sannhamp,2001,Whole Year ,Chhattisgarh,7.459914766241105,611,1550.0,12.085591047026124,6.1144783230031265,0.349,26.215,37.155,15.737
Soyabean,2001,Kharif     ,Chhattisgarh,9.270776740780013,8162,1550.0,13.89693003437971,7.92397098066412,0.915,26.215,37.155,15.737
Sugarcane,2001,Whole Year ,Chhattisgarh,8.153925132007862,9046,1550.0,12.779886814841944,6.807669715159781,2.806,26.215,37.155,15.737
Sunflower,2001,Kharif     ,Chhattisgarh,7.9676267393338165,1184,1550.0,12.593530084440584,6.621538798691966,0.389,26.215,37.155,15.737
Tobacco,2001,Whole Year ,Chhattisgarh,3.713572066704308,22,1550.0,8.315370721805712,2.4336133554004498,0.608,26.215,37.155,15.737
Turmeric,2001,Whole Year ,Chhattisgarh,6.476972362889683,591,1550.0,11.101694315148363,5.134267854541531,1.075,26.215,37.155,15.737
Urad,2001,Rabi       ,Chhattisgarh,8.616133139271142,1334,1550.0,13.242200249161343,7.269574966005442,0.251,26.215,37.155,15.737
Dry chillies,2001,Whole Year ,Gujarat,9.517898598432753,12100,666.5,14.144072303272884,8.17103418920548,0.891,27.298,39.505,16.361
Other  Rabi pulses,2001,Rabi       ,Gujarat,7.783640596221253,1400,666.5,12.409474607685338,6.437751649736401,0.592,27.298,39.505,16.361
Rice,2001,Summer     ,Gujarat,8.24301946898925,11500,666.5,12.869005433996502,6.8966943316227125,2.935,27.298,39.505,16.361
Small millets,2001,Kharif     ,Gujarat,9.465060106725137,2900,666.5,14.091229860966017,8.118207049405783,0.21,27.298,39.505,16.361
Small millets,2001,Rabi       ,Gujarat,7.0909098220799835,400,666.5,11.716331506868043,5.746203190540153,0.433,27.298,39.505,16.361
Arhar/Tur,2001,Kharif     ,Haryana,9.792779430551706,13900,483.8,14.418970634057418,8.44586473743581,0.772,26.147,38.932,14.599
Dry chillies,2001,Whole Year ,Haryana,7.56734567601324,2200,483.8,12.193080056197966,6.221742587322791,0.806,26.147,38.932,14.599
Groundnut,2001,Kharif     ,Haryana,6.186208623900494,300,483.8,10.810415590864487,4.844974178195408,0.304,26.147,38.932,14.599
Horse-gram,2001,Kharif     ,Haryana,5.739792912179234,0,483.8,10.36285039386807,4.401829261970061,0.0,26.147,38.932,14.599
Maize,2001,Kharif     ,Haryana,9.795066803581708,47000,483.8,14.421258133456549,8.448151747321084,1.052,26.147,38.932,14.599
Masoor,2001,Rabi       ,Haryana,9.140561477368266,7500,483.8,13.766701806122093,7.793792967685271,0.811,26.147,38.932,14.599
Moong(Green Gram),2001,Kharif     ,Haryana,9.519367998447342,3100,483.8,14.145541810195036,8.172503282022532,0.069,26.147,38.932,14.599
Moth,2001,Kharif     ,Haryana,7.521859252201629,200,483.8,12.147569793043349,6.176324545996583,0.046,26.147,38.932,14.599
Peas & beans (Pulses),2001,Rabi       ,Haryana,6.97166860472579,1200,483.8,11.596985783533786,5.627261336748458,0.576,26.147,38.932,14.599
Sannhamp,2001,Whole Year ,Haryana,7.547501682814967,700,483.8,12.173225796081196,6.201928045264817,0.117,26.147,38.932,14.599
Sesamum,2001,Kharif     ,Haryana,8.48446336679332,1400,483.8,13.110505226619503,7.137977715760639,0.161,26.147,38.932,14.599
Sunflower,2001,Rabi       ,Haryana,7.856319571406588,3700,483.8,12.48218250496368,6.510347622251703,1.175,26.147,38.932,14.599
Sweet potato,2001,Whole Year ,Haryana,4.499809670330265,0,483.8,9.114992891476195,3.1838702156693857,0.0,26.147,38.932,14.599
Urad,2001,Kharif     ,Haryana,7.600902459542082,400,483.8,12.226653744248637,6.255250876884208,0.102,26.147,38.932,14.599
Arhar/Tur,2001,Kharif     ,Himachal Pradesh,7.300472814267799,339,918.1,11.926050494165661,5.955319100471629,0.495,21.361,32.991,11.848
Bajra,2001,Kharif     ,Himachal Pradesh,4.709530201312334,57,918.1,9.326815886532623,3.3877743613300146,0.598,21.361,32.991,11.848
Coriander,2001,Whole Year ,Himachal Pradesh,5.733341276897746,105,918.1,10.35637808445529,4.395436321583799,1.351,21.361,32.991,11.848
Cotton(lint),2001,Kharif     ,Himachal Pradesh,3.044522437723423,13,918.1,7.622468237456643,1.824549292051046,0.898,21.361,32.991,11.848
Dry chillies,2001,Whole Year ,Himachal Pradesh,6.932447891572509,195,918.1,11.557727879099096,5.588147131057276,0.219,21.361,32.991,11.848
Garlic,2001,Whole Year ,Himachal Pradesh,7.37650812632622,1719,918.1,12.00213479093355,6.031213966625265,1.018,21.361,32.991,11.848
Gram,2001,Rabi       ,Himachal Pradesh,7.0431599159883405,1004,918.1,11.668541242446164,5.698568907603313,0.763,21.361,32.991,11.848
Groundnut,2001,Kharif     ,Himachal Pradesh,4.867534450455582,75,918.1,9.486134815724547,3.5421180727185324,0.508,21.361,32.991,11.848
Horse-gram,2001,Kharif     ,Himachal Pradesh,7.791109510610028,967,918.1,12.416946592153685,6.445211753834195,0.396,21.361,32.991,11.848
Linseed,2001,Rabi       ,Himachal Pradesh,7.728855823852543,558,918.1,12.354666601035442,6.383033550024035,0.38,21.361,32.991,11.848
Masoor,2001,Kharif     ,Himachal Pradesh,6.62273632394984,278,918.1,11.247665201141693,5.279440310778347,0.502,21.361,32.991,11.848
Moong(Green Gram),2001,Kharif     ,Himachal Pradesh,4.553876891600541,32,918.1,9.169645452714859,3.2363227384719213,0.499,21.361,32.991,11.848
Other  Rabi pulses,2001,Rabi       ,Himachal Pradesh,3.044522437723423,12,918.1,7.622468237456643,1.824549292051046,0.565,21.361,32.991,11.848
Other Kharif pulses,2001,Kharif     ,Himachal Pradesh,8.535229553902337,2568,918.1,13.161281544795257,7.188714805673091,0.485,21.361,32.991,11.848
Peas & beans (Pulses),2001,Kharif     ,Himachal Pradesh,8.574518258035507,11949,918.1,13.200577743911097,7.227981982909644,1.549,21.361,32.991,11.848
Rapeseed &Mustard,2001,Rabi       ,Himachal Pradesh,9.248406572782638,5482,918.1,13.874557757480538,7.901606872064388,0.638,21.361,32.991,11.848
Sannhamp,2001,Whole Year ,Himachal Pradesh,3.6635616461296463,38,918.1,8.26409030765897,2.3869262414277967,1.0,21.361,32.991,11.848
Sesamum,2001,Kharif     ,Himachal Pradesh,8.406485069431817,2404,918.1,13.032510330328364,7.060047089324396,0.35,21.361,32.991,11.848
Small millets,2001,Kharif     ,Himachal Pradesh,9.537195079502435,8397,918.1,14.163370175838143,8.190326671820221,0.551,21.361,32.991,11.848
Soyabean,2001,Kharif     ,Himachal Pradesh,6.495265555937008,725,918.1,11.120015164406533,5.152482018324492,1.176,21.361,32.991,11.848
Sweet potato,2001,Whole Year ,Himachal Pradesh,4.634728988229636,0,918.1,9.25131531479925,3.314913013065143,0.0,21.361,32.991,11.848
Tobacco,2001,Whole Year ,Himachal Pradesh,3.1780538303479458,26,918.1,7.762166351810002,1.9430489167742813,1.05,21.361,32.991,11.848
Turmeric,2001,Whole Year ,Himachal Pradesh,4.852030263919617,74,918.1,9.470510693047407,3.5269485869677157,0.596,21.361,32.991,11.848
Urad,2001,Kharif     ,Himachal Pradesh,9.493185766536437,5393,918.1,14.119357649630922,8.146326592052743,0.476,21.361,32.991,11.848
Castor seed,2001,Kharif     ,Madhya Pradesh,7.822845290279774,807,955.0,12.448695163925109,6.476910822534576,0.364,25.766,37.544,15.009
Ginger,2001,Kharif     ,Madhya Pradesh,8.507344855361422,6801,955.0,13.133391345219934,7.160845906664299,1.149,25.766,37.544,15.009
Jowar,2001,Rabi       ,Madhya Pradesh,8.450412157725886,4222,955.0,13.07644692815802,7.103946867294955,1.232,25.766,37.544,15.009
Ragi,2001,Kharif     ,Madhya Pradesh,6.2324480165505225,135,955.0,10.856747233475415,4.890950451150276,0.258,25.766,37.544,15.009
Safflower,2001,Rabi       ,Madhya Pradesh,5.7745515455444085,83,955.0,10.39771813719027,4.436278049505797,0.266,25.766,37.544,15.009
Sannhamp,2001,Whole Year ,Madhya Pradesh,8.702177865629675,10489,955.0,13.328259767834915,7.355577203169126,1.863,25.766,37.544,15.009
Sunflower,2001,Kharif     ,Madhya Pradesh,7.618742377670413,905,955.0,12.244502420974674,6.273065667993761,0.337,25.766,37.544,15.009
Tobacco,2001,Whole Year ,Madhya Pradesh,5.545177444479562,120,955.0,10.167548453824118,4.209160236650682,0.498,25.766,37.544,15.009
Turmeric,2001,Whole Year ,Madhya Pradesh,5.948034989180646,399,955.0,10.57169275191594,4.608365076884611,0.969,25.766,37.544,15.009
Castor seed,2001,Kharif     ,Maharashtra,9.38437770918244,3250,1035.8,14.010541013499566,8.037543185118697,0.347,25.672,36.618,15.831
Maize,2001,Summer     ,Maharashtra,9.04793908261736,11700,1035.8,13.674069106002138,7.701200180857446,1.294,25.672,36.618,15.831
Rapeseed &Mustard,2001,Rabi       ,Maharashtra,9.409273194575334,3080,1035.8,14.035438544888269,8.062432791583195,0.305,25.672,36.618,15.831
Sesamum,2001,Rabi       ,Maharashtra,8.412054873292933,960,1035.8,13.038081363222114,7.065613363597717,0.224,25.672,36.618,15.831
Small millets,2001,Rabi       ,Maharashtra,9.90353755128617,9900,1035.8,14.52973455369813,8.556606193773073,0.506,25.672,36.618,15.831
Sunflower,2001,Summer     ,Maharashtra,8.665785595466064,5200,1035.8,13.291861396302796,7.319202458767849,1.199,25.672,36.618,15.831
Arhar/Tur,2001,Kharif     ,Mizoram,3.9889840465642745,49,2406.4,8.596723152272974,2.6932749155200555,0.92,21.685,32.201,13.001
Cotton(lint),2001,Kharif     ,Mizoram,6.428105272684596,1264,2406.4,11.052750812679921,5.085619073095366,2.625,21.685,32.201,13.001
Maize,2001,Kharif     ,Mizoram,8.611411866655219,13758,2406.4,13.237478127461948,7.264856132208631,2.077,21.685,32.201,13.001
Maize,2001,Rabi       ,Mizoram,7.541683099882111,2887,2406.4,12.16740416386901,6.196118209108347,1.602,21.685,32.201,13.001
Masoor,2001,Rabi       ,Mizoram,3.828641396489095,57,2406.4,8.433126565297787,2.5416019934645457,1.023,21.685,32.201,13.001
Moong(Green Gram),2001,Kharif     ,Mizoram,1.8718021769015913,4,2406.4,6.332773283272492,0.8878912573524571,0.69,21.685,32.201,13.001
Moong(Green Gram),2001,Rabi       ,Mizoram,4.428074948165718,72,2406.4,9.042430466657514,3.1144038032714896,1.05,21.685,32.201,13.001
Peas & beans (Pulses),2001,Kharif     ,Mizoram,4.623991940228679,161,2406.4,9.240473475294706,3.3044661927023835,1.53,21.685,32.201,13.001
Peas & beans (Pulses),2001,Rabi       ,Mizoram,4.93806460126142,97,2406.4,9.55718753105268,3.6111881463980646,0.85,21.685,32.201,13.001
Rapeseed &Mustard,2001,Rabi       ,Mizoram,7.822044008185619,2173,2406.4,12.447893563821593,6.4761104530905875,0.848,21.685,32.201,13.001
Sesamum,2001,Kharif     ,Mizoram,8.29054350077274,1741,2406.4,12.916541559885903,6.944183635595689,0.502,21.685,32.201,13.001
Soyabean,2001,Kharif     ,Mizoram,7.144407180321139,1212,2406.4,11.76987184842084,5.799577385444326,0.98,21.685,32.201,13.001
Tobacco,2001,Whole Year ,Mizoram,5.680172609017068,224,2406.4,10.303033845632667,4.342765920720579,0.76,21.685,32.201,13.001
Urad,2001,Kharif     ,Mizoram,3.367295829986474,29,2406.4,7.95880065500351,2.1138429683971687,1.02,21.685,32.201,13.001
Urad,2001,Rabi       ,Mizoram,3.6109179126442243,23,2406.4,8.2100373975728,2.337952236831337,0.643,21.685,32.201,13.001
Arhar/Tur,2001,Kharif     ,Nagaland,8.853808274977197,5000,1532.0,13.479913338403948,7.507141079727608,0.722,20.756,31.373,12.288
Bajra,2001,Kharif     ,Nagaland,7.313886831633462,1000,1532.0,11.93947342628719,5.968707559985366,0.66,20.756,31.373,12.288
Barley,2001,Rabi       ,Nagaland,8.294299608857235,8000,1532.0,12.920298599549609,6.947937068614969,2.009,20.756,31.373,12.288
Cotton(lint),2001,Kharif     ,Nagaland,5.993961427306569,400,1532.0,10.617735537004092,4.653960350157523,0.991,20.756,31.373,12.288
Gram,2001,Rabi       ,Nagaland,6.90875477931522,1000,1532.0,11.534011581966489,5.564520407322694,1.008,20.756,31.373,12.288
Groundnut,2001,Kharif     ,Nagaland,6.2166061010848646,550,1532.0,10.840874192705016,4.875197323201151,1.13,20.756,31.373,12.288
Groundnut,2001,Rabi       ,Nagaland,7.237778191923443,1710,1532.0,11.863312581893014,5.892748574168825,1.25,20.756,31.373,12.288
Jowar,2001,Kharif     ,Nagaland,7.313886831633462,1200,1532.0,11.93947342628719,5.968707559985366,0.802,20.756,31.373,12.288
Jute,2001,Kharif     ,Nagaland,5.707110264748875,300,1532.0,10.330061623854528,4.3694478524670215,0.987,20.756,31.373,12.288
Linseed,2001,Rabi       ,Nagaland,9.564582358673212,9250,1532.0,14.190759384405325,8.217708406845306,0.648,20.756,31.373,12.288
Moong(Green Gram),2001,Kharif     ,Nagaland,8.006700845440367,2000,1532.0,12.632617343049022,6.660575149839686,0.745,20.756,31.373,12.288
Peas & beans (Pulses),2001,Kharif     ,Nagaland,7.550135342488429,1550,1532.0,12.175860830121934,6.20455776256869,0.815,20.756,31.373,12.288
Peas & beans (Pulses),2001,Rabi       ,Nagaland,8.987321812850125,8000,1532.0,13.613444556181516,7.640603826393634,1.0,20.756,31.373,12.288
Rapeseed &Mustard,2001,Rabi       ,Nagaland,9.680406499268875,15390,1532.0,14.306591124776881,8.333510708982942,0.951,20.756,31.373,12.288
Rice,2001,Rabi       ,Nagaland,7.313886831633462,2000,1532.0,11.93947342628719,5.968707559985366,1.76,20.756,31.373,12.288
Sesamum,2001,Kharif     ,Nagaland,7.791935956938058,1910,1532.0,12.417773376783083,6.446037229323174,0.78,20.756,31.373,12.288
Sesamum,2001,Rabi       ,Nagaland,8.933400396056303,6090,1532.0,13.559516281972593,7.586702110140941,0.836,20.756,31.373,12.288
Small millets,2001,Kharif     ,Nagaland,9.305741456739435,7500,1532.0,13.931897953501235,7.95892649305011,0.685,20.756,31.373,12.288
Soyabean,2001,Kharif     ,Nagaland,9.798182590890704,25000,1532.0,14.424374092437176,8.45126704130007,1.459,20.756,31.373,12.288
Sunflower,2001,Kharif     ,Nagaland,6.594413459749778,820,1532.0,11.21930445857712,5.251225759014186,1.176,20.756,31.373,12.288
Sunflower,2001,Rabi       ,Nagaland,6.803505257608338,1130,1532.0,11.428652154235449,5.459585514144159,1.17,20.756,31.373,12.288
Wheat,2001,Rabi       ,Nagaland,8.699681400989514,12350,1532.0,13.325762891705915,7.353081920515432,2.04,20.756,31.373,12.288
Arhar/Tur,2001,Rabi       ,Odisha,5.673323267171493,160,1672.5,10.296161197594618,4.335982696172475,0.617,26.07,36.484,17.583
Bajra,2001,Kharif     ,Odisha,8.296795865770052,2270,1672.5,12.92279547364382,6.950431553262574,0.555,26.07,36.484,17.583
Castor seed,2001,Kharif     ,Odisha,9.06773940337716,4310,1672.5,13.693871710711395,7.720993939799903,0.521,26.07,36.484,17.583
Castor seed,2001,Rabi       ,Odisha,9.129238770539141,5020,1672.5,13.755377890118638,7.782473734945333,0.533,26.07,36.484,17.583
Coriander,2001,Whole Year ,Odisha,9.46583494017472,5970,1672.5,14.092004753869004,8.118981712019382,0.45,26.07,36.484,17.583
Garlic,2001,Whole Year ,Odisha,9.099520536870939,28280,1672.5,13.725656416874207,7.752764808851328,3.165,26.07,36.484,17.583
Ginger,2001,Kharif     ,Odisha,9.475853519656901,25210,1672.5,14.102024097947846,8.128998094473028,1.809,26.07,36.484,17.583
Jowar,2001,Kharif     ,Odisha,9.414178772232386,7090,1672.5,14.040344519729343,8.067337227973265,0.608,26.07,36.484,17.583
Masoor,2001,Rabi       ,Odisha,9.081483749851179,3250,1672.5,13.707617616198334,7.734733807175603,0.364,26.07,36.484,17.583
Rapeseed &Mustard,2001,Rabi       ,Odisha,9.558176367247711,2224,1672.5,14.184352946409613,8.211303698648802,0.139,26.07,36.484,17.583
Safflower,2001,Rabi       ,Odisha,8.281723990411392,2190,1672.5,12.907719848328249,6.93537044601511,0.49,26.07,36.484,17.583
Sunflower,2001,Kharif     ,Odisha,6.133398042996649,200,1672.5,10.757494286590696,4.792479284293085,0.568,26.07,36.484,17.583
Sunflower,2001,Rabi       ,Odisha,9.098402718735318,6850,1672.5,13.724538474996596,7.751647346234508,0.665,26.07,36.484,17.583
Tobacco,2001,Whole Year ,Odisha,8.644882552557126,3580,1672.5,13.27095474714919,7.298309774354547,0.524,26.07,36.484,17.583
Wheat,2001,Rabi       ,Odisha,8.850374303939237,10565,1672.5,13.476478880767614,7.50370850655065,1.129,26.07,36.484,17.583
Arhar/Tur,2001,Kharif     ,Punjab,9.127067452782361,7900,479.3,13.753206338913778,7.780303087908373,0.913,25.932,38.958,14.088
Gram,2001,Rabi       ,Punjab,8.867990898182093,6200,479.3,13.49409795369484,7.52131798019924,0.92,25.932,38.958,14.088
Groundnut,2001,Kharif     ,Punjab,5.993961427306569,400,479.3,10.617735537004092,4.653960350157523,1.0,25.932,38.958,14.088
Linseed,2001,Rabi       ,Punjab,5.707110264748875,300,479.3,10.330061623854528,4.3694478524670215,1.0,25.932,38.958,14.088
Masoor,2001,Rabi       ,Punjab,8.366602832783736,3000,479.3,12.992619090348668,7.020190708311925,0.768,25.932,38.958,14.088
Moth,2001,Kharif     ,Punjab,5.707110264748875,300,479.3,10.330061623854528,4.3694478524670215,1.0,25.932,38.958,14.088
Rapeseed &Mustard,2001,Rabi       ,Punjab,8.517393171418904,6500,479.3,13.143441661292783,7.170888478512505,1.263,25.932,38.958,14.088
Sunflower,2001,Kharif     ,Tamil Nadu,8.796036315200814,8530,481.3,13.422132965598859,7.449393287858276,1.323,27.596,37.596,20.031
Cotton(lint),2001,Kharif     ,Uttar Pradesh,8.414717399827001,4571,849.9,13.040744474854705,7.068274209815247,1.328,26.209,38.048,14.902
Maize,2001,Rabi       ,Uttar Pradesh,9.765374250406493,28376,849.9,14.391563917180077,8.418463973356252,1.635,26.209,38.048,14.902
Moth,2001,Kharif     ,Uttar Pradesh,5.8289456176102075,132,849.9,10.452275501863902,4.49020816751841,0.461,26.209,38.048,14.902
Rice,2001,Summer     ,Uttar Pradesh,7.948031990637284,6741,849.9,12.573928543982184,6.601963545357974,2.098,26.209,38.048,14.902
Soyabean,2001,Kharif     ,Uttar Pradesh,9.300181075975972,7909,849.9,13.926337070804221,7.953367554488541,0.717,26.209,38.048,14.902
Sunflower,2001,Kharif     ,Uttar Pradesh,8.61195776786066,10609,849.9,13.238024127048517,7.265401750834757,1.764,26.209,38.048,14.902
Turmeric,2001,Whole Year ,Uttar Pradesh,7.258412150595307,2543,849.9,11.883961088967455,5.913340830326403,1.838,26.209,38.048,14.902
Arhar/Tur,2001,Kharif     ,Uttarakhand,7.5678626054638825,1053,1541.3,12.193597250383752,6.222258757352715,0.621,18.842,29.338,10.112
Bajra,2001,Kharif     ,Uttarakhand,3.8066624897703196,57,1541.3,8.410658653530602,2.5209170873110334,1.295,18.842,29.338,10.112
Gram,2001,Rabi       ,Uttarakhand,7.138866999945524,868,1541.3,11.764327322762396,5.794049656866372,0.594,18.842,29.338,10.112
Groundnut,2001,Kharif     ,Uttarakhand,7.036148493750536,1014,1541.3,11.661523730061317,5.691574931548456,0.895,18.842,29.338,10.112
Horse-gram,2001,Kharif     ,Uttarakhand,8.9595686535445,3437,1541.3,13.58568791358454,7.612860674236749,0.477,18.842,29.338,10.112
Linseed,2001,Rabi       ,Uttarakhand,2.772588722239781,6,1541.3,7.3349492625538675,1.589235205116581,0.307,18.842,29.338,10.112
Maize,2001,Rabi       ,Uttarakhand,4.836281906951478,183,1541.3,9.45463857736279,3.5115454388310208,1.1,18.842,29.338,10.112
Masoor,2001,Rabi       ,Uttarakhand,9.592195614445213,7651,1541.3,14.218374532723013,8.245316224322375,0.506,18.842,29.338,10.112
Moong(Green Gram),2001,Kharif     ,Uttarakhand,4.219507705176107,32,1541.3,8.831085261232973,2.913437030827161,0.342,18.842,29.338,10.112
Moong(Green Gram),2001,Rabi       ,Uttarakhand,4.0943445622221,16,1541.3,8.70394989837525,2.7936160894318567,0.287,18.842,29.338,10.112
Moth,2001,Kharif     ,Uttarakhand,2.4849066497880004,4,1541.3,7.025031519572926,1.3506671834767394,0.34,18.842,29.338,10.112
Other  Rabi pulses,2001,Rabi       ,Uttarakhand,5.356586274672012,93,1541.3,9.978151048929112,4.022848560517031,0.388,18.842,29.338,10.112
Other Cereals,2001,Kharif     ,Uttarakhand,8.91085558740525,2004,1541.3,13.536968494744418,7.564165858426075,0.284,18.842,29.338,10.112
Other Cereals,2001,Rabi       ,Uttarakhand,7.101675971619444,1383,1541.3,11.727106492589096,5.756944022770433,1.107,18.842,29.338,10.112
Other Kharif pulses,2001,Kharif     ,Uttarakhand,9.310638093291546,6408,1541.3,13.936795029765552,7.963821866178144,0.58,18.842,29.338,10.112
Peas & beans (Pulses),2001,Rabi       ,Uttarakhand,8.087025470667701,2370,1541.3,12.712967443714133,6.740826640995662,0.656,18.842,29.338,10.112
Rapeseed &Mustard,2001,Rabi       ,Uttarakhand,9.375515769935166,7557,1541.3,14.001678333566435,8.028683374133662,0.522,18.842,29.338,10.112
Rice,2001,Rabi       ,Uttarakhand,8.232706009860976,11855,1541.3,12.858689273471548,6.886388629240246,2.262,18.842,29.338,10.112
Sesamum,2001,Kharif     ,Uttarakhand,7.752764808851328,400,1541.3,12.378585882636898,6.406912988825048,0.181,18.842,29.338,10.112
Small millets,2001,Rabi       ,Uttarakhand,0.6931471805599453,1,1541.3,4.635990328327978,0.23111172096338664,1.0,18.842,29.338,10.112
Soyabean,2001,Kharif     ,Uttarakhand,9.178746500385005,6176,1541.3,13.804890807499786,7.831966560324027,0.599,18.842,29.338,10.112
Sunflower,2001,Kharif     ,Uttarakhand,3.871201010907891,46,1541.3,8.476602420161823,2.5817308344235403,0.667,18.842,29.338,10.112
Turmeric,2001,Whole Year ,Uttarakhand,3.828641396489095,97,1541.3,8.433126565297787,2.5416019934645457,1.922,18.842,29.338,10.112
Urad,2001,Kharif     ,Uttarakhand,9.276689752517717,6660,1541.3,13.902843595715535,7.929882413262056,0.592,18.842,29.338,10.112
Urad,2001,Rabi       ,Uttarakhand,6.900730664045173,370,1541.3,11.525979489231691,5.55651913367731,0.123,18.842,29.338,10.112
other oilseeds,2001,Rabi       ,Uttarakhand,5.476463551931511,126,1541.3,10.098558324929014,4.141228148120951,0.466,18.842,29.338,10.112
Bajra,2002,Kharif     ,Bihar,6.926577033222725,1048,1105.8,11.47600273343353,5.543222409643759,1.009,26.235,37.238,15.889
Barley,2002,Rabi       ,Bihar,9.924661787767535,23432,1105.8,14.475010511401859,8.53851427311992,1.154,26.235,37.238,15.889
Castor seed,2002,Kharif     ,Bihar,5.75890177387728,312,1105.8,10.306172800410632,4.382026634673881,0.993,26.235,37.238,15.889
Coriander,2002,Whole Year ,Bihar,7.692113339595466,1426,1105.8,12.242058806231196,6.307187279715285,0.661,26.235,37.238,15.889
Dry chillies,2002,Whole Year ,Bihar,8.137688184977605,2301,1105.8,12.687796078791612,6.752270376141742,0.683,26.235,37.238,15.889
Garlic,2002,Whole Year ,Bihar,7.706162970199576,3280,1105.8,12.256114739993457,6.32121783348045,1.446,26.235,37.238,15.889
Ginger,2002,Whole Year ,Bihar,5.978885764901122,584,1105.8,10.526774878745211,4.600157644164547,1.381,26.235,37.238,15.889
Groundnut,2002,Kharif     ,Bihar,5.918893854273146,183,1105.8,10.46662769406353,4.54063166485052,0.491,26.235,37.238,15.889
Horse-gram,2002,Kharif     ,Bihar,9.479909389001037,10420,1105.8,14.03023098213584,8.093844114209512,0.791,26.235,37.238,15.889
Jowar,2002,Kharif     ,Bihar,8.390041405755754,4446,1105.8,12.940213821817318,7.0044281662423975,1.021,26.235,37.238,15.889
Moong(Green Gram),2002,Kharif     ,Bihar,9.274253697719836,5746,1105.8,13.824558035823754,7.8882407228982885,0.471,26.235,37.238,15.889
Other  Rabi pulses,2002,Rabi       ,Bihar,8.167068178341237,2511,1105.8,12.717184448343035,6.7816250018379245,0.759,26.235,37.238,15.889
Other Kharif pulses,2002,Kharif     ,Bihar,8.685077700412423,3268,1105.8,13.235307542364286,7.299290481556803,0.575,26.235,37.238,15.889
Ragi,2002,Kharif     ,Bihar,9.937695723865865,14237,1105.8,14.488045074737048,8.5515463077879,0.736,26.235,37.238,15.889
Safflower,2002,Rabi       ,Bihar,5.093750200806762,132,1105.8,9.638058697002727,3.7256934272366524,0.82,26.235,37.238,15.889
Sannhamp,2002,Whole Year ,Bihar,8.351374706721296,3012,1105.8,12.90153826144069,6.965788310232747,0.727,26.235,37.238,15.889
Sesamum,2002,Kharif     ,Bihar,8.239065331769268,2727,1105.8,12.789201116763632,6.85356304989871,0.676,26.235,37.238,15.889
Small millets,2002,Kharif     ,Bihar,8.783089671796096,4939,1105.8,13.333335136085248,7.397255116033375,0.764,26.235,37.238,15.889
Sunflower,2002,Kharif     ,Bihar,9.500020447090638,17393,1105.8,14.05034354483382,8.11395061166117,1.258,26.235,37.238,15.889
Tobacco,2002,Whole Year ,Bihar,9.612667227583843,16805,1105.8,14.162998215737181,8.226573474977114,1.124,26.235,37.238,15.889
Turmeric,2002,Whole Year ,Bihar,7.982074875081202,2893,1105.8,12.53213405564351,6.5968045795910015,0.994,26.235,37.238,15.889
Bajra,2002,Kharif     ,Chhattisgarh,4.204692619390966,26,1001.4,8.740211934942279,2.8622008809294686,0.51,26.84,38.118,15.542
Barley,2002,Rabi       ,Chhattisgarh,8.29853954537488,3145,1001.4,12.84869042407301,6.912991545777383,0.607,26.84,38.118,15.542
Castor seed,2002,Kharif     ,Chhattisgarh,4.31748811353631,21,1001.4,8.854604986514117,2.970414465569701,0.231,26.84,38.118,15.542
Coriander,2002,Whole Year ,Chhattisgarh,8.231109840328154,969,1001.4,12.781243537386569,6.845613882444288,0.244,26.84,38.118,15.542
Cotton(lint),2002,Kharif     ,Chhattisgarh,4.51085950651685,75,1001.4,9.050324190343511,3.1570004211501135,1.276,26.84,38.118,15.542
Dry chillies,2002,Whole Year ,Chhattisgarh,8.771990436532242,5687,1001.4,13.322234207604989,7.386161011492017,0.857,26.84,38.118,15.542
Garlic,2002,Whole Year ,Chhattisgarh,6.705639094860003,2288,1001.4,11.25482445988429,5.3230099791384085,2.982,26.84,38.118,15.542
Ginger,2002,Whole Year ,Chhattisgarh,7.232010331664759,1266,1001.4,11.781691807715866,5.847882818629958,1.057,26.84,38.118,15.542
Horse-gram,2002,Rabi       ,Chhattisgarh,7.996317231796746,748,1001.4,12.546381192664597,6.6110324618782075,0.258,26.84,38.118,15.542
Jowar,2002,Kharif     ,Chhattisgarh,8.961750799330497,5770,1001.4,13.512021084261592,7.575841028946711,0.937,26.84,38.118,15.542
Masoor,2002,Rabi       ,Chhattisgarh,9.615805480084347,4634,1001.4,14.166136675583418,8.229711098967122,0.289,26.84,38.118,15.542
Mesta,2002,Kharif     ,Chhattisgarh,6.959398512133975,1918,1001.4,11.508855594270504,5.575949103146316,1.867,26.84,38.118,15.542
Moong(Green Gram),2002,Kharif     ,Chhattisgarh,9.172223049863055,2253,1001.4,13.722517416751595,7.786240296120393,0.211,26.84,38.118,15.542
Moong(Green Gram),2002,Rabi       ,Chhattisgarh,8.828054536815424,1698,1001.4,13.378306671492327,7.442199768346762,0.249,26.84,38.118,15.542
Other  Rabi pulses,2002,Rabi       ,Chhattisgarh,7.053585727193677,391,1001.4,11.603127346881847,5.66988092298052,0.314,26.84,38.118,15.542
Other Kharif pulses,2002,Kharif     ,Chhattisgarh,8.624431942085836,1814,1001.4,13.174651321963351,7.238676422469778,0.321,26.84,38.118,15.542
Peas & beans (Pulses),2002,Rabi       ,Chhattisgarh,9.40771473139643,4180,1001.4,13.95803066701125,8.021666604939416,0.309,26.84,38.118,15.542
Ragi,2002,Kharif     ,Chhattisgarh,9.261413642160184,2184,1001.4,13.8117167806831,7.875404303131434,0.211,26.84,38.118,15.542
Safflower,2002,Rabi       ,Chhattisgarh,6.246106765481563,119,1001.4,10.79458457129001,4.865609522045998,0.254,26.84,38.118,15.542
Sannhamp,2002,Whole Year ,Chhattisgarh,7.422373700986824,492,1001.4,11.972179271354214,6.037870919922137,0.298,26.84,38.118,15.542
Soyabean,2002,Kharif     ,Chhattisgarh,9.626151772138492,8335,1001.4,14.176483646630702,8.240055332840127,0.598,26.84,38.118,15.542
Sugarcane,2002,Whole Year ,Chhattisgarh,8.28349412616251,9967,1001.4,12.83364127097132,6.897957436502026,2.751,26.84,38.118,15.542
Sunflower,2002,Kharif     ,Chhattisgarh,7.860185057472165,996,1001.4,12.410200417502143,6.475047434480098,0.389,26.84,38.118,15.542
Tobacco,2002,Whole Year ,Chhattisgarh,3.6888794541139363,18,1001.4,8.214229615966005,2.3749057545736716,0.52,26.84,38.118,15.542
Turmeric,2002,Whole Year ,Chhattisgarh,6.523562306149512,586,1001.4,11.072505492026105,5.14166355650266,1.031,26.84,38.118,15.542
Urad,2002,Rabi       ,Chhattisgarh,8.734077192559303,1403,1001.4,13.284315036034405,7.348265728833102,0.231,26.84,38.118,15.542
Dry chillies,2002,Whole Year ,Gujarat,9.401043372798053,10500,458.4,13.951358764701148,8.014996894348302,0.832,27.782,40.632,16.655
Other  Rabi pulses,2002,Rabi       ,Gujarat,8.343077871169383,2200,458.4,12.893239479411085,6.957497370876951,0.527,27.782,40.632,16.655
Small millets,2002,Kharif     ,Gujarat,9.375939552625749,3100,458.4,13.926252865764354,7.989899374942939,0.294,27.782,40.632,16.655
Small millets,2002,Rabi       ,Gujarat,7.496097345175956,500,458.4,12.045944972345806,6.111467339502679,0.26,27.782,40.632,16.655
Banana,2002,Whole Year ,Haryana,5.043425116919247,0,353.9,9.587418351165454,3.676300671907076,0.0,27.152,39.836,15.185
Groundnut,2002,Kharif     ,Haryana,7.829232537543592,1900,353.9,12.379235892739294,6.444131256700441,0.496,27.152,39.836,15.185
Horse-gram,2002,Kharif     ,Haryana,6.102558594613569,100,353.9,10.650739795755618,4.722953221644475,0.062,27.152,39.836,15.185
Maize,2002,Kharif     ,Haryana,9.673256443720023,29000,353.9,14.223591322259272,8.287150898410871,0.478,27.152,39.836,15.185
Masoor,2002,Rabi       ,Haryana,8.704336438489406,5400,353.9,13.25456947220953,7.318539548567902,0.668,27.152,39.836,15.185
Moong(Green Gram),2002,Kharif     ,Haryana,9.816294340833752,2800,353.9,14.36663752041279,8.430163632443135,0.138,27.152,39.836,15.185
Moth,2002,Kharif     ,Haryana,9.918622440120398,1000,353.9,14.46897087033756,8.532475814947395,0.042,27.152,39.836,15.185
Peas & beans (Pulses),2002,Rabi       ,Haryana,7.01571242048723,1300,353.9,11.565221001944845,5.63210743794931,0.722,27.152,39.836,15.185
Sannhamp,2002,Whole Year ,Haryana,6.248042874508429,100,353.9,10.79652439635924,4.867534450455582,0.04,27.152,39.836,15.185
Sesamum,2002,Kharif     ,Haryana,9.151969458649853,3900,353.9,13.702261722269206,7.765993079407675,0.166,27.152,39.836,15.185
Sunflower,2002,Rabi       ,Haryana,7.5352967024440884,2800,353.9,12.08516545979508,6.150602768446279,0.989,27.152,39.836,15.185
Urad,2002,Kharif     ,Haryana,8.153637486385282,600,353.9,12.703749957849704,6.768205814032052,0.043,27.152,39.836,15.185
Arhar/Tur,2002,Kharif     ,Himachal Pradesh,5.814130531825066,52,890.8,10.361569778390903,4.436751534363128,0.22,22.165,33.736,11.913
Bajra,2002,Kharif     ,Himachal Pradesh,4.634728988229636,57,890.8,9.175473526968558,3.2771447329921766,0.775,22.165,33.736,11.913
Coriander,2002,Whole Year ,Himachal Pradesh,5.575949103146316,84,890.8,10.122591355041859,4.200954297280359,0.276,22.165,33.736,11.913
Cotton(lint),2002,Kharif     ,Himachal Pradesh,3.367295829986474,15,890.8,7.882978849473029,2.0794415416798357,0.428,22.165,33.736,11.913
Dry chillies,2002,Whole Year ,Himachal Pradesh,6.731018100482083,87,890.8,11.280233850632296,5.3482972988530575,0.207,22.165,33.736,11.913
Garlic,2002,Whole Year ,Himachal Pradesh,8.064950891749143,2379,890.8,12.615036957610243,6.679599185844383,0.64,22.165,33.736,11.913
Gram,2002,Rabi       ,Himachal Pradesh,7.20934025660291,1012,890.8,11.759005316729459,5.825262372193911,0.728,22.165,33.736,11.913
Groundnut,2002,Kharif     ,Himachal Pradesh,5.272999558563747,88,890.8,9.818309766218485,3.901972669574645,0.367,22.165,33.736,11.913
Horse-gram,2002,Kharif     ,Himachal Pradesh,7.8567067930958405,599,890.8,12.406720822556968,6.471573198211912,0.238,22.165,33.736,11.913
Linseed,2002,Rabi       ,Himachal Pradesh,7.384610383176974,364,890.8,11.934393178972535,6.000176487710004,0.135,22.165,33.736,11.913
Masoor,2002,Kharif     ,Himachal Pradesh,6.771935555839602,359,890.8,11.32119869751809,5.389071729816501,0.519,22.165,33.736,11.913
Moong(Green Gram),2002,Kharif     ,Himachal Pradesh,5.978885764901122,112,890.8,10.526774878745211,4.600157644164547,0.242,22.165,33.736,11.913
Other  Rabi pulses,2002,Rabi       ,Himachal Pradesh,3.58351893845611,10,890.8,8.106046976336104,2.277267285009756,0.26,22.165,33.736,11.913
Other Kharif pulses,2002,Kharif     ,Himachal Pradesh,8.631592731724734,1940,890.8,13.181813380214123,7.245833368388446,0.364,22.165,33.736,11.913
Peas & beans (Pulses),2002,Kharif     ,Himachal Pradesh,8.746080217357513,12057,890.8,13.296319961833321,7.360262993423612,1.156,22.165,33.736,11.913
Rapeseed &Mustard,2002,Rabi       ,Himachal Pradesh,9.193295937366925,4599,890.8,13.743592447849935,7.8073066868519945,0.39,22.165,33.736,11.913
Sesamum,2002,Kharif     ,Himachal Pradesh,8.40804774415544,1890,890.8,12.958224171261131,7.022422353960263,0.27,22.165,33.736,11.913
Small millets,2002,Kharif     ,Himachal Pradesh,9.504128762859725,5764,890.8,14.054452164261656,8.118058007002944,0.357,22.165,33.736,11.913
Soyabean,2002,Kharif     ,Himachal Pradesh,6.548219102762372,1124,890.8,11.097197725748245,5.166213525914699,1.382,22.165,33.736,11.913
Sugarcane,2002,Whole Year ,Himachal Pradesh,7.9817332866918855,4649,890.8,12.531792351765052,6.596463340891223,1.887,22.165,33.736,11.913
Tobacco,2002,Whole Year ,Himachal Pradesh,3.4965075614664802,38,890.8,8.016463102482259,2.1972245773362196,1.58,22.165,33.736,11.913
Turmeric,2002,Whole Year ,Himachal Pradesh,4.836281906951478,65,890.8,9.37879539793959,3.4735180432417816,0.419,22.165,33.736,11.913
Urad,2002,Kharif     ,Himachal Pradesh,9.447071196798909,3065,890.8,13.997390267157954,8.061013568763572,0.326,22.165,33.736,11.913
Bajra,2002,Rabi       ,Karnataka,5.605802066295998,215,860.8,10.152554958151454,4.230476736546681,0.79,26.234,36.81,17.305
Bajra,2002,Summer     ,Karnataka,6.093569770045136,381,860.8,10.641730940141866,4.7140245909001735,0.88,26.234,36.81,17.305
Black pepper,2002,Whole Year ,Karnataka,9.251002353695073,23178,860.8,13.801304508171594,7.864995997185246,2.213,26.234,36.81,17.305
Cardamom,2002,Whole Year ,Karnataka,9.873337575585245,1103,860.8,14.42368374828833,8.487197793880837,0.063,26.234,36.81,17.305
Castor seed,2002,Kharif     ,Karnataka,9.740497924041666,15693,860.8,14.290836852908923,8.354380101010326,0.893,26.234,36.81,17.305
Coriander,2002,Whole Year ,Karnataka,8.94715577112479,1114,860.8,13.497424190609408,7.56125165391229,0.124,26.234,36.81,17.305
Garlic,2002,Whole Year ,Karnataka,8.583916823459145,3983,860.8,13.134128851966171,7.198183577101943,1.382,26.234,36.81,17.305
Jowar,2002,Summer     ,Karnataka,9.139595967450425,15398,860.8,13.689886925001016,7.753623546559746,1.619,26.234,36.81,17.305
Linseed,2002,Rabi       ,Karnataka,9.76434042112597,6118,860.8,14.314680721990753,8.378218439125648,0.343,26.234,36.81,17.305
Maize,2002,Summer     ,Karnataka,9.335297611380566,28584,860.8,13.885607446466773,7.949267975609674,2.472,26.234,36.81,17.305
Mesta,2002,Kharif     ,Karnataka,8.045588280803528,4182,860.8,12.595668263407935,6.660254996163188,2.036,26.234,36.81,17.305
Moong(Green Gram),2002,Rabi       ,Karnataka,9.25770094333602,1831,860.8,13.808003732119676,7.871692664323645,0.172,26.234,36.81,17.305
Ragi,2002,Summer     ,Karnataka,8.84361509218395,7952,860.8,13.393869466230628,7.4577535378226,1.149,26.234,36.81,17.305
Rapeseed &Mustard,2002,Rabi       ,Karnataka,8.359603270841466,1134,860.8,12.909768740132856,6.974011074759202,0.216,26.234,36.81,17.305
Sannhamp,2002,Whole Year ,Karnataka,6.003887067106539,100,860.8,10.551838183820408,4.624972813284271,0.235,26.234,36.81,17.305
Urad,2002,Rabi       ,Karnataka,9.685642439673126,1895,860.8,14.235978084897885,8.299534570332597,0.119,26.234,36.81,17.305
Cashewnut,2002,Whole Year ,Madhya Pradesh,0.6931471805599453,0,800.8,4.560904769690076,0.22314355131420976,0.0,26.609,38.413,15.501
Castor seed,2002,Kharif     ,Madhya Pradesh,7.3727463664043285,546,800.8,11.922521827682408,5.988334654099054,0.339,26.609,38.413,15.501
Ginger,2002,Kharif     ,Madhya Pradesh,8.554103545436334,5325,800.8,13.104309970928982,7.168387274707339,0.932,26.609,38.413,15.501
Jowar,2002,Rabi       ,Madhya Pradesh,8.1797604936999,3285,800.8,12.729880306809672,6.7943065864745575,1.043,26.609,38.413,15.501
Ragi,2002,Kharif     ,Madhya Pradesh,6.411818267709897,150,800.8,10.960589415325039,5.030437921392435,0.185,26.609,38.413,15.501
Safflower,2002,Rabi       ,Madhya Pradesh,5.638354669333745,47,800.8,10.18522448762828,4.2626798770413155,0.216,26.609,38.413,15.501
Sannhamp,2002,Whole Year ,Madhya Pradesh,8.660080678964786,9234,800.8,13.210306285384211,7.274306293591076,1.585,26.609,38.413,15.501
Sunflower,2002,Kharif     ,Madhya Pradesh,7.764296006450518,931,800.8,12.314272935210234,6.379274719977426,0.272,26.609,38.413,15.501
Tobacco,2002,Whole Year ,Madhya Pradesh,5.159055299214529,75,800.8,9.703749810626327,3.7898553714539385,0.522,26.609,38.413,15.501
Maize,2002,Summer     ,Maharashtra,9.024131268455035,13500,967.4,13.574409226576288,7.638198244285779,1.386,26.255,37.392,16.242
Rapeseed &Mustard,2002,Rabi       ,Maharashtra,8.999742789830492,2270,967.4,13.550017804875583,7.613818684808629,0.318,26.255,37.392,16.242
Sesamum,2002,Rabi       ,Maharashtra,8.366602832783736,790,967.4,12.916769918333005,6.98100574072173,0.135,26.255,37.392,16.242
Small millets,2002,Rabi       ,Maharashtra,9.137877200242468,3000,967.4,13.68816797508885,7.75190533307861,0.433,26.255,37.392,16.242
Sunflower,2002,Summer     ,Maharashtra,8.434028950155469,3400,967.4,12.984211038921512,7.048386408721883,0.866,26.255,37.392,16.242
Arhar/Tur,2002,Kharif     ,Mizoram,4.624972813284271,75,2627.0,9.165622255754545,3.2676659890376327,0.653,21.788,32.479,12.441
Arhar/Tur,2002,Rabi       ,Mizoram,5.820082930352362,170,2627.0,10.367539757134692,4.442651256490317,0.505,21.788,32.479,12.441
Cotton(lint),2002,Kharif     ,Mizoram,5.963579343618446,1030,2627.0,10.511429723641811,4.584967478670572,2.412,21.788,32.479,12.441
Maize,2002,Kharif     ,Mizoram,8.837826364007704,13820,2627.0,13.38807990904801,7.451967321765761,1.89,21.788,32.479,12.441
Maize,2002,Rabi       ,Mizoram,6.398594934535208,1059,2627.0,10.947344420215888,5.017279836814924,1.695,21.788,32.479,12.441
Masoor,2002,Kharif     ,Mizoram,3.295836866004329,28,2627.0,7.808899885208875,2.0149030205422647,1.08,21.788,32.479,12.441
Masoor,2002,Rabi       ,Mizoram,4.04305126783455,65,2627.0,8.575937458237476,2.70805020110221,0.873,21.788,32.479,12.441
Moong(Green Gram),2002,Kharif     ,Mizoram,2.6390573296152584,9,2627.0,7.116158726774593,1.4469189829363254,0.69,21.788,32.479,12.441
Moong(Green Gram),2002,Rabi       ,Mizoram,3.6375861597263857,38,2627.0,8.161600518753469,2.327277705584417,0.867,21.788,32.479,12.441
Other  Rabi pulses,2002,Rabi       ,Mizoram,7.639642287858013,2259,2627.0,12.189563415044196,6.254789888055024,1.245,21.788,32.479,12.441
Other Kharif pulses,2002,Kharif     ,Mizoram,7.616283561580385,2384,2627.0,12.166193435615481,6.2314652154886145,0.945,21.788,32.479,12.441
Potato,2002,Whole Year ,Mizoram,5.91350300563827,726,2627.0,10.461222429810485,4.535284058523925,1.977,21.788,32.479,12.441
Rapeseed &Mustard,2002,Rabi       ,Mizoram,7.622663951323595,1471,2627.0,12.17257692528688,6.2378362245413985,0.658,21.788,32.479,12.441
Sesamum,2002,Kharif     ,Mizoram,7.988203597022576,1806,2627.0,12.538264842980103,6.602927047695386,0.6,21.788,32.479,12.441
Soyabean,2002,Kharif     ,Mizoram,7.576097340623111,1846,2627.0,12.125987228611278,6.191339471482838,0.955,21.788,32.479,12.441
Tobacco,2002,Whole Year ,Mizoram,5.707110264748875,252,2627.0,10.254214844204958,4.330733340286331,0.798,21.788,32.479,12.441
Urad,2002,Kharif     ,Mizoram,1.9459101490553132,4,2627.0,6.343915582893492,0.9162907318741551,0.67,21.788,32.479,12.441
Urad,2002,Rabi       ,Mizoram,3.5263605246161616,20,2627.0,8.047224761550996,2.224623551524334,0.607,21.788,32.479,12.441
Arhar/Tur,2002,Kharif     ,Nagaland,3.4657359027997265,17,1536.6,7.984725048791176,2.169053700369523,0.55,20.493,31.535,11.416
Bajra,2002,Kharif     ,Nagaland,7.601402334583733,4000,1536.6,12.151304901173107,6.2166061010848646,1.88,20.493,31.535,11.416
Barley,2002,Rabi       ,Nagaland,8.517393171418904,9500,1536.6,13.067592464156474,7.1316985104669115,1.906,20.493,31.535,11.416
Gram,2002,Rabi       ,Nagaland,6.90875477931522,750,1536.6,11.458163002075494,5.5254529391317835,0.716,20.493,31.535,11.416
Groundnut,2002,Kharif     ,Nagaland,7.601402334583733,2500,1536.6,12.151304901173107,6.2166061010848646,1.339,20.493,31.535,11.416
Jowar,2002,Kharif     ,Nagaland,7.601402334583733,4000,1536.6,12.151304901173107,6.2166061010848646,1.904,20.493,31.535,11.416
Linseed,2002,Rabi       ,Nagaland,8.987321812850125,8500,1536.6,13.537595301177944,7.601402334583733,1.09,20.493,31.535,11.416
Moong(Green Gram),2002,Kharif     ,Nagaland,7.601402334583733,2000,1536.6,12.151304901173107,6.2166061010848646,1.158,20.493,31.535,11.416
Other  Rabi pulses,2002,Rabi       ,Nagaland,9.594990340370426,12160,1536.6,14.145320148369619,8.208900165060331,0.849,20.493,31.535,11.416
Other Kharif pulses,2002,Kharif     ,Nagaland,7.496097345175956,950,1536.6,12.045944972345806,6.111467339502679,0.474,20.493,31.535,11.416
Peas & beans (Pulses),2002,Kharif     ,Nagaland,7.00397413672268,1250,1536.6,11.553472221616016,5.62040086571715,1.152,20.493,31.535,11.416
Peas & beans (Pulses),2002,Rabi       ,Nagaland,8.824824939175638,5260,1536.6,13.375076604687372,7.438971592395862,0.82,20.493,31.535,11.416
Rapeseed &Mustard,2002,Rabi       ,Nagaland,9.661097469276054,17451,1536.6,14.211431585888292,8.274994233566868,1.13,20.493,31.535,11.416
Sesamum,2002,Kharif     ,Nagaland,8.517393171418904,4500,1536.6,13.067592464156474,7.1316985104669115,0.906,20.493,31.535,11.416
Small millets,2002,Kharif     ,Nagaland,9.210440366976517,20000,1536.6,13.76073858841726,7.824445930877619,1.995,20.493,31.535,11.416
Sunflower,2002,Kharif     ,Nagaland,7.601402334583733,4000,1536.6,12.151304901173107,6.2166061010848646,1.816,20.493,31.535,11.416
Sunflower,2002,Rabi       ,Nagaland,6.90875477931522,1500,1536.6,11.458163002075494,5.5254529391317835,1.344,20.493,31.535,11.416
Wheat,2002,Rabi       ,Nagaland,8.942591637231851,15820,1536.6,13.492859467745832,7.556689304865757,2.078,20.493,31.535,11.416
Arhar/Tur,2002,Rabi       ,Odisha,4.2626798770413155,50,1102.8,8.799043290925091,2.917770732084279,0.65,26.327,36.852,17.182
Bajra,2002,Kharif     ,Odisha,8.232440158470336,1820,1102.8,12.782574205831525,6.846943139585379,0.528,26.327,36.852,17.182
Castor seed,2002,Kharif     ,Odisha,8.965845494750937,3610,1102.8,13.51611629816795,7.579934153105886,0.464,26.327,36.852,17.182
Castor seed,2002,Rabi       ,Odisha,8.764209507142004,2750,1102.8,13.314452079957254,7.3783837129967145,0.489,26.327,36.852,17.182
Coriander,2002,Whole Year ,Odisha,9.845911404398532,8950,1102.8,14.39625615932151,8.459775920546287,0.472,26.327,36.852,17.182
Garlic,2002,Whole Year ,Odisha,9.278092474027002,33830,1102.8,13.828397167787351,7.892078421248119,3.16,26.327,36.852,17.182
Ginger,2002,Kharif     ,Odisha,9.638284261844774,29490,1102.8,14.188616923654271,8.252185436003328,1.828,26.327,36.852,17.182
Gram,2002,Rabi       ,Odisha,9.954228194239311,13020,1102.8,14.504578329036443,8.568076401730806,0.489,26.327,36.852,17.182
Jowar,2002,Kharif     ,Odisha,9.305741456739435,5720,1102.8,13.856048672194332,7.919719760924575,0.56,26.327,36.852,17.182
Linseed,2002,Rabi       ,Odisha,9.712992685053011,5410,1102.8,14.263329989976134,8.32687978469273,0.329,26.327,36.852,17.182
Masoor,2002,Rabi       ,Odisha,8.24564690087386,1400,1102.8,12.795784400700839,6.860139425040474,0.36,26.327,36.852,17.182
Niger seed,2002,Rabi       ,Odisha,9.900031587562738,5810,1102.8,14.450379103352937,8.513887734407511,0.331,26.327,36.852,17.182
Other Kharif pulses,2002,Kharif     ,Odisha,9.942275479743389,10461,1102.8,14.492625049073938,8.556125401418026,0.456,26.327,36.852,17.182
Rapeseed &Mustard,2002,Rabi       ,Odisha,9.408699306467762,1604,1102.8,13.959015322018113,8.022650937723348,0.118,26.327,36.852,17.182
Safflower,2002,Rabi       ,Odisha,7.1316985104669115,500,1102.8,11.681304440808118,5.7477993600729755,0.51,26.327,36.852,17.182
Sunflower,2002,Kharif     ,Odisha,3.9318256327243257,30,1102.8,8.462631403423554,2.6026896854443837,0.667,26.327,36.852,17.182
Sunflower,2002,Rabi       ,Odisha,8.258681496264236,2610,1102.8,12.80882235912659,6.873163834212518,0.6,26.327,36.852,17.182
Tobacco,2002,Whole Year ,Odisha,8.316544717929398,2600,1102.8,12.866699991816938,6.930983405101344,0.522,26.327,36.852,17.182
Wheat,2002,Rabi       ,Odisha,8.439880088313567,5767,1102.8,12.990063431951688,7.054233745360861,1.134,26.327,36.852,17.182
Arhar/Tur,2002,Kharif     ,Punjab,8.962007209588313,6700,301.8,13.512277527049404,7.576097340623111,0.927,26.797,39.537,14.648
Bajra,2002,Kharif     ,Punjab,8.853808274977197,6000,301.8,13.404064097178304,7.467942332285852,0.9,26.797,39.537,14.648
Gram,2002,Rabi       ,Punjab,8.853808274977197,6700,301.8,13.404064097178304,7.467942332285852,0.967,26.797,39.537,14.648
Groundnut,2002,Kharif     ,Punjab,8.575650760987806,3800,301.8,13.125861252699469,7.189922170745808,0.784,26.797,39.537,14.648
Masoor,2002,Rabi       ,Punjab,8.294299608857235,2700,301.8,12.844449440991427,6.90875477931522,0.751,26.797,39.537,14.648
Moong(Green Gram),2002,Kharif     ,Punjab,9.661479683575521,10500,301.8,14.211813824280052,8.275376374836407,0.704,26.797,39.537,14.648
Moth,2002,Kharif     ,Punjab,5.707110264748875,200,301.8,10.254214844204958,4.330733340286331,0.75,26.797,39.537,14.648
Sesamum,2002,Kharif     ,Punjab,9.758519582283522,4900,301.8,14.308859551205002,8.372398606513004,0.251,26.797,39.537,14.648
Urad,2002,Kharif     ,Punjab,8.268988209506656,1900,301.8,12.819131700718549,6.883462586413092,0.593,26.797,39.537,14.648
Arhar/Tur,2002,Kharif     ,Uttarakhand,7.492203042618741,860,1610.3,12.042048524976959,6.1075795256636685,0.539,19.5,29.837,10.036
Bajra,2002,Kharif     ,Uttarakhand,1.6094379124341003,5,1610.3,5.939328792687453,0.6931471805599453,1.165,19.5,29.837,10.036
Gram,2002,Rabi       ,Uttarakhand,6.86171134048073,577,1610.3,11.41107190386358,5.4785534168509695,0.599,19.5,29.837,10.036
Groundnut,2002,Kharif     ,Uttarakhand,7.07326971745971,920,1610.3,11.622828019932646,5.689514502858496,0.755,19.5,29.837,10.036
Horse-gram,2002,Kharif     ,Uttarakhand,8.934586870389676,3499,1610.3,13.484853661427833,7.548687688093343,0.494,19.5,29.837,10.036
Maize,2002,Rabi       ,Uttarakhand,4.418840607796598,127,1610.3,8.95724521628377,3.068052935133617,1.455,19.5,29.837,10.036
Masoor,2002,Rabi       ,Uttarakhand,9.57858809226753,6437,1610.3,14.128916786392315,8.192501293330556,0.437,19.5,29.837,10.036
Moong(Green Gram),2002,Kharif     ,Uttarakhand,4.343805421853684,22,1610.3,8.881269477721244,2.995732273553991,0.37,19.5,29.837,10.036
Moong(Green Gram),2002,Rabi       ,Uttarakhand,3.8918202981106265,12,1610.3,8.421818209512303,2.5649493574615367,0.25,19.5,29.837,10.036
Other  Rabi pulses,2002,Rabi       ,Uttarakhand,4.174387269895637,28,1610.3,8.7094452768871,2.833213344056216,0.363,19.5,29.837,10.036
Other Cereals,2002,Kharif     ,Uttarakhand,9.088737550216933,2494,1610.3,13.63902296645322,7.702781923363253,0.295,19.5,29.837,10.036
Other Cereals,2002,Rabi       ,Uttarakhand,6.156978985585555,474,1610.3,10.705277680675051,4.7770204429147505,1.038,19.5,29.837,10.036
Other Kharif pulses,2002,Kharif     ,Uttarakhand,9.291459423260974,6391,1610.3,13.841765344846705,7.905441649060286,0.571,19.5,29.837,10.036
Peas & beans (Pulses),2002,Rabi       ,Uttarakhand,8.174984532943087,2636,1610.3,12.725103018101143,6.789534647594706,0.628,19.5,29.837,10.036
Rapeseed &Mustard,2002,Rabi       ,Uttarakhand,9.343471684579365,6497,1610.3,13.893782230588348,7.957439894026823,0.481,19.5,29.837,10.036
Rice,2002,Rabi       ,Uttarakhand,8.316544717929398,11649,1610.3,12.866699991816938,6.930983405101344,2.8,19.5,29.837,10.036
Sannhamp,2002,Whole Year ,Uttarakhand,8.2960476427647,1262,1610.3,12.846197906912312,6.9105015046501626,0.31,19.5,29.837,10.036
Sesamum,2002,Kharif     ,Uttarakhand,7.674617497364363,269,1610.3,12.224554989871555,6.289715570908998,0.123,19.5,29.837,10.036
Small millets,2002,Rabi       ,Uttarakhand,0.6931471805599453,1,1610.3,4.560904769690076,0.22314355131420976,1.0,19.5,29.837,10.036
Soyabean,2002,Kharif     ,Uttarakhand,9.349145334853365,7295,1610.3,13.899456370910306,7.96311205897929,0.544,19.5,29.837,10.036
Sunflower,2002,Kharif     ,Uttarakhand,5.476463551931511,182,1610.3,10.022712215215408,4.102643365036796,0.634,19.5,29.837,10.036
Turmeric,2002,Whole Year ,Uttarakhand,4.962844630259907,295,1610.3,9.506298602358166,3.597312260588446,1.926,19.5,29.837,10.036
Urad,2002,Kharif     ,Uttarakhand,9.190749722211178,3680,1610.3,13.741045976079013,7.804761249444425,0.401,19.5,29.837,10.036
Urad,2002,Rabi       ,Uttarakhand,6.687108607866515,360,1610.3,11.236271294398543,5.304547916298673,0.3,19.5,29.837,10.036
other oilseeds,2002,Rabi       ,Uttarakhand,6.376726947898627,318,1610.3,10.925439974710473,4.995521656286208,0.499,19.5,29.837,10.036
Arhar/Tur,2002,Rabi       ,Jharkhand,9.800687644611223,30067,1041.2,14.351029975393109,8.414559620928095,1.69,23.764,34.446,14.311
Gram,2002,Rabi       ,Jharkhand,9.18496820354003,8312,1041.2,13.73526387240533,7.798981709198096,0.871,23.764,34.446,14.311
Masoor,2002,Rabi       ,Jharkhand,8.024423572449818,2381,1041.2,12.5744967687504,6.639110835407494,0.797,23.764,34.446,14.311
Rapeseed &Mustard,2002,Rabi       ,Jharkhand,8.456453312958011,3602,1041.2,13.006640171840582,7.070796322154843,0.781,23.764,34.446,14.311
Bajra,2003,Kharif     ,Bihar,7.358193752733032,1638,1353.9,11.952480453685734,5.933093633781652,1.043,25.975,36.602,15.384
Barley,2003,Rabi       ,Bihar,9.973340054434962,24007,1353.9,14.568211707396284,8.546371338693602,1.147,25.975,36.602,15.384
Castor seed,2003,Kharif     ,Bihar,5.049856007249537,154,1353.9,9.638408105293776,3.6428355156125294,0.999,25.975,36.602,15.384
Coriander,2003,Whole Year ,Bihar,7.682482446534506,1500,1353.9,12.276943978270205,6.256824320555271,0.691,25.975,36.602,15.384
Dry chillies,2003,Whole Year ,Bihar,8.081475040137052,2198,1353.9,12.676086712221439,6.655337384963932,0.733,25.975,36.602,15.384
Garlic,2003,Whole Year ,Bihar,7.936660155225426,3605,1353.9,12.53122411482183,6.510674920408365,1.484,25.975,36.602,15.384
Ginger,2003,Kharif     ,Bihar,5.860786223465865,539,1353.9,10.452879829450936,4.442651256490317,1.493,25.975,36.602,15.384
Groundnut,2003,Kharif     ,Bihar,6.150602768446279,231,1353.9,10.743407692924446,4.730215674962316,0.441,25.975,36.602,15.384
Horse-gram,2003,Kharif     ,Bihar,9.643809676493944,11399,1353.9,14.238663313276117,8.216898580913613,0.743,25.975,36.602,15.384
Jowar,2003,Kharif     ,Bihar,7.322510433997394,1527,1353.9,11.916774200785586,5.897483483637088,1.005,25.975,36.602,15.384
Moong(Green Gram),2003,Kharif     ,Bihar,9.035867930125628,4231,1353.9,13.630667873797773,7.609128532439294,0.528,25.975,36.602,15.384
Other  Rabi pulses,2003,Rabi       ,Bihar,8.101374671228582,2450,1353.9,12.695992376025833,6.675217742026058,0.757,25.975,36.602,15.384
Other Kharif pulses,2003,Kharif     ,Bihar,7.074116816197362,614,1353.9,11.668196088854527,5.649678215663,0.68,25.975,36.602,15.384
Ragi,2003,Kharif     ,Bihar,9.628260921351693,10236,1353.9,14.223113552497162,8.20135304191584,0.666,25.975,36.602,15.384
Safflower,2003,Rabi       ,Bihar,5.303304908059076,162,1353.9,9.893285690051531,3.8918202981106265,0.864,25.975,36.602,15.384
Sannhamp,2003,Whole Year ,Bihar,8.143807976771484,2467,1353.9,12.738438151396863,6.717611205931036,0.713,25.975,36.602,15.384
Sesamum,2003,Kharif     ,Bihar,8.241703159729818,2840,1353.9,12.836360161550486,6.815420667779341,0.732,25.975,36.602,15.384
Small millets,2003,Kharif     ,Bihar,8.855235623206967,5325,1353.9,13.450012230785449,7.428570836777475,0.781,25.975,36.602,15.384
Sunflower,2003,Kharif     ,Bihar,9.7717830615387,24157,1353.9,14.366644407173787,8.344847311688886,1.353,25.975,36.602,15.384
Tobacco,2003,Whole Year ,Bihar,9.571783927990017,15960,1353.9,14.16663277199309,8.144888160159226,1.103,25.975,36.602,15.384
Turmeric,2003,Whole Year ,Bihar,7.933796874815411,2758,1353.9,12.528359819608319,6.507814881516673,0.995,25.975,36.602,15.384
Bajra,2003,Kharif     ,Chhattisgarh,3.871201010907891,19,1643.7,8.445280346668023,2.5079719227189963,0.558,26.552,37.408,15.616
Barley,2003,Rabi       ,Chhattisgarh,8.379079889286603,4337,1643.7,12.97377037172232,6.952690402975883,0.896,26.552,37.408,15.616
Castor seed,2003,Kharif     ,Chhattisgarh,4.442651256490317,27,1643.7,9.025854875552778,3.052112606990099,0.404,26.552,37.408,15.616
Coriander,2003,Whole Year ,Chhattisgarh,8.28374674710613,1159,1643.7,12.878414488247703,6.857429937030072,0.265,26.552,37.408,15.616
Cotton(lint),2003,Kharif     ,Chhattisgarh,4.532599493153256,182,1643.7,9.11681619631653,3.138966441639899,1.832,26.552,37.408,15.616
Dry chillies,2003,Whole Year ,Chhattisgarh,8.777555453213056,4248,1643.7,13.37232065406033,7.350927134262406,0.645,26.552,37.408,15.616
Garlic,2003,Whole Year ,Chhattisgarh,6.814542897259958,2576,1643.7,11.408373511226985,5.3908965478411295,3.009,26.552,37.408,15.616
Ginger,2003,Whole Year ,Chhattisgarh,7.163946684342547,1353,1643.7,11.758098026095858,5.739278310341041,1.205,26.552,37.408,15.616
Horse-gram,2003,Rabi       ,Chhattisgarh,8.055157731819678,910,1643.7,12.649761238955954,6.629046162218218,0.328,26.552,37.408,15.616
Jowar,2003,Kharif     ,Chhattisgarh,8.935377071932177,7603,1643.7,13.530164554776707,7.508677515499565,0.942,26.552,37.408,15.616
Masoor,2003,Rabi       ,Chhattisgarh,9.79951496215315,6163,1643.7,14.394377852168903,8.372574273005997,0.313,26.552,37.408,15.616
Mesta,2003,Kharif     ,Chhattisgarh,7.106606137727303,2432,1643.7,11.700712226953538,5.682082047676862,2.108,26.552,37.408,15.616
Moong(Green Gram),2003,Kharif     ,Chhattisgarh,9.190647738630446,2713,1643.7,13.785464584674182,7.7638542953224094,0.258,26.552,37.408,15.616
Moong(Green Gram),2003,Rabi       ,Chhattisgarh,9.011645501064283,2081,1643.7,13.606442554706343,7.584915343914632,0.238,26.552,37.408,15.616
Other  Rabi pulses,2003,Rabi       ,Chhattisgarh,7.1846291527173145,429,1643.7,11.778796189997724,5.759910728433802,0.337,26.552,37.408,15.616
Other Kharif pulses,2003,Kharif     ,Chhattisgarh,8.608860379942062,1738,1643.7,13.203597535019412,7.182321716286543,0.331,26.552,37.408,15.616
Peas & beans (Pulses),2003,Rabi       ,Chhattisgarh,9.758924101344775,6497,1643.7,14.353784716203762,8.33199068867989,0.346,26.552,37.408,15.616
Ragi,2003,Kharif     ,Chhattisgarh,9.273127360074948,3109,1643.7,13.867952199748492,7.846308355663567,0.265,26.552,37.408,15.616
Safflower,2003,Rabi       ,Chhattisgarh,6.78105762593618,214,1643.7,11.374851197669999,5.357529226179882,0.193,26.552,37.408,15.616
Sannhamp,2003,Whole Year ,Chhattisgarh,7.440146680662688,577,1643.7,12.034483054627174,6.01488806205157,0.322,26.552,37.408,15.616
Soyabean,2003,Kharif     ,Chhattisgarh,9.944437538865083,18376,1643.7,14.539307838287838,8.517473152223554,0.99,26.552,37.408,15.616
Sugarcane,2003,Whole Year ,Chhattisgarh,8.546557800046141,13290,1643.7,13.141283340757475,7.120056261517277,2.843,26.552,37.408,15.616
Sunflower,2003,Kharif     ,Chhattisgarh,8.714895850248494,2076,1643.7,13.309651181950274,7.288299081685055,0.379,26.552,37.408,15.616
Tobacco,2003,Whole Year ,Chhattisgarh,3.7376696182833684,23,1643.7,8.308736261753651,2.3832429960115,0.656,26.552,37.408,15.616
Turmeric,2003,Whole Year ,Chhattisgarh,6.520621127558696,616,1643.7,11.114079998608455,5.098157651624202,1.079,26.552,37.408,15.616
Urad,2003,Rabi       ,Chhattisgarh,8.634442751466477,1438,1643.7,13.22918446990031,7.207889500623156,0.266,26.552,37.408,15.616
Arhar/Tur,2003,Kharif     ,Delhi,4.90527477843843,189,962.3,9.492833002536415,3.501344330267094,1.41,25.183,37.522,13.452
Bajra,2003,Kharif     ,Delhi,7.755767170102998,3762,962.3,12.35026095100317,6.330006069850572,1.61,25.183,37.522,13.452
Barley,2003,Kharif     ,Delhi,4.465908118654584,255,962.3,9.049382576215947,3.074543453978281,2.97,25.183,37.522,13.452
Gram,2003,Rabi       ,Delhi,3.7612001156935624,64,962.3,8.332827947716101,2.405141681319138,1.52,25.183,37.522,13.452
Jowar,2003,Kharif     ,Delhi,9.06958293425992,10727,962.3,13.664386785759797,7.642831041568478,1.23,25.183,37.522,13.452
Maize,2003,Kharif     ,Delhi,4.543294782270004,184,962.3,9.127625931734942,3.1493113614822916,1.98,25.183,37.522,13.452
Other Kharif pulses,2003,Kharif     ,Delhi,5.099866427824199,230,962.3,9.688729990318423,3.691874963093735,1.41,25.183,37.522,13.452
Rice,2003,Kharif     ,Delhi,8.787220328629298,17909,962.3,13.381986997426681,7.3605873167195455,2.73,25.183,37.522,13.452
Dry chillies,2003,Whole Year ,Gujarat,9.116139576577355,8400,902.5,13.710948612253462,7.68937110752969,0.874,26.757,38.578,16.152
Other  Rabi pulses,2003,Rabi       ,Gujarat,8.537191877922927,2600,902.5,13.131915609224611,7.110696122978827,0.665,26.757,38.578,16.152
Other Kharif pulses,2003,Kharif     ,Gujarat,9.888424674859083,9400,902.5,14.483292237094924,8.461469042643875,0.535,26.757,38.578,16.152
Ragi,2003,Kharif     ,Gujarat,9.942756341456828,24000,902.5,14.537626560936642,8.51579221050061,1.078,26.757,38.578,16.152
Small millets,2003,Kharif     ,Gujarat,8.824824939175638,2100,902.5,13.419597186429646,7.398174092970465,0.273,26.757,38.578,16.152
Small millets,2003,Rabi       ,Gujarat,9.239996256883693,3700,902.5,13.834817964619736,7.813187267521416,0.401,26.757,38.578,16.152
Banana,2003,Whole Year ,Haryana,3.970291913552122,0,592.3,8.54635579867806,2.601207105484161,0.0,25.435,38.162,13.544
Dry chillies,2003,Whole Year ,Haryana,7.202661196523238,1400,592.3,11.796841655381069,5.777899970574095,1.01,25.435,38.162,13.544
Groundnut,2003,Kharif     ,Haryana,7.338888133838879,1100,592.3,11.933162528521668,5.91382727738083,0.502,25.435,38.162,13.544
Horse-gram,2003,Kharif     ,Haryana,8.374938143835367,700,592.3,12.969627682679972,6.948551673174706,0.088,25.435,38.162,13.544
Maize,2003,Kharif     ,Haryana,9.715409458629793,41000,592.3,14.310267529663603,8.288484181629146,0.961,25.435,38.162,13.544
Masoor,2003,Rabi       ,Haryana,8.742733867330168,5100,592.3,13.337493660068416,7.316122837569471,0.644,25.435,38.162,13.544
Moth,2003,Kharif     ,Haryana,9.246286498749653,800,592.3,13.841108809120701,7.819475582341531,0.031,25.435,38.162,13.544
Peas & beans (Pulses),2003,Rabi       ,Haryana,6.902742737158593,1100,592.3,11.496665180163994,5.478803907396261,0.976,25.435,38.162,13.544
Sannhamp,2003,Whole Year ,Haryana,6.137727054086234,100,592.3,10.730504568442397,4.717426868333759,0.056,25.435,38.162,13.544
Sesamum,2003,Kharif     ,Haryana,8.180320874773685,1000,592.3,12.774961363789137,6.75409114743773,0.131,25.435,38.162,13.544
Sunflower,2003,Rabi       ,Haryana,8.66319648553608,9700,592.3,13.257943195571967,7.236627278258781,0.856,25.435,38.162,13.544
Urad,2003,Kharif     ,Haryana,7.791522819150732,400,592.3,12.386031496665401,6.365714148063224,0.043,25.435,38.162,13.544
other oilseeds,2003,Rabi       ,Haryana,3.2188758248682006,0,592.3,7.773392511756081,1.9110228900548727,0.0,25.435,38.162,13.544
Barley,2003,Rabi       ,Jharkhand,8.4164486723016,3990,1258.3,13.011147494717138,6.990032718550492,0.943,23.404,33.868,14.037
Gram,2003,Rabi       ,Jharkhand,9.626165627941154,12862,1258.3,14.221018122504486,8.199258075793436,0.908,23.404,33.868,14.037
Masoor,2003,Rabi       ,Jharkhand,8.852895131435185,8681,1258.3,13.447671408410134,7.426231164727159,1.175,23.404,33.868,14.037
Rapeseed &Mustard,2003,Rabi       ,Jharkhand,8.719317375506371,4851,1258.3,13.314073424080052,7.2927183152398,0.804,23.404,33.868,14.037
Sugarcane,2003,Whole Year ,Jharkhand,5.827326660747656,966,1258.3,10.41932403097424,4.409495876663427,2.85,23.404,33.868,14.037
Castor seed,2003,Kharif     ,Madhya Pradesh,7.329093736246592,572,1163.0,11.923361796048326,5.904053090097013,0.25,25.823,37.102,15.023
Ginger,2003,Kharif     ,Madhya Pradesh,8.53070154144103,6284,1163.0,13.125424008889732,7.104209826242005,1.13,25.823,37.102,15.023
Horse-gram,2003,Rabi       ,Madhya Pradesh,5.030437921392435,43,1163.0,9.618864795602743,3.6238074573702215,0.305,25.823,37.102,15.023
Jowar,2003,Rabi       ,Madhya Pradesh,8.140898460607852,4182,1163.0,12.735527797015314,6.714704367975097,1.529,25.823,37.102,15.023
Masoor,2003,Rabi       ,Madhya Pradesh,2.8903717578961645,8,1163.0,7.428725274180145,1.6253112615903906,0.47,25.823,37.102,15.023
Mesta,2003,Kharif     ,Madhya Pradesh,8.45553053102413,10600,1163.0,13.050237746804925,7.029087564149662,2.075,25.823,37.102,15.023
Moong(Green Gram),2003,Kharif     ,Madhya Pradesh,6.565264970035361,172,1163.0,11.158787585673835,5.142598791548616,0.24,25.823,37.102,15.023
Moong(Green Gram),2003,Rabi       ,Madhya Pradesh,2.6390573296152584,3,1163.0,7.160644022933113,1.415853163361435,0.23,25.823,37.102,15.023
Peas & beans (Pulses),2003,Rabi       ,Madhya Pradesh,1.791759469228055,2,1163.0,6.206374293495088,0.7884573603642702,0.4,25.823,37.102,15.023
Ragi,2003,Kharif     ,Madhya Pradesh,6.244166900663736,136,1163.0,10.837160730527215,4.823180585190553,0.237,25.823,37.102,15.023
Safflower,2003,Rabi       ,Madhya Pradesh,6.450470422144176,172,1163.0,11.043823189383208,5.028344227877029,0.24,25.823,37.102,15.023
Sannhamp,2003,Whole Year ,Madhya Pradesh,8.6278397115033,11127,1163.0,13.22258026324997,7.2012901901091535,2.156,25.823,37.102,15.023
Sunflower,2003,Kharif     ,Madhya Pradesh,7.59337419312129,1062,1163.0,12.187793189619264,6.167851864413745,0.358,25.823,37.102,15.023
Turmeric,2003,Whole Year ,Madhya Pradesh,6.486160788944089,682,1163.0,11.079568469545565,5.063860055333554,1.006,25.823,37.102,15.023
Urad,2003,Rabi       ,Madhya Pradesh,8.647168267837984,2331,1163.0,13.241912213117745,7.220607898575862,0.243,25.823,37.102,15.023
Rapeseed &Mustard,2003,Rabi       ,Maharashtra,9.239996256883693,2600,1037.4,13.834817964619736,7.813187267521416,0.223,26.198,36.93,15.859
Sesamum,2003,Rabi       ,Maharashtra,8.188966863648876,800,1037.4,12.783609740367092,6.762729506931879,0.223,26.198,36.93,15.859
Small millets,2003,Rabi       ,Maharashtra,9.692828247710418,5000,1037.4,14.287684954389151,8.265907334155747,0.451,26.198,36.93,15.859
Sunflower,2003,Summer     ,Maharashtra,8.294299608857235,3200,1037.4,12.888969975385358,6.8679744089702925,0.733,26.198,36.93,15.859
Arhar/Tur,2003,Kharif     ,Manipur,3.713572066704308,20,687.7,8.284049808023694,2.3608540011180215,0.5,21.462,31.955,13.293
Cashewnut,2003,Whole Year ,Manipur,5.786897381366708,130,687.7,10.37877407768145,4.3694478524670215,0.4,21.462,31.955,13.293
Dry chillies,2003,Whole Year ,Manipur,9.502338118495565,7850,687.7,14.097182002730788,8.075458212135041,0.543,21.462,31.955,13.293
Ginger,2003,Kharif     ,Manipur,7.280008252884188,2390,687.7,11.87424361253555,5.855071922202427,1.63,21.462,31.955,13.293
Maize,2003,Kharif     ,Manipur,7.75833346749091,7530,687.7,12.35282833540938,6.332568896055757,2.76,21.462,31.955,13.293
Onion,2003,Whole Year ,Manipur,6.878326468291325,2060,687.7,11.472224296483548,5.454466049037968,2.068,21.462,31.955,13.293
Other Kharif pulses,2003,Kharif     ,Manipur,7.75833346749091,1190,687.7,12.35282833540938,6.332568896055757,0.507,21.462,31.955,13.293
Peas & beans (Pulses),2003,Kharif     ,Manipur,8.289288323000317,2030,687.7,12.883957446254056,6.862967096192003,0.52,21.462,31.955,13.293
Rapeseed &Mustard,2003,Rabi       ,Manipur,3.044522437723423,10,687.7,7.591155108087202,1.7578579175523736,0.5,21.462,31.955,13.293
Sesamum,2003,Kharif     ,Manipur,6.698268054115413,400,687.7,11.291964530015058,5.275048739608683,0.497,21.462,31.955,13.293
Soyabean,2003,Kharif     ,Manipur,5.771441123130016,290,687.7,10.36327037685388,4.354141431184346,0.875,21.462,31.955,13.293
Turmeric,2003,Whole Year ,Manipur,6.311734809152915,380,687.7,10.904854456765403,4.890349128221754,0.72,21.462,31.955,13.293
Arhar/Tur,2003,Kharif     ,Mizoram,4.127134385045092,67,2499.5,8.705957283771822,2.7498317351171653,0.93,21.852,33.233,12.918
Arhar/Tur,2003,Rabi       ,Mizoram,5.356586274672012,110,2499.5,9.94682382361238,3.944296565978442,0.912,21.852,33.233,12.918
Cotton(lint),2003,Kharif     ,Mizoram,5.840641657373398,1336,2499.5,10.43267771121543,4.422688616392771,3.502,21.852,33.233,12.918
Gram,2003,Kharif     ,Mizoram,3.1780538303479458,25,2499.5,7.730851192097337,1.8748743759385615,0.917,21.852,33.233,12.918
Gram,2003,Rabi       ,Mizoram,3.1780538303479458,18,2499.5,7.730851192097337,1.8748743759385615,1.177,21.852,33.233,12.918
Maize,2003,Kharif     ,Mizoram,9.186662244621605,19005,2499.5,13.781478687452635,7.759870090637728,1.982,21.852,33.233,12.918
Maize,2003,Rabi       ,Mizoram,6.57507584059962,1277,2499.5,11.168612086791429,5.152366311063733,1.802,21.852,33.233,12.918
Masoor,2003,Rabi       ,Mizoram,2.4849066497880004,8,2499.5,6.993731119989407,1.2919836816486494,0.723,21.852,33.233,12.918
Moong(Green Gram),2003,Kharif     ,Mizoram,3.2188758248682006,30,2499.5,7.773392511756081,1.9110228900548727,1.245,21.852,33.233,12.918
Moong(Green Gram),2003,Rabi       ,Mizoram,3.8066624897703196,46,2499.5,8.379337031882773,2.4475508632442313,0.944,21.852,33.233,12.918
Other  Rabi pulses,2003,Rabi       ,Mizoram,7.563200592358071,1570,2499.5,12.157604304570096,6.137727054086234,0.92,21.852,33.233,12.918
Other Kharif pulses,2003,Kharif     ,Mizoram,7.627544390488503,1887,2499.5,12.221980147646551,6.201968554875728,0.882,21.852,33.233,12.918
Peas & beans (Pulses),2003,Kharif     ,Mizoram,5.111987788356544,172,2499.5,9.700924512162661,3.703768066607687,0.902,21.852,33.233,12.918
Peas & beans (Pulses),2003,Rabi       ,Mizoram,5.849324779946859,376,2499.5,10.441385783724881,4.4312928759767996,1.018,21.852,33.233,12.918
Potato,2003,Whole Year ,Mizoram,5.8971538676367405,893,2499.5,10.489348475498039,4.478699521934143,3.302,21.852,33.233,12.918
Sesamum,2003,Kharif     ,Mizoram,8.097426298597213,2019,2499.5,12.692042815947957,6.671273163228746,0.615,21.852,33.233,12.918
Soyabean,2003,Kharif     ,Mizoram,7.590346945602565,1963,2499.5,12.184764429403728,6.164829445859045,1.085,21.852,33.233,12.918
Tobacco,2003,Whole Year ,Mizoram,6.133398042996649,404,2499.5,10.726166261920307,4.713127327493184,0.867,21.852,33.233,12.918
Arhar/Tur,2003,Kharif     ,Nagaland,8.922791623969637,7000,1709.8,13.517577456120717,7.496097345175956,1.015,20.322,30.866,12.068
Bajra,2003,Kharif     ,Nagaland,8.006700845440367,5000,1709.8,12.601288744852024,6.580639137284949,1.615,20.322,30.866,12.068
Barley,2003,Rabi       ,Nagaland,8.699681400989514,10000,1709.8,13.294434241574368,7.273092595999522,1.62,20.322,30.866,12.068
Cotton(lint),2003,Kharif     ,Nagaland,7.601402334583733,150,1709.8,12.195825320578624,6.175867270105761,0.084,20.322,30.866,12.068
Gram,2003,Rabi       ,Nagaland,7.313886831633462,2000,1709.8,11.908144931958773,5.8888779583328805,1.348,20.322,30.866,12.068
Groundnut,2003,Kharif     ,Nagaland,7.601402334583733,3000,1709.8,12.195825320578624,6.175867270105761,1.516,20.322,30.866,12.068
Jowar,2003,Kharif     ,Nagaland,8.006700845440367,5000,1709.8,12.601288744852024,6.580639137284949,1.608,20.322,30.866,12.068
Linseed,2003,Rabi       ,Nagaland,8.987321812850125,6400,1709.8,13.582115893066305,7.560601162768557,0.888,20.322,30.866,12.068
Maize,2003,Rabi       ,Nagaland,4.948759890378168,260,1709.8,9.536632394180169,3.543853682063679,1.71,20.322,30.866,12.068
Masoor,2003,Rabi       ,Nagaland,7.824445930877619,1070,1709.8,12.418967861592314,6.398594934535208,0.448,20.322,30.866,12.068
Moong(Green Gram),2003,Kharif     ,Nagaland,7.601402334583733,3000,1709.8,12.195825320578624,6.175867270105761,1.494,20.322,30.866,12.068
Other  Rabi pulses,2003,Rabi       ,Nagaland,8.301769763117166,3500,1709.8,12.896441971421902,6.875438677505594,0.851,20.322,30.866,12.068
Other Kharif pulses,2003,Kharif     ,Nagaland,8.852378886511985,8810,1709.8,13.447155090108366,7.425715391648727,1.292,20.322,30.866,12.068
Peas & beans (Pulses),2003,Kharif     ,Nagaland,7.223295679562314,2000,1709.8,11.817491202808588,5.7984864101254985,1.582,20.322,30.866,12.068
Peas & beans (Pulses),2003,Rabi       ,Nagaland,8.830689198760998,4930,1709.8,13.425462297193503,7.404035631306092,0.682,20.322,30.866,12.068
Rapeseed &Mustard,2003,Rabi       ,Nagaland,9.680406499268875,12800,1709.8,14.275262442186154,8.253488028345904,0.776,20.322,30.866,12.068
Rice,2003,Rabi       ,Nagaland,6.90875477931522,2000,1709.8,11.502683191505962,5.484796933490655,1.945,20.322,30.866,12.068
Sesamum,2003,Kharif     ,Nagaland,8.517393171418904,5000,1709.8,13.11211302154816,7.0909098220799835,1.038,20.322,30.866,12.068
Small millets,2003,Kharif     ,Nagaland,8.965845494750937,8000,1709.8,13.560636888808027,7.539133433144451,0.942,20.322,30.866,12.068
Sunflower,2003,Kharif     ,Nagaland,7.824445930877619,5000,1709.8,12.418967861592314,6.398594934535208,2.054,20.322,30.866,12.068
Sunflower,2003,Rabi       ,Nagaland,6.90875477931522,1000,1709.8,11.502683191505962,5.484796933490655,1.181,20.322,30.866,12.068
Wheat,2003,Rabi       ,Nagaland,9.210440366976517,19500,1709.8,13.805259191804524,7.783640596221253,1.866,20.322,30.866,12.068
Bajra,2003,Kharif     ,Odisha,8.092851027538384,1720,1648.2,12.687466163028347,6.66670230712436,0.538,26.336,36.365,17.086
Castor seed,2003,Kharif     ,Odisha,9.296609807128359,5590,1648.2,13.89143680462597,7.869783902530146,0.481,26.336,36.365,17.086
Castor seed,2003,Rabi       ,Odisha,8.82922635473185,3050,1648.2,13.423999241304337,7.402573464602311,0.486,26.336,36.365,17.086
Coriander,2003,Whole Year ,Odisha,9.852773037991627,9000,1648.2,14.44763877646589,8.42582323871147,0.481,26.336,36.365,17.086
Garlic,2003,Whole Year ,Odisha,9.292012520620208,34320,1648.2,13.886839099648698,7.865187954187467,3.145,26.336,36.365,17.086
Ginger,2003,Kharif     ,Odisha,9.647368744540465,30020,1648.2,14.242222609319127,8.220456919798654,1.81,26.336,36.365,17.086
Jowar,2003,Kharif     ,Odisha,9.313889247604742,6380,1648.2,13.90871780087325,7.887058367997817,0.604,26.336,36.365,17.086
Linseed,2003,Rabi       ,Odisha,9.811427086686914,7180,1648.2,14.406290627047255,8.384484317573236,0.33,26.336,36.365,17.086
Maize,2003,Rabi       ,Odisha,9.529593783265282,18180,1648.2,14.12443965524417,8.10270752008699,1.32,26.336,36.365,17.086
Masoor,2003,Rabi       ,Odisha,8.676075516476429,2430,1648.2,13.27082441616347,7.249499309532449,0.402,26.336,36.365,17.086
Niger seed,2003,Rabi       ,Odisha,9.883845912280838,6170,1648.2,14.478713243912935,8.456891017607855,0.38,26.336,36.365,17.086
Rapeseed &Mustard,2003,Rabi       ,Odisha,9.67457740632758,3065,1648.2,14.269432987554302,8.247660092146333,0.169,26.336,36.365,17.086
Safflower,2003,Rabi       ,Odisha,7.390798521735676,710,1648.2,11.985105474182033,5.96563378707346,0.429,26.336,36.365,17.086
Sunflower,2003,Kharif     ,Odisha,6.710523109452428,470,1648.2,11.30423447050019,5.287256419188612,0.608,26.336,36.365,17.086
Sunflower,2003,Rabi       ,Odisha,8.562357743370612,3920,1648.2,13.15708629833058,7.135846570020281,0.648,26.336,36.365,17.086
Tobacco,2003,Whole Year ,Odisha,8.577535420422398,3490,1648.2,13.172266826404076,7.151015133881171,0.537,26.336,36.365,17.086
Wheat,2003,Rabi       ,Odisha,8.542860938164814,7517,1648.2,13.13758576670072,7.1163616760339155,1.377,26.336,36.365,17.086
Arhar/Tur,2003,Kharif     ,Punjab,9.179984251961283,9000,451.7,13.774800015566333,7.753194269884341,0.947,25.392,38.245,13.439
Bajra,2003,Kharif     ,Punjab,8.987321812850125,8000,451.7,13.582115893066305,7.560601162768557,1.0,25.392,38.245,13.439
Gram,2003,Rabi       ,Punjab,8.699681400989514,5400,451.7,13.294434241574368,7.273092595999522,0.927,25.392,38.245,13.439
Groundnut,2003,Kharif     ,Punjab,8.38958706681109,4000,451.7,12.98427992557544,6.963189985870238,0.871,25.392,38.245,13.439
Masoor,2003,Rabi       ,Punjab,8.188966863648876,2300,451.7,12.783609740367092,6.762729506931879,0.71,25.392,38.245,13.439
Moong(Green Gram),2003,Kharif     ,Punjab,9.846970109700957,15800,451.7,14.4418355451243,8.420021279663963,0.815,25.392,38.245,13.439
Moth,2003,Kharif     ,Punjab,6.398594934535208,400,451.7,10.991864303016657,4.976733742420574,0.833,25.392,38.245,13.439
Sesamum,2003,Kharif     ,Punjab,9.268703615273097,3600,451.7,13.863528042741475,7.841885928984623,0.269,25.392,38.245,13.439
Sunflower,2003,Rabi       ,Punjab,9.90353755128617,34000,451.7,14.498405867212297,8.476579508530941,1.789,25.392,38.245,13.439
Urad,2003,Kharif     ,Punjab,8.556606193773073,2200,451.7,13.151333656985818,7.130098510125578,0.641,25.392,38.245,13.439
Maize,2003,Rabi       ,Uttar Pradesh,8.336390480591552,5704,1075.6,12.93107104727405,6.910032683726177,1.349,25.837,37.802,14.658
Maize,2003,Summer     ,Uttar Pradesh,9.935083114125879,28216,1075.6,14.529952967023075,8.508120155627195,1.362,25.837,37.802,14.658
Moth,2003,Kharif     ,Uttar Pradesh,5.940171252720432,146,1075.6,10.53248067137784,4.521353699894981,0.389,25.837,37.802,14.658
Ragi,2003,Rabi       ,Uttar Pradesh,5.402677381872279,323,1075.6,9.993126225160031,3.989724513091998,1.423,25.837,37.802,14.658
Rice,2003,Summer     ,Uttar Pradesh,8.966994113344454,18016,1075.6,13.561785652530501,7.540281587718616,2.16,25.837,37.802,14.658
Sannhamp,2003,Whole Year ,Uttar Pradesh,8.262816937670928,1167,1075.6,12.857479389097337,6.836517031381081,0.278,25.837,37.802,14.658
Soyabean,2003,Kharif     ,Uttar Pradesh,8.508152446764088,5315,1075.6,13.102870458943416,7.081674972095253,1.058,25.837,37.802,14.658
Sunflower,2003,Kharif     ,Uttar Pradesh,9.396404915048972,20111,1075.6,13.991240537970175,7.969551427858517,1.678,25.837,37.802,14.658
Turmeric,2003,Whole Year ,Uttar Pradesh,6.78897174299217,1604,1075.6,11.382774181905004,5.365415110080531,1.823,25.837,37.802,14.658
Arhar/Tur,2003,Kharif     ,Uttarakhand,7.5822291942764615,1453,1734.3,12.176642598999257,6.156724715973642,0.756,18.824,29.362,9.646
Bajra,2003,Kharif     ,Uttarakhand,1.3862943611198906,3,1734.3,5.6968921239514465,0.5423242908253617,1.0,18.824,29.362,9.646
Gram,2003,Rabi       ,Uttarakhand,6.642486801367256,601,1734.3,11.236113168539129,5.219490586002066,0.739,18.824,29.362,9.646
Groundnut,2003,Kharif     ,Uttarakhand,7.149916836132109,1267,1734.3,11.74405734446059,5.725283006102203,0.955,18.824,29.362,9.646
Horse-gram,2003,Kharif     ,Uttarakhand,9.008468955937513,6066,1734.3,13.603265625359906,7.581740027277326,0.749,18.824,29.362,9.646
Linseed,2003,Rabi       ,Uttarakhand,2.4849066497880004,4,1734.3,6.993731119989407,1.2919836816486494,0.36,18.824,29.362,9.646
Maize,2003,Summer     ,Uttarakhand,4.927253685157205,224,1734.3,9.51497247753154,3.522824869783854,1.623,18.824,29.362,9.646
Masoor,2003,Rabi       ,Uttarakhand,9.360396968182862,7168,1734.3,13.955229577679138,7.933553117510447,0.61,18.824,29.362,9.646
Moong(Green Gram),2003,Kharif     ,Uttarakhand,2.6390573296152584,5,1734.3,7.160644022933113,1.415853163361435,0.443,18.824,29.362,9.646
Moong(Green Gram),2003,Summer     ,Uttarakhand,3.6888794541139363,12,1734.3,8.258738474697914,2.337952236831337,0.305,18.824,29.362,9.646
Moth,2003,Kharif     ,Uttarakhand,1.0986122886681098,1,1734.3,5.2931037994951495,0.3920420877760237,0.5,18.824,29.362,9.646
Other  Rabi pulses,2003,Rabi       ,Uttarakhand,3.784189633918261,22,1734.3,8.356352852297018,2.4265710727750367,0.443,18.824,29.362,9.646
Other Cereals,2003,Rabi       ,Uttarakhand,6.493753839851686,755,1734.3,11.087172952080264,5.071416766356115,1.112,18.824,29.362,9.646
Other Kharif pulses,2003,Kharif     ,Uttarakhand,9.398063978059133,7776,1734.3,13.99289973722563,7.9712100551721,0.656,18.824,29.362,9.646
Peas & beans (Pulses),2003,Rabi       ,Uttarakhand,8.401108712395436,3386,1734.3,12.995804148375509,6.974703394713506,0.663,18.824,29.362,9.646
Rapeseed &Mustard,2003,Rabi       ,Uttarakhand,9.437157168656688,10025,1734.3,14.031996073668786,8.010293185652719,0.695,18.824,29.362,9.646
Rice,2003,Summer     ,Uttarakhand,8.640472207576408,21126,1734.3,13.23521498464197,7.213915572679691,3.66,18.824,29.362,9.646
Sesamum,2003,Kharif     ,Uttarakhand,7.527255919373784,294,1734.3,12.121640811384598,6.101842454577591,0.155,18.824,29.362,9.646
Soyabean,2003,Kharif     ,Uttarakhand,9.546741177474825,15045,1734.3,14.141588272522581,8.119851002887623,1.331,18.824,29.362,9.646
Sunflower,2003,Kharif     ,Uttarakhand,5.572154032177765,301,1734.3,10.163300873805193,4.1570063233468115,1.024,18.824,29.362,9.646
Tobacco,2003,Whole Year ,Uttarakhand,3.1780538303479458,78,1734.3,7.730851192097337,1.8748743759385615,3.26,18.824,29.362,9.646
Urad,2003,Kharif     ,Uttarakhand,9.28498391497195,3905,1734.3,13.879809850488963,7.8581614063324245,0.37,18.824,29.362,9.646
Urad,2003,Summer     ,Uttarakhand,6.470799503782602,233,1734.3,11.064183789841989,5.048573133436648,0.243,18.824,29.362,9.646
other oilseeds,2003,Kharif     ,Uttarakhand,6.021023349349527,294,1734.3,10.61353560535075,4.60156369039398,0.637,18.824,29.362,9.646
other oilseeds,2003,Rabi       ,Uttarakhand,4.477336814478207,29,1734.3,9.060942048460488,3.0855729775537806,0.298,18.824,29.362,9.646
Arhar/Tur,2004,Rabi       ,Andhra Pradesh,9.042276686928927,3792,781.8,13.72743390103813,7.482073877492512,0.485,27.83,37.342,20.184
Bajra,2004,Rabi       ,Andhra Pradesh,9.223157875686796,6712,781.8,13.908334485968076,7.662881457894061,0.662,27.83,37.342,20.184
Coriander,2004,Whole Year ,Andhra Pradesh,10.08505882793938,9314,781.8,14.770291944255979,8.524567931052395,0.516,27.83,37.342,20.184
Garlic,2004,Whole Year ,Andhra Pradesh,6.315358001522335,0,781.8,10.998839197746067,4.761489940243045,0.0,27.83,37.342,20.184
Gram,2004,Kharif     ,Andhra Pradesh,4.718498871295094,98,781.8,9.394887783050835,3.1908877883280318,0.885,27.83,37.342,20.184
Horse-gram,2004,Kharif     ,Andhra Pradesh,9.218110109240543,4552,781.8,13.90328622447691,7.657835570225403,0.433,27.83,37.342,20.184
Linseed,2004,Rabi       ,Andhra Pradesh,8.338544879988579,467,781.8,13.023582369237843,6.778796274184742,0.127,27.83,37.342,20.184
Niger seed,2004,Kharif     ,Andhra Pradesh,9.657650950674242,6101,781.8,14.3428620344952,8.0972436891071,0.425,27.83,37.342,20.184
Other  Rabi pulses,2004,Rabi       ,Andhra Pradesh,9.776222201490253,4724,781.8,14.4614403683656,8.215788053623314,0.256,27.83,37.342,20.184
Other Kharif pulses,2004,Kharif     ,Andhra Pradesh,9.694924684536947,4193,781.8,14.380138086122919,8.134508625153275,0.268,27.83,37.342,20.184
Ragi,2004,Rabi       ,Andhra Pradesh,8.977777598745481,14276,781.8,13.66292700288866,7.417604426149996,1.823,27.83,37.342,20.184
Rapeseed &Mustard,2004,Rabi       ,Andhra Pradesh,8.19533366716287,904,781.8,12.8803346687896,6.635723433683922,0.202,27.83,37.342,20.184
Safflower,2004,Rabi       ,Andhra Pradesh,9.852615222162372,8288,781.8,14.537837527201624,8.29216536597202,0.354,27.83,37.342,20.184
Small millets,2004,Rabi       ,Andhra Pradesh,6.246106765481563,257,781.8,10.929459253453691,4.692723082995953,0.502,27.83,37.342,20.184
Wheat,2004,Rabi       ,Andhra Pradesh,9.12423767292277,4605,781.8,13.809404111512505,7.563999857491939,0.387,27.83,37.342,20.184
Arhar/Tur,2004,Kharif     ,Assam,8.814924599721019,4751,2536.9,13.500051889663922,7.254835338888995,0.71,23.535,32.408,15.154
Castor seed,2004,Kharif     ,Assam,7.2078598714324755,572,2536.9,11.892400128668525,5.649994843926477,0.428,23.535,32.408,15.154
Cotton(lint),2004,Kharif     ,Assam,7.237059026124737,663,2536.9,11.921620418175278,5.679114028440487,0.483,23.535,32.408,15.154
Dry chillies,2004,Whole Year ,Assam,9.566895308714338,9155,2536.9,14.252100374329043,8.00651089071234,0.631,23.535,32.408,15.154
Gram,2004,Rabi       ,Assam,7.669495251007694,1084,2536.9,12.35430702997372,6.110602220383938,0.47,23.535,32.408,15.154
Linseed,2004,Rabi       ,Assam,9.133783249254028,4842,2536.9,13.818950713836701,7.573541540185429,0.52,23.535,32.408,15.154
Masoor,2004,Rabi       ,Assam,9.922652721797139,11041,2536.9,14.607878552729579,8.362189481195317,0.506,23.535,32.408,15.154
Moong(Green Gram),2004,Rabi       ,Assam,8.894807371368625,3429,2536.9,13.579945958837923,7.334675243475205,0.45,23.535,32.408,15.154
Niger seed,2004,Kharif     ,Assam,9.074635189810808,4487,2536.9,13.75979613635966,7.514418216320305,0.533,23.535,32.408,15.154
Onion,2004,Whole Year ,Assam,8.871084263978354,16786,2536.9,13.556219590079163,7.31096451118118,2.397,23.535,32.408,15.154
Peas & beans (Pulses),2004,Rabi       ,Assam,10.00960278332483,13339,2536.9,14.69483266155722,8.449124178754555,0.597,23.535,32.408,15.154
Sesamum,2004,Kharif     ,Assam,9.484937204879309,7498,2536.9,14.170136345816019,7.924575274789194,0.503,23.535,32.408,15.154
Small millets,2004,Kharif     ,Assam,8.9850695596458,4145,2536.9,13.670219872214764,7.424892939861809,0.52,23.535,32.408,15.154
Sweet potato,2004,Whole Year ,Assam,8.990566138131577,28030,2536.9,13.675717131093483,7.430386936461763,3.407,23.535,32.408,15.154
Tobacco,2004,Whole Year ,Assam,6.520621127558696,365,2536.9,11.204435331943584,4.965498448424726,0.581,23.535,32.408,15.154
Turmeric,2004,Whole Year ,Assam,9.36717316600297,8401,2536.9,14.052362896988571,7.806846951334211,0.722,23.535,32.408,15.154
Bajra,2004,Kharif     ,Bihar,7.0909098220799835,1297,1147.8,11.775358957810612,5.53338948872752,1.064,26.113,37.218,15.564
Barley,2004,Rabi       ,Bihar,9.76117485976141,18284,1147.8,14.446392173596761,8.200743949965283,1.092,26.113,37.218,15.564
Castor seed,2004,Kharif     ,Bihar,5.159055299214529,163,1147.8,9.838619377068538,3.6197972929264925,0.962,26.113,37.218,15.564
Coriander,2004,Whole Year ,Bihar,7.639642287858013,1362,1147.8,12.324440043746828,6.080802382460177,0.644,26.113,37.218,15.564
Dry chillies,2004,Whole Year ,Bihar,8.047829357457841,2245,1147.8,12.732786893926335,6.488383925699403,0.719,26.113,37.218,15.564
Garlic,2004,Whole Year ,Bihar,7.8160138391590275,3735,1147.8,12.500888685614695,6.256881838649521,1.528,26.113,37.218,15.564
Ginger,2004,Kharif     ,Bihar,5.902633333401366,555,1147.8,10.585197071715019,4.3522115495946965,1.451,26.113,37.218,15.564
Ginger,2004,Whole Year ,Bihar,5.978885764901122,596,1147.8,10.661648766159926,4.4277167605909975,1.486,26.113,37.218,15.564
Groundnut,2004,Kharif     ,Bihar,6.29156913955832,266,1147.8,10.975007125669709,4.737863727713557,0.497,26.113,37.218,15.564
Horse-gram,2004,Kharif     ,Bihar,9.616605160254911,12130,1147.8,14.301813589785564,8.05620797377327,0.78,26.113,37.218,15.564
Jowar,2004,Kharif     ,Bihar,8.231109840328154,3807,1147.8,12.916120452534479,6.671463162912652,1.031,26.113,37.218,15.564
Moong(Green Gram),2004,Kharif     ,Bihar,8.898911905794401,3617,1147.8,13.584051049729904,7.338777666399045,0.471,26.113,37.218,15.564
Other  Rabi pulses,2004,Rabi       ,Bihar,7.821242083523558,1886,1147.8,12.50611901406331,6.262102184950504,0.819,26.113,37.218,15.564
Other Kharif pulses,2004,Kharif     ,Bihar,8.718827059242566,3365,1147.8,13.403939506466779,7.1587941137350795,0.51,26.113,37.218,15.564
Peas & beans (Pulses),2004,Rabi       ,Bihar,10.03561170546317,20085,1147.8,14.720842727530702,8.475128758722558,0.891,26.113,37.218,15.564
Ragi,2004,Kharif     ,Bihar,9.653165488841426,10512,1147.8,14.338376287877225,8.092759308260456,0.655,26.113,37.218,15.564
Safflower,2004,Rabi       ,Bihar,5.375278407684165,173,1147.8,10.055955388604357,3.8318969609488613,0.834,26.113,37.218,15.564
Sannhamp,2004,Whole Year ,Bihar,8.386856689688234,3532,1147.8,13.071905355132511,6.827065695462861,0.833,26.113,37.218,15.564
Sesamum,2004,Kharif     ,Bihar,8.165363632473982,2717,1147.8,12.850356314230812,6.605784947121956,0.764,26.113,37.218,15.564
Small millets,2004,Kharif     ,Bihar,8.75004942158424,4892,1147.8,13.435166848553358,7.189997582683553,0.789,26.113,37.218,15.564
Sunflower,2004,Kharif     ,Bihar,9.714503852868623,23429,1147.8,14.399718437758587,8.154083301839453,1.369,26.113,37.218,15.564
Tobacco,2004,Whole Year ,Bihar,9.68483390649477,18659,1147.8,14.370046689117604,8.124420196592723,1.138,26.113,37.218,15.564
Turmeric,2004,Whole Year ,Bihar,7.945909598613133,2788,1147.8,12.630833128120553,6.3865930831147635,0.993,26.113,37.218,15.564
Urad,2004,Kharif     ,Bihar,10.0841827875855,17871,1147.8,14.769415867692837,8.523692028156066,0.742,26.113,37.218,15.564
Bajra,2004,Kharif     ,Chhattisgarh,3.912023005428146,17,1122.8,8.57728308205414,2.4239173781615704,0.422,25.775,36.878,15.577
Barley,2004,Rabi       ,Chhattisgarh,8.283999304248526,3539,1122.8,12.969023508780808,6.724301080992247,0.815,25.775,36.878,15.577
Castor seed,2004,Kharif     ,Chhattisgarh,4.927253685157205,50,1122.8,9.60532272751989,3.393501175027685,0.346,25.775,36.878,15.577
Coriander,2004,Whole Year ,Chhattisgarh,8.31581113188354,1011,1122.8,13.000843172220943,6.756083191571948,0.248,25.775,36.878,15.577
Cotton(lint),2004,Kharif     ,Chhattisgarh,6.150602768446279,763,1122.8,10.833762448605087,4.5979441408963515,1.778,25.775,36.878,15.577
Dry chillies,2004,Whole Year ,Chhattisgarh,8.781401907682376,3601,1122.8,13.466524181097498,7.221331680697873,0.534,25.775,36.878,15.577
Garlic,2004,Whole Year ,Chhattisgarh,6.7580945044277305,2309,1122.8,11.442217552211824,5.201806466167193,2.91,25.775,36.878,15.577
Ginger,2004,Whole Year ,Chhattisgarh,7.193685818395112,1318,1122.8,11.878215591422387,5.635860458170742,1.124,25.775,36.878,15.577
Jowar,2004,Kharif     ,Chhattisgarh,9.034676602846295,4902,1122.8,13.719832922656444,7.47447718710431,0.667,25.775,36.878,15.577
Masoor,2004,Rabi       ,Chhattisgarh,9.845911404398532,4878,1122.8,14.531133358816902,8.285462879164704,0.281,25.775,36.878,15.577
Mesta,2004,Kharif     ,Chhattisgarh,7.215975002651466,2456,1122.8,11.90052119584948,5.6580875153940715,1.853,25.775,36.878,15.577
Moong(Green Gram),2004,Kharif     ,Chhattisgarh,9.20432229965062,2554,1122.8,13.889497049882428,7.6440529410312115,0.253,25.775,36.878,15.577
Moong(Green Gram),2004,Rabi       ,Chhattisgarh,8.768574284141687,1334,1122.8,13.453694593022842,7.2085115109211895,0.201,25.775,36.878,15.577
Other  Rabi pulses,2004,Rabi       ,Chhattisgarh,7.2399325913204695,331,1122.8,11.924496030119133,5.681979848695356,0.9,25.775,36.878,15.577
Other Kharif pulses,2004,Kharif     ,Chhattisgarh,8.884748726451182,1773,1122.8,13.569885940537029,7.324621809814744,0.278,25.775,36.878,15.577
Peas & beans (Pulses),2004,Rabi       ,Chhattisgarh,9.702594610156739,5316,1122.8,14.387808478051483,8.14217678073755,0.286,25.775,36.878,15.577
Ragi,2004,Kharif     ,Chhattisgarh,9.221181395154058,2665,1122.8,13.906357811895436,7.660905711877892,0.238,25.775,36.878,15.577
Safflower,2004,Rabi       ,Chhattisgarh,6.872128101338986,206,1122.8,11.55637529969199,5.315371121113865,0.223,25.775,36.878,15.577
Sannhamp,2004,Whole Year ,Chhattisgarh,7.422971251049421,528,1122.8,12.107653648356898,5.864568236419437,0.303,25.775,36.878,15.577
Sesamum,2004,Kharif     ,Chhattisgarh,10.09749061410392,7309,1122.8,14.78272424085734,8.536997779494808,0.308,25.775,36.878,15.577
Sugarcane,2004,Whole Year ,Chhattisgarh,8.820404065485645,16450,1122.8,13.505532159532665,7.260311753657121,2.764,25.775,36.878,15.577
Sunflower,2004,Kharif     ,Chhattisgarh,8.631949428714426,1985,1122.8,13.317047172544548,7.071972265963926,0.405,25.775,36.878,15.577
Tobacco,2004,Whole Year ,Chhattisgarh,3.5263605246161616,17,1122.8,8.182061655653847,2.0706530356467567,0.68,25.775,36.878,15.577
Turmeric,2004,Whole Year ,Chhattisgarh,6.6052979209482015,642,1122.8,11.289230761799734,5.049727793902352,1.041,25.775,36.878,15.577
Urad,2004,Rabi       ,Chhattisgarh,8.64259160081057,1166,1122.8,13.327691215161275,7.082607341767547,0.232,25.775,36.878,15.577
Arhar/Tur,2004,Kharif     ,Delhi,4.787491742782046,170,651.9,9.464475485049416,3.2577118486533987,1.43,26.384,38.956,14.869
Bajra,2004,Kharif     ,Delhi,7.443663683115591,3117,651.9,12.128358208662739,5.885214747265271,1.82,26.384,38.956,14.869
Barley,2004,Kharif     ,Delhi,4.276666119016055,191,651.9,8.948084301655493,2.7669478423496954,2.69,26.384,38.956,14.869
Gram,2004,Rabi       ,Delhi,4.060443010546419,75,651.9,8.728487618309222,2.5626389983283526,1.32,26.384,38.956,14.869
Jowar,2004,Kharif     ,Delhi,9.127936545721367,6350,651.9,13.813103383042048,7.56769721711098,0.69,26.384,38.956,14.869
Maize,2004,Kharif     ,Delhi,4.418840607796598,125,651.9,9.09210623458871,2.9025198918318122,1.52,26.384,38.956,14.869
Other Kharif pulses,2004,Kharif     ,Delhi,5.017279836814924,215,651.9,9.695971257107617,3.481240089335692,1.43,26.384,38.956,14.869
Rice,2004,Kharif     ,Delhi,9.039789270781144,28216,651.9,13.724946192945,7.479587569223266,3.35,26.384,38.956,14.869
Dry chillies,2004,Whole Year ,Gujarat,8.764209507142004,5700,719.8,13.449329141795417,7.20414929203594,0.81,26.996,38.758,16.779
Other  Rabi pulses,2004,Rabi       ,Gujarat,8.216358332386156,1500,719.8,12.901365023507935,6.656726524178391,0.229,26.996,38.758,16.779
Other Cereals,2004,Kharif     ,Gujarat,9.417435838868785,4000,719.8,14.102629722012843,7.857093864902493,0.51,26.996,38.758,16.779
Other Cereals,2004,Rabi       ,Gujarat,9.296609807128359,3900,719.8,13.981793345254081,7.736307096548285,0.153,26.996,38.758,16.779
Other Kharif pulses,2004,Kharif     ,Gujarat,9.846970109700957,10000,719.8,14.532192119647803,8.286521373681236,0.564,26.996,38.758,16.779
Ragi,2004,Kharif     ,Gujarat,10.098272780745283,25800,719.8,14.783506439401991,8.537779825024625,1.028,26.996,38.758,16.779
Rice,2004,Summer     ,Gujarat,9.53249633228804,39200,719.8,14.217698970229986,7.972121128921655,2.686,26.996,38.758,16.779
Small millets,2004,Kharif     ,Gujarat,9.417435838868785,4000,719.8,14.102629722012843,7.857093864902493,0.51,26.996,38.758,16.779
Small millets,2004,Rabi       ,Gujarat,9.249657234353133,3900,719.8,13.93483640287817,7.68937110752969,0.345,26.996,38.758,16.779
Barley,2004,Rabi       ,Haryana,10.018288368013305,58000,484.6,14.703518631538719,8.457808300815397,1.595,26.667,39.098,14.94
Groundnut,2004,Kharif     ,Haryana,7.6362696033793735,1500,484.6,12.321065748496727,6.077435800022728,0.58,26.667,39.098,14.94
Horse-gram,2004,Kharif     ,Haryana,6.246106765481563,100,484.6,10.929459253453691,4.692723082995953,0.103,26.667,39.098,14.94
Maize,2004,Kharif     ,Haryana,9.665801266405587,39000,484.6,14.351012864437658,8.105392052994558,0.747,26.667,39.098,14.94
Masoor,2004,Rabi       ,Haryana,8.684739462628038,4700,484.6,13.369846292582462,7.12472782877268,0.778,26.667,39.098,14.94
Moong(Green Gram),2004,Kharif     ,Haryana,9.682840881420505,6100,484.6,14.368053541051797,8.12242763837317,0.149,26.667,39.098,14.94
Moth,2004,Kharif     ,Haryana,9.279866434624793,1400,484.6,13.96504843802746,7.7195695487523865,0.128,26.667,39.098,14.94
Peas & beans (Pulses),2004,Rabi       ,Haryana,6.57507584059962,800,484.6,11.25896748844979,5.019661105303568,0.615,26.667,39.098,14.94
Sannhamp,2004,Whole Year ,Haryana,6.144185634125646,100,484.6,10.827331685515196,4.591578232468624,0.081,26.667,39.098,14.94
Sesamum,2004,Kharif     ,Haryana,8.212568398234145,1200,484.6,12.897574072580428,6.6529404457114625,0.162,26.667,39.098,14.94
Sunflower,2004,Rabi       ,Haryana,8.582044163735853,9200,484.6,13.267132865416638,7.022101303766659,2.694,26.667,39.098,14.94
Urad,2004,Kharif     ,Haryana,7.6760099320288875,700,484.6,12.360824715914447,6.117105517060953,0.145,26.667,39.098,14.94
Castor seed,2004,Kharif     ,Madhya Pradesh,7.480992162869525,671,895.7,12.165707942269664,5.922462747009742,0.354,26.237,37.942,15.342
Ginger,2004,Kharif     ,Madhya Pradesh,8.559677803022392,5918,895.7,13.244762303428468,6.99975088072772,1.093,26.237,37.942,15.342
Horse-gram,2004,Rabi       ,Madhya Pradesh,5.081404364984463,45,895.7,9.760505932557262,3.543853682063679,0.305,26.237,37.942,15.342
Jowar,2004,Rabi       ,Madhya Pradesh,8.32263709695394,3955,895.7,13.007670786400672,6.762902902302657,1.205,26.237,37.942,15.342
Ragi,2004,Kharif     ,Madhya Pradesh,6.0014148779611505,112,895.7,10.684233895639258,4.450035689038101,0.302,26.237,37.942,15.342
Safflower,2004,Rabi       ,Madhya Pradesh,7.095064377287131,328,895.7,11.779516936043194,5.537531098039741,0.266,26.237,37.942,15.342
Sunflower,2004,Kharif     ,Madhya Pradesh,7.5485559791698735,943,895.7,12.233308265836229,5.989888305491614,0.316,26.237,37.942,15.342
Turmeric,2004,Whole Year ,Madhya Pradesh,6.4967749901858625,633,895.7,11.180553928971703,4.941785269549052,1.013,26.237,37.942,15.342
Urad,2004,Rabi       ,Madhya Pradesh,8.574140471857987,2178,895.7,13.259227699643203,7.014203203196918,0.28,26.237,37.942,15.342
Castor seed,2004,Kharif     ,Maharashtra,9.417435838868785,3500,1052.0,14.102629722012843,7.857093864902493,0.253,25.735,36.31,15.839
Maize,2004,Summer     ,Maharashtra,9.503084610020228,20400,1052.0,14.188285104989506,7.942717540573791,1.463,25.735,36.31,15.839
Other Cereals,2004,Rabi       ,Maharashtra,9.137877200242468,3100,1052.0,13.823045101865363,7.577633832602728,0.369,25.735,36.31,15.839
Rapeseed &Mustard,2004,Rabi       ,Maharashtra,9.059633754551479,2500,1052.0,13.744792985749987,7.499423290592229,0.333,25.735,36.31,15.839
Rice,2004,Summer     ,Maharashtra,9.928228944424575,49000,1052.0,14.61345504560987,8.367764677924308,2.463,25.735,36.31,15.839
Sesamum,2004,Rabi       ,Maharashtra,8.24301946898925,900,1052.0,12.9280332049416,6.683360945766275,0.224,25.735,36.31,15.839
Small millets,2004,Rabi       ,Maharashtra,9.137877200242468,3100,1052.0,13.823045101865363,7.577633832602728,0.369,25.735,36.31,15.839
Sunflower,2004,Summer     ,Maharashtra,8.839421607620602,5200,1052.0,13.52455245852453,7.27931883541462,0.87,25.735,36.31,15.839
Arhar/Tur,2004,Kharif     ,Nagaland,8.764209507142004,6000,1711.5,13.449329141795417,7.20414929203594,0.941,19.89,29.818,11.537
Bajra,2004,Kharif     ,Nagaland,7.893945138235959,4000,1711.5,12.578849947833657,6.334699578680012,1.509,19.89,29.818,11.537
Barley,2004,Rabi       ,Nagaland,8.38958706681109,7000,1711.5,13.074636347906909,6.829793737512425,1.581,19.89,29.818,11.537
Cotton(lint),2004,Kharif     ,Nagaland,7.313886831633462,150,1711.5,11.998500970768601,5.755742213586912,0.097,19.89,29.818,11.537
Gram,2004,Rabi       ,Nagaland,7.215975002651466,1000,1711.5,11.90052119584948,5.6580875153940715,0.789,19.89,29.818,11.537
Groundnut,2004,Kharif     ,Nagaland,8.61993026886735,6980,1711.5,13.305025876070998,7.059961211871468,1.264,19.89,29.818,11.537
Jowar,2004,Kharif     ,Nagaland,7.824445930877619,4000,1711.5,12.509324133159717,6.26530121273771,1.598,19.89,29.818,11.537
Linseed,2004,Rabi       ,Nagaland,8.895766604056085,5640,1711.5,13.580905321776562,7.335633981927201,0.64,19.89,29.818,11.537
Maize,2004,Rabi       ,Nagaland,6.90875477931522,1800,1711.5,11.59303893937051,5.351858133476067,1.905,19.89,29.818,11.537
Masoor,2004,Rabi       ,Nagaland,7.836369760545124,1100,1711.5,12.52125266024554,6.277207240178711,0.439,19.89,29.818,11.537
Moong(Green Gram),2004,Kharif     ,Nagaland,7.170888478512505,840,1711.5,11.855401073808958,5.6131281063880705,0.621,19.89,29.818,11.537
Niger seed,2004,Kharif     ,Nagaland,6.68586094706836,880,1711.5,11.369897695582644,5.1298987149230735,1.11,19.89,29.818,11.537
Other  Rabi pulses,2004,Rabi       ,Nagaland,8.366602832783736,3650,1711.5,13.051646878467526,6.806829360392176,0.862,19.89,29.818,11.537
Other Kharif pulses,2004,Kharif     ,Nagaland,8.799510901368867,5400,1711.5,13.484635905595905,7.239430313119546,0.945,19.89,29.818,11.537
Peas & beans (Pulses),2004,Kharif     ,Nagaland,7.147559271189454,1000,1711.5,11.832053877530955,5.589866950526307,0.778,19.89,29.818,11.537
Peas & beans (Pulses),2004,Rabi       ,Nagaland,8.863757191604241,5440,1711.5,13.548891494664247,7.303641320643307,0.746,19.89,29.818,11.537
Rice,2004,Rabi       ,Nagaland,6.90875477931522,2000,1711.5,11.59303893937051,5.351858133476067,1.99,19.89,29.818,11.537
Sesamum,2004,Kharif     ,Nagaland,6.2166061010848646,250,1711.5,10.89990098888399,4.663439094112067,0.432,19.89,29.818,11.537
Small millets,2004,Kharif     ,Nagaland,8.853808274977197,7000,1711.5,13.538941176866508,7.293697720601438,0.998,19.89,29.818,11.537
Sunflower,2004,Kharif     ,Nagaland,6.111467339502679,330,1711.5,10.794542524342022,4.5591262474866845,0.77,19.89,29.818,11.537
Sunflower,2004,Rabi       ,Nagaland,5.017279836814924,240,1711.5,9.695971257107617,3.481240089335692,1.4,19.89,29.818,11.537
Wheat,2004,Rabi       ,Nagaland,9.012011377036412,13000,1711.5,13.697164989115759,7.45182223652793,1.491,19.89,29.818,11.537
Arhar/Tur,2004,Kharif     ,Punjab,9.093918908958932,7700,366.4,13.779082023050707,7.533693709848633,0.929,26.295,38.785,14.023
Bajra,2004,Kharif     ,Punjab,8.853808274977197,7000,366.4,13.538941176866508,7.293697720601438,1.0,26.295,38.785,14.023
Barley,2004,Rabi       ,Punjab,9.99884318585288,74000,366.4,14.684072582124719,8.438366410870266,3.32,26.295,38.785,14.023
Gram,2004,Rabi       ,Punjab,8.537191877922927,4400,366.4,13.222272058783908,6.977281341630747,0.845,26.295,38.785,14.023
Groundnut,2004,Kharif     ,Punjab,8.366602832783736,3600,366.4,13.051646878467526,6.806829360392176,0.82,26.295,38.785,14.023
Masoor,2004,Rabi       ,Punjab,8.101980731853192,1600,366.4,12.786954974711085,6.542471960506805,0.504,26.295,38.785,14.023
Moong(Green Gram),2004,Kharif     ,Punjab,9.61587214452889,12000,366.4,14.301080525660659,8.055475141757274,0.812,26.295,38.785,14.023
Moth,2004,Kharif     ,Punjab,5.707110264748875,200,366.4,10.389087671750044,4.1588830833596715,0.667,26.295,38.785,14.023
Sesamum,2004,Kharif     ,Punjab,9.220389707829185,4100,366.4,13.905566046939995,7.660114319173928,0.379,26.295,38.785,14.023
Urad,2004,Kharif     ,Punjab,8.131824785007195,1800,366.4,12.816807855595385,6.5722825426940075,0.633,26.295,38.785,14.023
Arhar/Tur,2004,Kharif     ,Tripura,7.301147805856032,997,2706.3,11.985753476889487,5.743035238577902,0.69,24.318,33.078,16.125
Cotton(lint),2004,Kharif     ,Tripura,6.952728644624869,1555,2706.3,11.637055427318094,5.395670911803947,1.488,24.318,33.078,16.125
Gram,2004,Rabi       ,Tripura,5.58724865840025,187,2706.3,10.268805438414,4.040592106222854,0.702,24.318,33.078,16.125
Groundnut,2004,Kharif     ,Tripura,6.093569770045136,459,2706.3,10.776605194897595,4.541378052900312,1.005,24.318,33.078,16.125
Groundnut,2004,Rabi       ,Tripura,5.288267030694535,210,2706.3,9.968525011683427,3.7464405646384678,1.158,24.318,33.078,16.125
Maize,2004,Kharif     ,Tripura,7.934155233536322,2967,2706.3,12.61907461335554,6.374854447564289,1.052,24.318,33.078,16.125
Masoor,2004,Rabi       ,Tripura,6.0473721790462776,215,2706.3,10.7303016165413,4.495578509357997,0.522,24.318,33.078,16.125
Moong(Green Gram),2004,Kharif     ,Tripura,5.831882477283517,183,2706.3,10.514247195122111,4.282206299391671,0.538,24.318,33.078,16.125
Moong(Green Gram),2004,Rabi       ,Tripura,6.093569770045136,220,2706.3,10.776605194897595,4.541378052900312,0.505,24.318,33.078,16.125
Other  Rabi pulses,2004,Rabi       ,Tripura,6.836259277277067,628,2706.3,11.520468941275348,5.279644101282416,0.72,24.318,33.078,16.125
Other Kharif pulses,2004,Kharif     ,Tripura,7.45298232946546,1151,2706.3,12.137682235384082,5.894513021031532,0.668,24.318,33.078,16.125
Peas & beans (Pulses),2004,Rabi       ,Tripura,6.9411900550683745,720,2706.3,11.62550583464463,5.3841739103077195,0.688,24.318,33.078,16.125
Rapeseed &Mustard,2004,Rabi       ,Tripura,7.450660796211539,1315,2706.3,12.135359366418909,5.892196545449313,0.765,24.318,33.078,16.125
Sesamum,2004,Kharif     ,Tripura,7.365812837209472,715,2706.3,12.050460398133207,5.807541708947054,0.455,24.318,33.078,16.125
Urad,2004,Kharif     ,Tripura,6.934397209928558,611,2706.3,11.618706452217484,5.377405772867,0.575,24.318,33.078,16.125
Urad,2004,Rabi       ,Tripura,6.0112671744041615,245,2706.3,10.694110294042265,4.459797532972339,0.595,24.318,33.078,16.125
Wheat,2004,Rabi       ,Tripura,6.851184927493743,1942,2706.3,11.53541037408298,5.294510128205083,2.052,24.318,33.078,16.125
Arhar/Tur,2004,Kharif     ,Uttarakhand,7.51425465281641,1182,1219.6,12.198988713627548,5.955656005869189,0.681,18.932,29.082,9.978
Barley,2004,Rabi       ,Uttarakhand,10.093322479806597,33514,1219.6,14.778555936127216,8.532830292195637,1.442,18.932,29.082,9.978
Gram,2004,Rabi       ,Uttarakhand,6.714170529909472,639,1219.6,11.398241846155255,5.158077810133449,0.737,18.932,29.082,9.978
Groundnut,2004,Kharif     ,Uttarakhand,7.393263094763838,2005,1219.6,12.077927634556664,5.834927689287754,1.184,18.932,29.082,9.978
Horse-gram,2004,Kharif     ,Uttarakhand,9.056722883310583,6134,1219.6,13.741881778671619,7.49651369380455,0.725,18.932,29.082,9.978
Linseed,2004,Rabi       ,Uttarakhand,3.091042453358316,7,1219.6,7.730236304778021,1.6882490928583902,0.315,18.932,29.082,9.978
Maize,2004,Summer     ,Uttarakhand,4.31748811353631,147,1219.6,8.989464248104374,2.805781689595545,1.96,18.932,29.082,9.978
Masoor,2004,Rabi       ,Uttarakhand,9.376193736062831,7001,1219.6,14.06138422768014,7.815864634480176,0.605,18.932,29.082,9.978
Moong(Green Gram),2004,Kharif     ,Uttarakhand,1.6094379124341003,1,1219.6,6.0738736833487,0.6097655716208943,0.167,18.932,29.082,9.978
Moong(Green Gram),2004,Summer     ,Uttarakhand,2.833213344056216,6,1219.6,7.458439873710014,1.4724720573609429,0.365,18.932,29.082,9.978
Moth,2004,Kharif     ,Uttarakhand,1.6094379124341003,1,1219.6,6.0738736833487,0.6097655716208943,0.25,18.932,29.082,9.978
Other  Rabi pulses,2004,Rabi       ,Uttarakhand,6.6293632534374485,364,1219.6,11.313328015595625,5.07367268910756,0.642,18.932,29.082,9.978
Other Cereals,2004,Rabi       ,Uttarakhand,6.240275845170769,806,1219.6,10.923617082843517,4.686934487790731,1.464,18.932,29.082,9.978
Other Kharif pulses,2004,Kharif     ,Uttarakhand,9.569202921360327,9918,1219.6,14.254408146862682,8.008817896474396,0.621,18.932,29.082,9.978
Peas & beans (Pulses),2004,Rabi       ,Uttarakhand,8.256607344626158,2987,1219.6,12.941624599354975,6.696935477356759,0.684,18.932,29.082,9.978
Rapeseed &Mustard,2004,Rabi       ,Uttarakhand,9.60177416667137,9600,1219.6,14.286981610018326,8.041380723487253,0.59,18.932,29.082,9.978
Rice,2004,Summer     ,Uttarakhand,8.9242570208881,22367,1219.6,13.609399550806131,7.364109933315865,2.975,18.932,29.082,9.978
Sesamum,2004,Kharif     ,Uttarakhand,7.618742377670413,468,1219.6,12.303530063821576,6.059940618410053,0.234,18.932,29.082,9.978
Soyabean,2004,Kharif     ,Uttarakhand,9.499121839871265,17768,1219.6,14.184322041259911,7.938755884740199,1.159,18.932,29.082,9.978
Sunflower,2004,Kharif     ,Uttarakhand,5.332718793265369,246,1219.6,10.01319540481757,3.7900813346229034,1.05,18.932,29.082,9.978
Tobacco,2004,Whole Year ,Uttarakhand,3.4657359027997265,117,1219.6,8.119559338823032,2.0162354657760435,3.486,18.932,29.082,9.978
Urad,2004,Kharif     ,Uttarakhand,9.324829098460881,4937,1219.6,14.010015165757155,7.764516788870341,0.435,18.932,29.082,9.978
Urad,2004,Summer     ,Uttarakhand,3.258096538021482,11,1219.6,7.904519395006169,1.8325814637483102,0.44,18.932,29.082,9.978
other oilseeds,2004,Kharif     ,Uttarakhand,5.552959584921617,170,1219.6,10.234386429659876,4.006787581872569,0.644,18.932,29.082,9.978
other oilseeds,2004,Rabi       ,Uttarakhand,4.804021044733257,69,1219.6,9.481141255571817,3.273742726309041,0.57,18.932,29.082,9.978
Arhar/Tur,2004,Rabi       ,Jharkhand,9.92221509232886,30381,1149.2,14.60744090189705,8.361751979210178,1.506,23.125,33.558,13.681
Barley,2004,Rabi       ,Jharkhand,7.994149901667673,1801,1149.2,12.679089960310353,6.434771212643022,0.61,23.125,33.558,13.681
Gram,2004,Rabi       ,Jharkhand,9.77697262967254,13790,1149.2,14.4621908388596,8.216538267561347,0.859,23.125,33.558,13.681
Masoor,2004,Rabi       ,Jharkhand,7.8983071141419865,1619,1149.2,12.583213533486605,6.339055102657126,0.582,23.125,33.558,13.681
Rapeseed &Mustard,2004,Rabi       ,Jharkhand,8.766123000974778,6335,1149.2,13.451242930992441,7.206061959861356,0.905,23.125,33.558,13.681
Arhar/Tur,2004,Rabi       ,West Bengal,7.301147805856032,1054,1612.9,11.985753476889487,5.743035238577902,0.778,25.704,35.663,16.593
Bajra,2004,Kharif     ,West Bengal,4.867534450455582,45,1612.9,9.545158383979135,3.335413641116152,0.44,25.704,35.663,16.593
Barley,2004,Rabi       ,West Bengal,7.792348924113037,4047,1612.9,12.477214199717842,6.233253193291032,1.574,25.704,35.663,16.593
Cardamom,2004,Whole Year ,West Bengal,1.354287564984804,1,1612.9,5.744185181287573,0.47250050944432276,0.24,25.704,35.663,16.593
Castor seed,2004,Rabi       ,West Bengal,3.828641396489095,43,1612.9,8.492142014549378,2.34660197841082,0.96,25.704,35.663,16.593
Ginger,2004,Kharif     ,West Bengal,9.118882761487347,18781,1612.9,13.804048620208833,7.558647146644969,1.766,25.704,35.663,16.593
Horse-gram,2004,Rabi       ,West Bengal,7.932362154339751,1163,1612.9,12.61728089684102,6.373063784114165,0.364,25.704,35.663,16.593
Jowar,2004,Kharif     ,West Bengal,7.312553498102598,649,1612.9,11.99716675597099,5.754412215607523,0.518,25.704,35.663,16.593
Linseed,2004,Rabi       ,West Bengal,8.579416534596369,1430,1612.9,13.264504747564168,7.019475528592545,0.285,25.704,35.663,16.593
Moong(Green Gram),2004,Kharif     ,West Bengal,6.51471269087253,315,1612.9,11.19851823570885,4.959622662073724,0.484,25.704,35.663,16.593
Moong(Green Gram),2004,Rabi       ,West Bengal,7.122059881629142,831,1612.9,11.80653433918254,5.564443776034101,0.607,25.704,35.663,16.593
Moong(Green Gram),2004,Summer     ,West Bengal,9.190647738630446,3249,1612.9,13.875821116350306,7.630383588864251,0.342,25.704,35.663,16.593
Niger seed,2004,Kharif     ,West Bengal,8.793915423631676,4249,1612.9,13.479039589342257,7.233838016901526,0.542,25.704,35.663,16.593
Other Kharif pulses,2004,Kharif     ,West Bengal,6.741700694652055,518,1612.9,11.425804700179789,5.185484558273693,0.512,25.704,35.663,16.593
Peas & beans (Pulses),2004,Rabi       ,West Bengal,9.571365838652174,9402,1612.9,14.256571213682031,8.010980246205795,0.688,25.704,35.663,16.593
Ragi,2004,Kharif     ,West Bengal,9.422139821589736,15118,1612.9,14.10733408275129,7.86179641286247,0.838,25.704,35.663,16.593
Safflower,2004,Rabi       ,West Bengal,6.040254711277414,462,1612.9,10.723167379029105,4.488524003868771,0.808,25.704,35.663,16.593
Small millets,2004,Kharif     ,West Bengal,7.718685495198466,1627,1612.9,12.403519486316359,6.159708308440529,0.811,25.704,35.663,16.593
Small millets,2004,Rabi       ,West Bengal,6.621405651764134,1034,1612.9,11.305359943619337,5.065754593317335,1.245,25.704,35.663,16.593
Soyabean,2004,Kharif     ,West Bengal,6.293419278846481,305,1612.9,10.976860662607208,4.739701078945697,0.538,25.704,35.663,16.593
Sunflower,2004,Kharif     ,West Bengal,9.052750451401412,11211,1612.9,13.737908886868587,7.492543007120805,1.073,25.704,35.663,16.593
Tobacco,2004,Whole Year ,West Bengal,9.61973109808682,20060,1612.9,14.304939733616205,8.059333129685186,0.695,25.704,35.663,16.593
Turmeric,2004,Whole Year ,West Bengal,9.425532393502772,24478,1612.9,14.11072692619367,7.865187954187467,1.851,25.704,35.663,16.593
Urad,2004,Rabi       ,West Bengal,9.343646739284408,8398,1612.9,14.028834453886907,7.783328177577733,0.672,25.704,35.663,16.593
Bajra,2005,Kharif     ,Bihar,8.37539918579835,4591,907.8,13.161995467468985,6.8156180600093075,1.045,26.871,37.943,16.193
Barley,2005,Rabi       ,Bihar,9.68046899341007,16563,907.8,14.467231874211297,8.120056307177569,0.989,26.871,37.943,16.193
Castor seed,2005,Kharif     ,Bihar,5.10594547390058,154,907.8,9.886742127231948,3.56784112573688,0.965,26.871,37.943,16.193
Coriander,2005,Whole Year ,Bihar,7.708859601047175,1749,907.8,12.495239265495798,6.149898896052741,0.803,26.871,37.943,16.193
Dry chillies,2005,Whole Year ,Bihar,8.041734711487537,3029,907.8,12.82824044708871,6.482296625354069,0.937,26.871,37.943,16.193
Garlic,2005,Whole Year ,Bihar,7.905441649060286,4003,907.8,12.691900779235379,6.346180072639659,1.477,26.871,37.943,16.193
Ginger,2005,Whole Year ,Bihar,6.715383386334681,1243,907.8,11.501005503667892,5.159285157852479,1.53,26.871,37.943,16.193
Groundnut,2005,Kharif     ,Bihar,6.815639990074331,450,907.8,11.601376904571786,5.259108653322756,0.495,26.871,37.943,16.193
Horse-gram,2005,Kharif     ,Bihar,9.371182897093012,10101,907.8,14.157923314703956,7.810855395948351,0.842,26.871,37.943,16.193
Jowar,2005,Kharif     ,Bihar,8.321907968230423,4236,907.8,13.108491688868094,6.762174439615718,1.033,26.871,37.943,16.193
Moong(Green Gram),2005,Kharif     ,Bihar,9.017726025696795,4898,907.8,13.804430641769734,7.457534272476032,0.564,26.871,37.943,16.193
Other  Rabi pulses,2005,Rabi       ,Bihar,7.999342952713282,2257,907.8,12.785834867199787,6.439957215686664,0.848,26.871,37.943,16.193
Other Kharif pulses,2005,Kharif     ,Bihar,7.2305631534092925,756,907.8,12.01666967460313,5.672635745659364,0.505,26.871,37.943,16.193
Peas & beans (Pulses),2005,Rabi       ,Bihar,10.109688383120027,22618,907.8,14.896472891873202,8.549193670531372,0.926,26.871,37.943,16.193
Ragi,2005,Kharif     ,Bihar,9.563669725663818,12825,907.8,14.350424928127703,8.003286158314452,0.804,26.871,37.943,16.193
Safflower,2005,Rabi       ,Bihar,5.159055299214529,138,907.8,9.940164648821758,3.6197972929264925,0.838,26.871,37.943,16.193
Sannhamp,2005,Whole Year ,Bihar,8.068402958569699,2587,907.8,12.854917093322884,6.508933057962132,0.773,26.871,37.943,16.193
Sesamum,2005,Kharif     ,Bihar,8.067462667010057,2554,907.8,12.853976509413886,6.50799387379065,0.83,26.871,37.943,16.193
Small millets,2005,Kharif     ,Bihar,8.839421607620602,5159,907.8,13.626102752914122,7.27931883541462,0.768,26.871,37.943,16.193
Sunflower,2005,Kharif     ,Bihar,10.030736753451592,30541,907.8,14.81751794770753,8.470254612005272,1.321,26.871,37.943,16.193
Tobacco,2005,Whole Year ,Bihar,9.609250711113672,17242,907.8,14.396009017189309,8.048855373935345,1.151,26.871,37.943,16.193
Turmeric,2005,Whole Year ,Bihar,8.165079258805068,3417,907.8,12.95162203040972,6.605500877347099,0.975,26.871,37.943,16.193
Urad,2005,Kharif     ,Bihar,10.134519905270576,19443,907.8,14.92130540353586,8.574021439646408,0.793,26.871,37.943,16.193
Bajra,2005,Kharif     ,Chhattisgarh,4.406719247264253,31,1292.7,9.181376952459164,2.8909271591878647,0.58,26.175,36.616,15.645
Barley,2005,Rabi       ,Chhattisgarh,8.190077049719049,2981,1292.7,12.976626786308072,6.630472281567279,0.877,26.175,36.616,15.645
Castor seed,2005,Kharif     ,Chhattisgarh,4.564348191467836,30,1292.7,9.340789519359426,3.0421386463681466,0.257,26.175,36.616,15.645
Coriander,2005,Whole Year ,Chhattisgarh,8.296297112642508,1110,1292.7,13.082874577118904,6.73658728925827,0.258,26.175,36.616,15.645
Cotton(lint),2005,Kharif     ,Chhattisgarh,5.517452896464707,392,1292.7,10.300287223960947,3.9718002094640066,1.278,26.175,36.616,15.645
Dry chillies,2005,Whole Year ,Chhattisgarh,8.762489547371581,1666,1292.7,13.549159199591106,7.202430343370881,0.256,26.175,36.616,15.645
Garlic,2005,Whole Year ,Chhattisgarh,6.802394763324311,2518,1292.7,11.58811716396554,5.2459181977488285,2.986,26.175,36.616,15.645
Ginger,2005,Whole Year ,Chhattisgarh,7.454719949364001,1582,1292.7,12.240970760471688,5.896246863025796,1.027,26.175,36.616,15.645
Horse-gram,2005,Rabi       ,Chhattisgarh,7.95892649305011,790,1292.7,12.745404673300701,6.39959277263563,0.279,26.175,36.616,15.645
Jowar,2005,Kharif     ,Chhattisgarh,9.042631527550073,5827,1292.7,13.82933910139414,7.482428560294395,0.793,26.175,36.616,15.645
Masoor,2005,Rabi       ,Chhattisgarh,9.844692506025623,6820,1292.7,14.631464772738518,8.284244223748246,0.306,26.175,36.616,15.645
Mesta,2005,Kharif     ,Chhattisgarh,7.102499355774649,2385,1292.7,11.88850769432973,5.54494304200945,2.074,26.175,36.616,15.645
Moong(Green Gram),2005,Kharif     ,Chhattisgarh,9.217216675915616,2745,1292.7,14.003943038306318,7.656942470424755,0.25,26.175,36.616,15.645
Moong(Green Gram),2005,Rabi       ,Chhattisgarh,8.85366542803745,1576,1292.7,13.640348605923748,7.293554950383062,0.235,26.175,36.616,15.645
Other  Rabi pulses,2005,Rabi       ,Chhattisgarh,7.870165946469845,436,1292.7,12.65661194275143,6.310954105208834,0.305,26.175,36.616,15.645
Other Kharif pulses,2005,Kharif     ,Chhattisgarh,8.843326450242271,1762,1292.7,13.630008155640764,7.283221554716364,0.268,26.175,36.616,15.645
Peas & beans (Pulses),2005,Rabi       ,Chhattisgarh,9.750278096285621,6034,1292.7,14.53704515593323,8.189849561987147,0.329,26.175,36.616,15.645
Safflower,2005,Rabi       ,Chhattisgarh,6.8679744089702925,232,1292.7,11.65376682456495,5.311233591814583,0.189,26.175,36.616,15.645
Sannhamp,2005,Whole Year ,Chhattisgarh,7.410347097821024,530,1292.7,12.196571855618334,5.851972568289383,0.327,26.175,36.616,15.645
Sesamum,2005,Kharif     ,Chhattisgarh,10.112410468210365,7293,1292.7,14.899195086639047,8.551915339643788,0.294,26.175,36.616,15.645
Sugarcane,2005,Whole Year ,Chhattisgarh,8.912338567117548,18562,1292.7,13.699029818951386,7.352197480827193,2.861,26.175,36.616,15.645
Sunflower,2005,Kharif     ,Chhattisgarh,8.961366060627451,2857,1292.7,13.748063705060193,7.401200738916591,0.391,26.175,36.616,15.645
Tobacco,2005,Whole Year ,Chhattisgarh,3.4011973816621555,15,1292.7,8.154408190467327,1.958685340544036,0.525,26.175,36.616,15.645
Turmeric,2005,Whole Year ,Chhattisgarh,6.650279048587422,683,1292.7,11.435820205435126,5.0944861262662,1.034,26.175,36.616,15.645
Urad,2005,Rabi       ,Chhattisgarh,8.644354337032917,1379,1292.7,13.431004525854705,7.084368909850497,0.22,26.175,36.616,15.645
Arhar/Tur,2005,Kharif     ,Delhi,5.0238805208462765,227,653.1,9.804159913538724,3.4876808415502927,1.5,25.445,37.841,14.135
Bajra,2005,Kharif     ,Delhi,7.43307534889858,3031,653.1,12.219313595955262,5.874649792516147,1.79,25.445,37.841,14.135
Barley,2005,Kharif     ,Delhi,4.2626798770413155,183,653.1,9.035439215785711,2.7536607123542622,2.61,25.445,37.841,14.135
Gram,2005,Rabi       ,Delhi,3.871201010907891,67,653.1,8.63714986301346,2.386006701133118,1.43,25.445,37.841,14.135
Jowar,2005,Kharif     ,Delhi,9.095266164130717,7843,653.1,13.881979751653587,7.535040396242211,0.88,25.445,37.841,14.135
Maize,2005,Kharif     ,Delhi,4.382026634673881,144,653.1,9.156378256293232,2.8673305587494666,1.82,25.445,37.841,14.135
Other Kharif pulses,2005,Kharif     ,Delhi,5.198497031265826,270,653.1,9.979828030792566,3.6584202466292277,1.5,25.445,37.841,14.135
Rice,2005,Kharif     ,Delhi,8.923591197573002,21092,653.1,13.710283944452266,7.363444443379814,2.81,25.445,37.841,14.135
Dry chillies,2005,Whole Year ,Gujarat,8.922791623969637,6800,942.4,13.709484265170472,7.362645270417825,0.943,26.258,37.708,15.176
Other  Rabi pulses,2005,Rabi       ,Gujarat,9.332646496360152,10900,942.4,14.119383596449598,7.772331575169614,0.972,26.258,37.708,15.176
Other Cereals,2005,Kharif     ,Gujarat,9.717218213494077,4400,942.4,14.503983330481779,8.156797046675651,0.198,26.258,37.708,15.176
Other Cereals,2005,Rabi       ,Gujarat,9.75272280064639,21300,942.4,14.539490001415107,8.19229373114764,1.207,26.258,37.708,15.176
Ragi,2005,Kharif     ,Gujarat,9.985113621416073,23200,942.4,14.771892777603584,8.42463920980563,1.04,26.258,37.708,15.176
Rice,2005,Summer     ,Gujarat,10.110542371500753,74300,942.4,14.897326914694112,8.550047528287184,3.054,26.258,37.708,15.176
Dry chillies,2005,Whole Year ,Haryana,7.3453648404168685,1300,516.9,12.131549294811027,5.78714275003436,0.613,25.452,37.99,13.991
Groundnut,2005,Kharif     ,Haryana,8.23880116587155,2900,516.9,13.025363987687943,6.67914682223686,0.535,25.452,37.99,13.991
Horse-gram,2005,Kharif     ,Haryana,8.645762292210945,1200,516.9,13.432412726801578,7.085775933474386,0.122,25.452,37.99,13.991
Maize,2005,Kharif     ,Haryana,9.768240403128102,36000,516.9,14.555008491653204,8.207807966814487,0.496,25.452,37.99,13.991
Masoor,2005,Rabi       ,Haryana,8.55756708555451,3900,516.9,13.344201436934846,6.99764168577666,0.779,25.452,37.99,13.991
Moong(Green Gram),2005,Kharif     ,Haryana,9.790710714933168,7700,516.9,14.577480064802497,8.230273494948687,0.252,25.452,37.99,13.991
Moth,2005,Kharif     ,Haryana,8.054522609537294,500,516.9,12.84103240064634,6.495069162030631,0.092,25.452,37.99,13.991
Peas & beans (Pulses),2005,Rabi       ,Haryana,6.955592608396297,1200,516.9,11.741471675602256,5.398524626965062,0.72,25.452,37.99,13.991
Sannhamp,2005,Whole Year ,Haryana,6.089044875446846,100,516.9,10.873618532555687,4.536891345234797,0.071,25.452,37.99,13.991
Sesamum,2005,Kharif     ,Haryana,8.283999304248526,1400,516.9,13.07057370721111,6.724301080992247,0.224,25.452,37.99,13.991
Sunflower,2005,Rabi       ,Haryana,9.582248696555505,25000,516.9,14.369005181166301,8.021860266940747,1.334,25.452,37.99,13.991
Urad,2005,Kharif     ,Haryana,7.820439515262181,900,516.9,12.606866192200338,6.261300826414174,0.194,25.452,37.99,13.991
Arhar/Tur,2005,Kharif     ,Himachal Pradesh,3.784189633918261,20,1248.1,8.548218878421121,2.305580601973844,0.368,20.955,31.625,11.703
Bajra,2005,Kharif     ,Himachal Pradesh,5.720311776607412,144,1248.1,10.5038799853921,4.171922696867475,0.488,20.955,31.625,11.703
Barley,2005,Rabi       ,Himachal Pradesh,10.1360268254907,29361,1248.1,14.92281238301813,8.575528135095666,1.134,20.955,31.625,11.703
Coriander,2005,Rabi       ,Himachal Pradesh,4.969813299576001,17,1248.1,9.749727796288289,3.434954478460289,0.142,20.955,31.625,11.703
Cotton(lint),2005,Kharif     ,Himachal Pradesh,3.9889840465642745,24,1248.1,8.757274092566336,2.495681722955959,0.475,20.955,31.625,11.703
Dry chillies,2005,Kharif     ,Himachal Pradesh,6.398594934535208,130,1248.1,11.183768407068236,4.844187086458591,0.292,20.955,31.625,11.703
Garlic,2005,Rabi       ,Himachal Pradesh,8.00202481821611,1965,1248.1,12.788517624552872,6.442635703305683,0.764,20.955,31.625,11.703
Gram,2005,Rabi       ,Himachal Pradesh,7.199678345691172,715,1248.1,11.985762326819295,5.641836146437215,0.426,20.955,31.625,11.703
Groundnut,2005,Kharif     ,Himachal Pradesh,4.1588830833596715,34,1248.1,8.93009193480114,2.655352412101761,0.648,20.955,31.625,11.703
Horse-gram,2005,Kharif     ,Himachal Pradesh,7.771067086065406,871,1248.1,12.557473606437412,6.212004712552077,0.381,20.955,31.625,11.703
Linseed,2005,Rabi       ,Himachal Pradesh,6.9167150203536085,111,1248.1,11.702556575102346,5.359788688636137,0.072,20.955,31.625,11.703
Masoor,2005,Rabi       ,Himachal Pradesh,6.6052979209482015,141,1248.1,11.390779977643437,5.049727793902352,0.259,20.955,31.625,11.703
Moong(Green Gram),2005,Kharif     ,Himachal Pradesh,5.945420608606575,159,1248.1,10.729646115538735,4.3945726038424,0.401,20.955,31.625,11.703
Moth,2005,Kharif     ,Himachal Pradesh,1.9459101490553132,1,1248.1,6.5799731735553575,0.8153648132841945,0.1,20.955,31.625,11.703
Other Kharif pulses,2005,Kharif     ,Himachal Pradesh,8.757469141470748,3074,1248.1,13.544138012495281,7.197412898754651,0.793,20.955,31.625,11.703
Peas & beans (Pulses),2005,Rabi       ,Himachal Pradesh,8.527341522468053,10475,1248.1,13.313970027328244,6.967438281143311,1.349,20.955,31.625,11.703
Ragi,2005,Kharif     ,Himachal Pradesh,8.10892415597534,3409,1248.1,12.895450631592853,6.549407508076812,0.764,20.955,31.625,11.703
Rapeseed &Mustard,2005,Rabi       ,Himachal Pradesh,9.172742341560864,2800,1248.1,13.959464224514758,7.6124851207851485,0.338,20.955,31.625,11.703
Sannhamp,2005,Kharif     ,Himachal Pradesh,3.6375861597263857,18,1248.1,8.397968116520872,2.1713368063840917,0.612,20.955,31.625,11.703
Sesamum,2005,Kharif     ,Himachal Pradesh,8.245121966478605,1523,1248.1,13.03168643953844,6.685461366622505,0.294,20.955,31.625,11.703
Small millets,2005,Kharif     ,Himachal Pradesh,9.048056708918736,5671,1248.1,13.834764917342005,7.487851335711328,0.553,20.955,31.625,11.703
Soyabean,2005,Kharif     ,Himachal Pradesh,6.364750756851911,820,1248.1,11.14986733463248,4.810557015713042,1.45,20.955,31.625,11.703
Turmeric,2005,Kharif     ,Himachal Pradesh,4.997212273764115,89,1248.1,9.777314166124665,3.461665128429245,0.587,20.955,31.625,11.703
Urad,2005,Kharif     ,Himachal Pradesh,9.329722128996263,4192,1248.1,14.116458972074733,7.769408182376238,0.428,20.955,31.625,11.703
Castor seed,2005,Kharif     ,Madhya Pradesh,7.313220387090301,462,1032.7,12.099383914851844,5.75507743570903,0.242,25.854,37.021,14.901
Horse-gram,2005,Rabi       ,Madhya Pradesh,5.0369526024136295,43,1032.7,9.817317276267547,3.5004392163118045,0.163,25.854,37.021,14.901
Jowar,2005,Rabi       ,Madhya Pradesh,7.872836175025724,2750,1032.7,12.659283181784902,6.313620507419839,1.434,25.854,37.021,14.901
Ragi,2005,Kharif     ,Madhya Pradesh,6.045005314036012,113,1032.7,10.829477494626392,4.493232532747227,0.318,25.854,37.021,14.901
Sunflower,2005,Kharif     ,Madhya Pradesh,7.002155954403621,571,1032.7,11.788078070454828,5.444925386184127,0.327,25.854,37.021,14.901
Urad,2005,Rabi       ,Madhya Pradesh,8.69751274553952,2494,1032.7,13.484171977551963,7.137493040622534,0.198,25.854,37.021,14.901
Castor seed,2005,Kharif     ,Maharashtra,9.686636660844938,6800,1387.2,14.473399922710401,8.126222529458525,0.634,25.108,35.586,15.455
Maize,2005,Summer     ,Maharashtra,9.15915233520675,13700,1387.2,13.945872809160758,7.59890045687141,1.239,25.108,35.586,15.455
Rapeseed &Mustard,2005,Rabi       ,Maharashtra,9.441531454869693,4430,1387.2,14.228277608550565,7.881182202227102,0.414,25.108,35.586,15.455
Sesamum,2005,Rabi       ,Maharashtra,8.31898612539206,900,1387.2,13.105569140360917,6.759255270663693,0.553,25.108,35.586,15.455
Small millets,2005,Rabi       ,Maharashtra,8.922791623969637,4400,1387.2,13.709484265170472,7.362645270417825,0.558,25.108,35.586,15.455
Sunflower,2005,Summer     ,Maharashtra,9.510519035757246,11300,1387.2,14.29727043591642,7.950149887652018,0.921,25.108,35.586,15.455
Arhar/Tur,2005,Kharif     ,Mizoram,4.584967478670572,93,2075.4,9.361621796567588,3.0619880693310564,0.918,22.111,32.794,13.535
Arhar/Tur,2005,Rabi       ,Mizoram,3.8501476017100584,42,2075.4,8.615647514127959,2.3664984187376983,0.76,22.111,32.794,13.535
Cotton(lint),2005,Kharif     ,Mizoram,5.733341276897746,241,2075.4,10.516951710728021,4.184794465144173,0.812,22.111,32.794,13.535
Groundnut,2005,Kharif     ,Mizoram,2.3978952727983707,8,2075.4,7.090243488555412,1.1314021114911006,0.833,22.111,32.794,13.535
Maize,2005,Kharif     ,Mizoram,9.288319413292772,20720,2075.4,14.07505253583272,7.728019574601547,1.999,22.111,32.794,13.535
Maize,2005,Rabi       ,Mizoram,6.838405200847344,1983,2075.4,11.624166615749559,5.281781397907937,2.625,22.111,32.794,13.535
Masoor,2005,Rabi       ,Mizoram,2.3978952727983707,10,2075.4,7.090243488555412,1.1314021114911006,1.19,22.111,32.794,13.535
Moong(Green Gram),2005,Kharif     ,Mizoram,2.9444389791664403,23,2075.4,7.67765977622409,1.5644405465033644,0.94,22.111,32.794,13.535
Moong(Green Gram),2005,Rabi       ,Mizoram,4.1588830833596715,89,2075.4,8.93009193480114,2.655352412101761,1.65,22.111,32.794,13.535
Other  Rabi pulses,2005,Rabi       ,Mizoram,7.377133712833954,2972,2075.4,12.163338198437732,5.818835862284927,1.791,22.111,32.794,13.535
Other Kharif pulses,2005,Kharif     ,Mizoram,8.348537825386098,4644,2075.4,13.135127883363465,6.788780283223477,1.128,22.111,32.794,13.535
Peas & beans (Pulses),2005,Kharif     ,Mizoram,4.820281565605037,110,2075.4,9.59907700274348,3.2895206644375325,0.683,22.111,32.794,13.535
Peas & beans (Pulses),2005,Rabi       ,Mizoram,6.432940092739179,590,2075.4,11.218169363806094,4.878322206655547,0.882,22.111,32.794,13.535
Rapeseed &Mustard,2005,Kharif     ,Mizoram,5.117993812416755,122,2075.4,9.898862875181926,3.5796224681769866,0.68,22.111,32.794,13.535
Rapeseed &Mustard,2005,Rabi       ,Mizoram,7.399398083331354,1078,2075.4,12.18561623256271,5.841048551325011,0.702,22.111,32.794,13.535
Sesamum,2005,Kharif     ,Mizoram,7.8636512654486515,1510,2075.4,12.650094785065155,6.304448802421981,0.571,22.111,32.794,13.535
Soyabean,2005,Kharif     ,Mizoram,7.280008252884188,2820,2075.4,12.066149440152836,5.72194977861165,1.469,22.111,32.794,13.535
Tobacco,2005,Whole Year ,Mizoram,6.238324625039508,364,2075.4,11.023210762637099,4.684997485847646,0.783,22.111,32.794,13.535
Urad,2005,Kharif     ,Mizoram,2.6390573296152584,17,2075.4,7.3524154588892054,1.3164082336557241,1.31,22.111,32.794,13.535
Urad,2005,Rabi       ,Mizoram,3.1780538303479458,53,2075.4,7.92268156456191,1.763017000362401,2.26,22.111,32.794,13.535
Arhar/Tur,2005,Kharif     ,Nagaland,8.987321812850125,7600,1568.6,13.774022716817347,7.427144133408616,0.922,20.413,30.612,12.222
Bajra,2005,Kharif     ,Nagaland,8.02322468471667,3130,1568.6,12.809724457455207,6.463809184055691,1.034,20.413,30.612,12.222
Gram,2005,Rabi       ,Nagaland,5.993961427306569,400,1568.6,10.778310247916512,4.442651256490317,0.963,20.413,30.612,12.222
Groundnut,2005,Kharif     ,Nagaland,5.831882477283517,320,1568.6,10.61579499725848,4.282206299391671,0.97,20.413,30.612,12.222
Jowar,2005,Kharif     ,Nagaland,6.311734809152915,820,1568.6,11.096758293528822,4.757891273005756,1.312,20.413,30.612,12.222
Linseed,2005,Rabi       ,Nagaland,8.987321812850125,4800,1568.6,13.774022716817347,7.427144133408616,0.425,20.413,30.612,12.222
Maize,2005,Rabi       ,Nagaland,7.3783837129967145,2880,1568.6,12.164588973816505,5.820082930352362,1.985,20.413,30.612,12.222
Masoor,2005,Rabi       ,Nagaland,7.937731775260109,5500,1568.6,12.72420252812913,6.3784261836515865,2.124,20.413,30.612,12.222
Moong(Green Gram),2005,Kharif     ,Nagaland,6.594413459749778,640,1568.6,11.379880811012077,5.038898759369115,0.831,20.413,30.612,12.222
Niger seed,2005,Kharif     ,Nagaland,6.7464121285733745,850,1568.6,11.532071013692459,5.190175207928333,1.025,20.413,30.612,12.222
Other  Rabi pulses,2005,Rabi       ,Nagaland,8.634264863002075,8100,1568.6,13.420913280469696,7.074286149869768,1.48,20.413,30.612,12.222
Other Kharif pulses,2005,Kharif     ,Nagaland,8.756367559802975,5430,1568.6,13.54303625889165,7.1963119688445785,0.961,20.413,30.612,12.222
Peas & beans (Pulses),2005,Kharif     ,Nagaland,7.170888478512505,1180,1568.6,11.956950811756164,5.6131281063880705,0.911,20.413,30.612,12.222
Peas & beans (Pulses),2005,Rabi       ,Nagaland,8.875007486048396,10500,1568.6,13.6616936557604,7.314885666409363,1.488,20.413,30.612,12.222
Rice,2005,Rabi       ,Nagaland,6.803505257608338,1800,1568.6,11.589228882511946,5.247024072160486,2.06,20.413,30.612,12.222
Sesamum,2005,Kharif     ,Nagaland,8.612685172875459,3750,1568.6,13.399329741176045,7.052721049232323,0.679,20.413,30.612,12.222
Small millets,2005,Kharif     ,Nagaland,9.619199713152362,16000,1568.6,14.405958678050453,8.058801877498668,1.062,20.413,30.612,12.222
Sunflower,2005,Kharif     ,Nagaland,6.2166061010848646,350,1568.6,11.001449629862652,4.663439094112067,0.73,20.413,30.612,12.222
Sunflower,2005,Rabi       ,Nagaland,5.707110264748875,300,1568.6,10.490635124372883,4.1588830833596715,1.0,20.413,30.612,12.222
Wheat,2005,Rabi       ,Nagaland,7.0909098220799835,1920,1568.6,11.876908638623451,5.53338948872752,1.661,20.413,30.612,12.222
Arhar/Tur,2005,Kharif     ,Punjab,8.962007209588313,6900,566.7,13.748704935560248,7.40184157874383,0.946,25.135,37.23,13.831
Bajra,2005,Kharif     ,Punjab,8.517393171418904,5000,566.7,13.304019712987708,6.957497370876951,1.0,25.135,37.23,13.831
Barley,2005,Rabi       ,Punjab,9.852246888342531,63000,566.7,14.639019550831907,8.291797105048733,3.231,25.135,37.23,13.831
Gram,2005,Rabi       ,Punjab,8.268988209506656,3400,566.7,13.055558824087383,6.709304340258298,0.788,25.135,37.23,13.831
Groundnut,2005,Kharif     ,Punjab,8.131824785007195,3000,566.7,12.918358017011057,6.5722825426940075,0.979,25.135,37.23,13.831
Guar seed,2005,Whole Year ,Punjab,10.081675578048475,17800,566.7,14.868458940621524,8.521185212685776,0.787,25.135,37.23,13.831
Masoor,2005,Rabi       ,Punjab,7.550135342488429,900,566.7,12.336438407830082,5.991464547107982,0.55,25.135,37.23,13.831
Moong(Green Gram),2005,Kharif     ,Punjab,9.417435838868785,9900,566.7,14.204180073113369,7.857093864902493,0.839,25.135,37.23,13.831
Moth,2005,Kharif     ,Punjab,5.707110264748875,300,566.7,10.490635124372883,4.1588830833596715,1.0,25.135,37.23,13.831
Peas & beans (Pulses),2005,Rabi       ,Punjab,8.160803920954665,4000,566.7,12.94734548380975,6.601230118728877,0.987,25.135,37.23,13.831
Sesamum,2005,Kharif     ,Punjab,9.332646496360152,4000,566.7,14.119383596449598,7.772331575169614,0.468,25.135,37.23,13.831
Urad,2005,Kharif     ,Punjab,7.937731775260109,1500,566.7,12.72420252812913,6.3784261836515865,0.667,25.135,37.23,13.831
Arhar/Tur,2005,Kharif     ,Tripura,7.035268599281097,806,1765.9,11.82122013072479,5.477926915838518,0.712,24.535,33.038,16.325
Cotton(lint),2005,Kharif     ,Tripura,7.042286171939743,1600,1765.9,11.828243813181608,5.484921407071298,1.39,24.535,33.038,16.325
Gram,2005,Rabi       ,Tripura,5.147494476813453,130,1765.9,9.928537174561779,3.608482517041907,0.762,24.535,33.038,16.325
Groundnut,2005,Kharif     ,Tripura,6.424869023905388,665,1765.9,11.210085354399538,4.870299853969361,1.148,24.535,33.038,16.325
Groundnut,2005,Rabi       ,Tripura,5.673323267171493,272,1765.9,10.456734531163503,4.12552017969055,0.945,24.535,33.038,16.325
Maize,2005,Kharif     ,Tripura,7.67368812926773,2100,1765.9,12.460051853463225,6.114787763139981,0.982,24.535,33.038,16.325
Masoor,2005,Rabi       ,Tripura,5.998936561946683,299,1765.9,10.783297685712137,4.44758026541332,0.72,24.535,33.038,16.325
Moong(Green Gram),2005,Kharif     ,Tripura,6.871091294610546,518,1765.9,11.65688692484116,5.314338342602215,0.54,24.535,33.038,16.325
Moong(Green Gram),2005,Rabi       ,Tripura,5.762051382780177,191,1765.9,10.545752932980509,4.213164097564083,0.588,24.535,33.038,16.325
Other  Rabi pulses,2005,Rabi       ,Tripura,7.151485463904735,1065,1765.9,11.9375328516734,5.593781579441872,0.782,24.535,33.038,16.325
Other Kharif pulses,2005,Kharif     ,Tripura,7.404279118037268,1118,1765.9,12.190500222291138,5.845918408476643,0.665,24.535,33.038,16.325
Peas & beans (Pulses),2005,Rabi       ,Tripura,6.933423025730715,643,1765.9,11.71928088083873,5.376435145811989,0.595,24.535,33.038,16.325
Rapeseed &Mustard,2005,Rabi       ,Tripura,7.469654172932128,1276,1765.9,12.255913495631013,5.911148885519248,0.738,24.535,33.038,16.325
Sesamum,2005,Kharif     ,Tripura,7.3310603052186325,700,1765.9,12.117235530166798,5.7728731191409945,0.465,24.535,33.038,16.325
Urad,2005,Kharif     ,Tripura,7.13966033596492,744,1765.9,11.925698471886692,5.5819914176022785,0.582,24.535,33.038,16.325
Urad,2005,Rabi       ,Tripura,6.133398042996649,307,1765.9,10.918069471140553,4.580877493419047,0.62,24.535,33.038,16.325
Wheat,2005,Rabi       ,Tripura,7.467942332285852,3184,1765.9,12.254200685782031,5.909440711629391,1.832,24.535,33.038,16.325
Arhar/Tur,2005,Kharif     ,Uttarakhand,7.385851078125209,880,1353.3,12.17206094985783,5.827532855425618,0.59,18.655,28.545,9.878
Barley,2005,Rabi       ,Uttarakhand,10.0613883347884,16754,1353.3,14.848170847004594,8.50090119463926,0.845,18.655,28.545,9.878
Gram,2005,Rabi       ,Uttarakhand,6.807934943699926,631,1353.3,11.593663438582686,5.251435380647906,0.628,18.655,28.545,9.878
Groundnut,2005,Kharif     ,Uttarakhand,7.4342573821331355,1645,1353.3,12.220496322371886,5.875829203509057,0.973,18.655,28.545,9.878
Horse-gram,2005,Kharif     ,Uttarakhand,9.056256356593467,5116,1353.3,13.8429655176122,7.496047371689657,0.637,18.655,28.545,9.878
Jowar,2005,Kharif     ,Uttarakhand,1.3862943611198906,2,1353.3,5.8882129172975075,0.48858001481867097,0.67,18.655,28.545,9.878
Linseed,2005,Rabi       ,Uttarakhand,2.70805020110221,5,1353.3,7.426477641274734,1.3711807233098425,0.36,18.655,28.545,9.878
Maize,2005,Summer     ,Uttarakhand,4.499809670330265,182,1353.3,9.275554914559757,2.9801108926510342,1.988,18.655,28.545,9.878
Masoor,2005,Rabi       ,Uttarakhand,9.470625553571013,6422,1353.3,14.257373964059195,7.910267742825005,0.475,18.655,28.545,9.878
Moong(Green Gram),2005,Kharif     ,Uttarakhand,0.6931471805599453,0,1353.3,4.795129169911258,0.19062035960864973,0.0,18.655,28.545,9.878
Moong(Green Gram),2005,Summer     ,Uttarakhand,2.772588722239781,7,1353.3,7.495430826599848,1.423108334242607,0.47,18.655,28.545,9.878
Moth,2005,Kharif     ,Uttarakhand,2.302585092994046,3,1353.3,6.984975545775651,1.0612565021243408,0.33,18.655,28.545,9.878
Other  Rabi pulses,2005,Rabi       ,Uttarakhand,3.4339872044851463,17,1353.3,8.188300159918418,1.9878743481543455,0.558,18.655,28.545,9.878
Other Cereals,2005,Rabi       ,Uttarakhand,6.495265555937008,675,1353.3,11.280591309137701,4.940284357999733,1.186,18.655,28.545,9.878
Other Kharif pulses,2005,Kharif     ,Uttarakhand,9.42875274891449,7235,1353.3,14.215497890416275,7.868407334555045,0.583,18.655,28.545,9.878
Peas & beans (Pulses),2005,Rabi       ,Uttarakhand,8.252706676567644,2628,1353.3,13.039273117323425,6.693038621452177,0.651,18.655,28.545,9.878
Rapeseed &Mustard,2005,Rabi       ,Uttarakhand,9.657587014099303,10070,1353.3,14.444348460441784,8.097179767906699,0.562,18.655,28.545,9.878
Sesamum,2005,Kharif     ,Uttarakhand,7.68017564043659,547,1353.3,12.466542347215672,6.121263984642827,0.248,18.655,28.545,9.878
Soyabean,2005,Kharif     ,Uttarakhand,9.463896729698588,15860,1353.3,14.250644624058914,7.903540876183919,0.858,18.655,28.545,9.878
Sunflower,2005,Kharif     ,Uttarakhand,4.787491742782046,142,1353.3,9.566018419178443,3.2577118486533987,1.05,18.655,28.545,9.878
Urad,2005,Kharif     ,Uttarakhand,9.276970454273945,5771,1353.3,14.063702529781224,7.716674585785834,0.551,18.655,28.545,9.878
Urad,2005,Summer     ,Uttarakhand,5.991464547107982,101,1353.3,10.775807169946003,4.440177611315912,0.25,18.655,28.545,9.878
other oilseeds,2005,Kharif     ,Uttarakhand,7.175489713624222,609,1353.3,11.961555548673577,5.617716105551386,0.45,18.655,28.545,9.878
other oilseeds,2005,Rabi       ,Uttarakhand,5.220355825078324,156,1353.3,10.001805930444856,3.6798387094617873,0.635,18.655,28.545,9.878
Arhar/Tur,2005,Rabi       ,Jharkhand,9.562296399320973,17991,965.2,14.349051505944495,8.001913328908003,1.269,23.917,34.259,14.298
Gram,2005,Rabi       ,Jharkhand,9.573333513998238,9596,965.2,14.360089386223047,8.01294753874779,0.754,23.917,34.259,14.298
Masoor,2005,Rabi       ,Jharkhand,7.949871287492578,1353,965.2,12.736346313146829,6.390549344251859,0.472,23.917,34.259,14.298
Rapeseed &Mustard,2005,Rabi       ,Jharkhand,8.697851699444199,4058,965.2,13.48451098814687,7.137831543410468,0.666,23.917,34.259,14.298
Bajra,2006,Kharif     ,Bihar,8.320448113956559,4417,1052.8,13.169968573109193,6.807183280056108,1.049,26.36,37.231,16.537
Barley,2006,Rabi       ,Bihar,9.834351813701266,19921,1052.8,14.68406072125079,8.32041402523335,1.117,26.36,37.231,16.537
Jowar,2006,Kharif     ,Bihar,8.130942302231878,3507,1052.8,12.98041234171184,6.6178574201545315,1.04,26.36,37.231,16.537
Moong(Green Gram),2006,Kharif     ,Bihar,8.851949671253948,4067,1052.8,13.701569747747039,7.338329173231048,0.605,26.36,37.231,16.537
Peas & beans (Pulses),2006,Rabi       ,Bihar,10.071667925775051,22002,1052.8,14.921388064242203,8.557690013073527,0.93,26.36,37.231,16.537
Ragi,2006,Kharif     ,Bihar,9.570040734716603,12452,1052.8,14.419733558747758,8.056160403579476,0.806,26.36,37.231,16.537
Sannhamp,2006,Kharif     ,Bihar,8.073402968986406,2637,1052.8,12.922855709807447,6.560379817648574,0.771,26.36,37.231,16.537
Sesamum,2006,Kharif     ,Bihar,8.167068178341237,2732,1052.8,13.016548580798759,6.653946313357042,0.774,26.36,37.231,16.537
Sunflower,2006,Rabi       ,Bihar,10.035786936549613,30506,1052.8,14.885505543175066,8.521814496716754,1.362,26.36,37.231,16.537
Bajra,2006,Kharif     ,Chhattisgarh,4.276666119016055,34,1317.2,9.112552224544427,2.810606789427302,0.66,26.268,37.181,15.972
Barley,2006,Rabi       ,Chhattisgarh,8.156510226079966,2842,1317.2,13.005987638541129,6.6433990318338525,0.789,26.268,37.181,15.972
Castor seed,2006,Kharif     ,Chhattisgarh,4.248495242049359,21,1317.2,9.083982048411624,2.7837759116303458,0.279,26.268,37.181,15.972
Coriander,2006,Whole Year ,Chhattisgarh,8.196987927258897,1014,1317.2,13.046476633404334,6.683836427200176,0.251,26.268,37.181,15.972
Cotton(lint),2006,Kharif     ,Chhattisgarh,4.584967478670572,164,1317.2,9.424553767881251,3.1063787936410545,1.507,26.268,37.181,15.972
Dry chillies,2006,Whole Year ,Chhattisgarh,8.73985662749357,2135,1317.2,13.589459859991202,7.226296279019901,0.319,26.268,37.181,15.972
Garlic,2006,Whole Year ,Chhattisgarh,6.799055862058796,2626,1317.2,11.647711220552491,5.288872907720037,3.062,26.268,37.181,15.972
Ginger,2006,Whole Year ,Chhattisgarh,7.543802867501509,2089,1317.2,12.393039562578103,6.0315502706472675,1.158,26.268,37.181,15.972
Horse-gram,2006,Rabi       ,Chhattisgarh,7.821242083523558,696,1317.2,12.670606090561616,6.308535504453551,0.445,26.268,37.181,15.972
Jowar,2006,Kharif     ,Chhattisgarh,8.574140471857987,5206,1317.2,13.423715073379183,7.060682353366637,0.868,26.268,37.181,15.972
Jute,2006,Rabi       ,Chhattisgarh,5.84354441703136,0,1317.2,10.690426487949221,4.339640918177444,0.0,26.268,37.181,15.972
Masoor,2006,Rabi       ,Chhattisgarh,9.733410722158611,5490,1317.2,14.583113983238297,8.219493105820893,0.309,26.268,37.181,15.972
Mesta,2006,Kharif     ,Chhattisgarh,7.136483208590247,2424,1317.2,11.985455649784706,5.62517207407429,1.835,26.268,37.181,15.972
Moong(Green Gram),2006,Kharif     ,Chhattisgarh,9.160834952072344,2699,1317.2,14.010492762780657,7.647079689159834,0.241,26.268,37.181,15.972
Moong(Green Gram),2006,Rabi       ,Chhattisgarh,8.849657406639912,1635,1317.2,13.699277157253212,7.336038072370747,0.244,26.268,37.181,15.972
Other  Rabi pulses,2006,Rabi       ,Chhattisgarh,7.911690520708339,412,1317.2,12.761088957790127,6.3988611220658935,0.279,26.268,37.181,15.972
Other Kharif pulses,2006,Kharif     ,Chhattisgarh,8.77770959579525,1856,1317.2,13.627318728786998,7.264128177309686,0.267,26.268,37.181,15.972
Peas & beans (Pulses),2006,Rabi       ,Chhattisgarh,9.693877015504503,5789,1317.2,14.543577905068915,8.179967871298818,0.324,26.268,37.181,15.972
Ragi,2006,Kharif     ,Chhattisgarh,9.137447046455858,2576,1317.2,13.98710238992313,7.62370059581806,0.234,26.268,37.181,15.972
Safflower,2006,Rabi       ,Chhattisgarh,6.897704943128636,222,1317.2,11.74646431743057,5.387152080248527,0.229,26.268,37.181,15.972
Sannhamp,2006,Whole Year ,Chhattisgarh,7.360103972989152,518,1317.2,12.209234690990955,5.8482290790212295,0.322,26.268,37.181,15.972
Sesamum,2006,Kharif     ,Chhattisgarh,9.96815106586185,6434,1317.2,14.81786663114405,8.454189491837235,0.274,26.268,37.181,15.972
Sugarcane,2006,Whole Year ,Chhattisgarh,8.98619632032839,20316,1317.2,13.835834235764569,7.472512114769565,2.463,26.268,37.181,15.972
Tobacco,2006,Whole Year ,Chhattisgarh,2.833213344056216,16,1317.2,7.622840061059984,1.5085119938441398,1.0,26.268,37.181,15.972
Turmeric,2006,Whole Year ,Chhattisgarh,6.779921907472252,743,1317.2,11.62855587427698,5.269815006075325,0.792,26.268,37.181,15.972
Urad,2006,Rabi       ,Chhattisgarh,8.602453035367061,1374,1317.2,13.452032870603325,7.088976230332059,0.328,26.268,37.181,15.972
Arhar/Tur,2006,Kharif     ,Delhi,5.955837369464831,578,462.7,10.803025740875858,4.450852825603734,1.5,26.416,38.716,14.815
Bajra,2006,Kharif     ,Delhi,7.373374309910049,2945,462.7,12.22251335339311,5.8614697504917945,1.85,26.416,38.716,14.815
Barley,2006,Kharif     ,Delhi,4.330733340286331,196,462.7,9.167354579800024,2.8622008809294686,2.61,26.416,38.716,14.815
Gram,2006,Rabi       ,Delhi,3.828641396489095,65,462.7,8.65659854848328,2.388762789235098,1.44,26.416,38.716,14.815
Jowar,2006,Kharif     ,Delhi,9.087155271405804,8354,462.7,13.936805109913267,7.573428482541328,0.95,26.416,38.716,14.815
Maize,2006,Kharif     ,Delhi,4.219507705176107,122,462.7,9.054571550329985,2.756205242989257,1.82,26.416,38.716,14.815
Other Kharif pulses,2006,Kharif     ,Delhi,5.198497031265826,271,462.7,10.042762419787717,3.703768066607687,1.51,26.416,38.716,14.815
Rice,2006,Kharif     ,Delhi,8.906799883589944,20815,462.7,13.756427539142095,7.3931523193977045,2.82,26.416,38.716,14.815
Dry chillies,2006,Whole Year ,Gujarat,8.839421607620602,6400,1056.2,13.689039893910325,7.325807502595773,0.948,26.755,37.958,16.505
Other  Rabi pulses,2006,Rabi       ,Gujarat,9.350189267092581,8400,1056.2,14.19986506374975,7.836369760545124,0.778,26.755,37.958,16.505
Other Cereals,2006,Kharif     ,Gujarat,9.350189267092581,6100,1056.2,14.19986506374975,7.836369760545124,0.638,26.755,37.958,16.505
Ragi,2006,Kharif     ,Gujarat,9.923339198238729,20500,1056.2,14.773052632175718,8.409385238781931,1.0,26.755,37.958,16.505
Castor seed,2006,Kharif     ,Haryana,8.620471540869739,2400,329.3,13.470054630562805,7.106983115842451,0.5,26.647,39.168,14.928
Dry chillies,2006,Whole Year ,Haryana,7.291656209174461,1200,329.3,12.140742184224084,5.779940724505814,0.506,26.647,39.168,14.928
Groundnut,2006,Kharif     ,Haryana,7.411556287811163,1300,329.3,12.260718678204174,5.899568532403445,0.522,26.647,39.168,14.928
Horse-gram,2006,Kharif     ,Haryana,7.629489916393995,600,329.3,12.478769764785087,6.11708346853214,0.23,26.647,39.168,14.928
Maize,2006,Kharif     ,Haryana,9.50397966490209,30000,329.3,14.35366775991759,7.990116227064196,0.521,26.647,39.168,14.928
Masoor,2006,Rabi       ,Haryana,8.403352374992478,3500,329.3,13.252892058900617,6.890018915491839,0.534,26.647,39.168,14.928
Moong(Green Gram),2006,Kharif     ,Haryana,9.97025795616998,9300,329.3,14.819973619328504,8.456296032464932,0.309,26.647,39.168,14.928
Moth,2006,Kharif     ,Haryana,7.559038255443384,300,329.3,12.408282896177914,6.046757332856691,0.178,26.647,39.168,14.928
Peas & beans (Pulses),2006,Rabi       ,Haryana,6.877296071497429,1200,329.3,11.726034761109723,5.366816782972729,0.849,26.647,39.168,14.928
Sannhamp,2006,Whole Year ,Haryana,6.431331081933479,200,329.3,11.279494175887539,4.922896379788249,0.135,26.647,39.168,14.928
Sesamum,2006,Kharif     ,Haryana,8.24301946898925,1300,329.3,13.092520474810101,6.729824070489475,0.198,26.647,39.168,14.928
Sunflower,2006,Rabi       ,Haryana,8.853808274977197,12200,329.3,13.703428615150765,7.340186835320115,1.705,26.647,39.168,14.928
Urad,2006,Kharif     ,Haryana,8.083637203141548,1300,329.3,12.933093094032486,6.57060281105606,0.219,26.647,39.168,14.928
Arhar/Tur,2006,Kharif     ,Himachal Pradesh,5.017279836814924,51,1207.0,9.86044956284456,3.5263605246161616,0.345,21.723,32.895,12.13
Bajra,2006,Kharif     ,Himachal Pradesh,5.8888779583328805,181,1207.0,10.73588785038953,4.384523514872469,0.484,21.723,32.895,12.13
Barley,2006,Rabi       ,Himachal Pradesh,10.089925624841921,33865,1207.0,14.939646521924546,8.575945001792075,1.398,21.723,32.895,12.13
Coriander,2006,Rabi       ,Himachal Pradesh,4.976733742420574,30,1207.0,9.819629743275177,3.486763269991802,0.27,21.723,32.895,12.13
Cotton(lint),2006,Kharif     ,Himachal Pradesh,4.02535169073515,23,1207.0,8.857237611614341,2.5726122302071057,0.532,21.723,32.895,12.13
Dry chillies,2006,Kharif     ,Himachal Pradesh,6.436150368369428,158,1207.0,11.284321155820795,4.92768837327533,0.293,21.723,32.895,12.13
Garlic,2006,Rabi       ,Himachal Pradesh,7.983781068977451,2490,1207.0,12.833204802125195,6.470861421370312,1.043,21.723,32.895,12.13
Ginger,2006,Kharif     ,Himachal Pradesh,7.781973234434385,4194,1207.0,12.631321295785078,6.2693235306110005,1.842,21.723,32.895,12.13
Gram,2006,Rabi       ,Himachal Pradesh,7.192182058713246,1018,1207.0,12.04119729479252,5.6807185350576495,0.761,21.723,32.895,12.13
Groundnut,2006,Kharif     ,Himachal Pradesh,4.663439094112067,80,1207.0,9.503796989603197,3.1822118404966093,0.905,21.723,32.895,12.13
Horse-gram,2006,Kharif     ,Himachal Pradesh,7.844632644464681,1337,1207.0,12.69400585612406,6.33189323236831,0.484,21.723,32.895,12.13
Linseed,2006,Rabi       ,Himachal Pradesh,7.29505641646263,359,1207.0,12.14414468723963,5.78333275341421,0.223,21.723,32.895,12.13
Masoor,2006,Rabi       ,Himachal Pradesh,6.590301048196686,397,1207.0,11.438699316603204,5.081031624717987,0.696,21.723,32.895,12.13
Moong(Green Gram),2006,Kharif     ,Himachal Pradesh,6.115892125483034,202,1207.0,10.963461571731033,4.609560534289384,0.416,21.723,32.895,12.13
Moth,2006,Kharif     ,Himachal Pradesh,2.5649493574615367,3,1207.0,7.335321025529905,1.2919836816486494,0.155,21.723,32.895,12.13
Other  Rabi pulses,2006,Rabi       ,Himachal Pradesh,6.590301048196686,397,1207.0,11.438699316603204,5.081031624717987,0.696,21.723,32.895,12.13
Other Kharif pulses,2006,Kharif     ,Himachal Pradesh,8.735203590618699,3721,1207.0,13.584806082265276,7.221645887602049,0.901,21.723,32.895,12.13
Peas & beans (Pulses),2006,Rabi       ,Himachal Pradesh,9.008346579384707,16856,1207.0,13.857987214775516,7.494652659699372,1.513,21.723,32.895,12.13
Ragi,2006,Kharif     ,Himachal Pradesh,7.989899374942939,3158,1207.0,12.83932517215729,6.476972362889683,0.949,21.723,32.895,12.13
Rapeseed &Mustard,2006,Rabi       ,Himachal Pradesh,9.092457331319466,4506,1207.0,13.942107763335533,7.578728422675547,0.523,21.723,32.895,12.13
Sannhamp,2006,Kharif     ,Himachal Pradesh,4.343805421853684,14,1207.0,9.180598432966123,2.8746939451769347,0.185,21.723,32.895,12.13
Sesamum,2006,Kharif     ,Himachal Pradesh,8.24354550792826,1708,1207.0,13.09304665106005,6.730349619341781,0.412,21.723,32.895,12.13
Small millets,2006,Kharif     ,Himachal Pradesh,8.919988070968524,5083,1207.0,13.76961748766284,7.406334217289772,0.549,21.723,32.895,12.13
Soyabean,2006,Kharif     ,Himachal Pradesh,6.459904454377535,1073,1207.0,11.308112624881703,4.951309828011441,1.691,21.723,32.895,12.13
Turmeric,2006,Kharif     ,Himachal Pradesh,5.236441962829949,99,1207.0,10.080912557429363,3.740997408376043,0.504,21.723,32.895,12.13
Urad,2006,Kharif     ,Himachal Pradesh,9.346617990268731,5413,1207.0,14.196293478261062,7.832799586279305,0.557,21.723,32.895,12.13
Castor seed,2006,Kharif     ,Madhya Pradesh,7.319202458767849,569,1072.3,12.168306809529692,5.807421509415687,0.321,26.232,37.06,15.972
Ginger,2006,Kharif     ,Madhya Pradesh,8.700514248543275,7401,1072.3,13.55011110697484,7.186976660516051,1.139,26.232,37.06,15.972
Horse-gram,2006,Rabi       ,Madhya Pradesh,5.356586274672012,59,1072.3,10.201657311439694,3.8590440806372595,0.093,26.232,37.06,15.972
Jowar,2006,Rabi       ,Madhya Pradesh,8.073091199693154,3312,1072.3,12.922543844045363,6.560068392593327,1.632,26.232,37.06,15.972
Jute,2006,Kharif     ,Madhya Pradesh,8.435766192720509,8650,1072.3,13.285312970153372,6.9224074103144515,1.977,26.232,37.06,15.972
Mesta,2006,Kharif     ,Madhya Pradesh,6.261491684321042,1186,1072.3,11.109358504239962,4.754107298762462,1.934,26.232,37.06,15.972
Moong(Green Gram),2006,Rabi       ,Madhya Pradesh,8.019612794400267,810,1072.3,12.869048438006175,6.506650650150935,0.289,26.232,37.06,15.972
Other  Rabi pulses,2006,Rabi       ,Madhya Pradesh,7.62657020629066,647,1072.3,12.475848644340395,6.114168787083433,0.276,26.232,37.06,15.972
Other Kharif pulses,2006,Kharif     ,Madhya Pradesh,9.007612005404566,1635,1072.3,13.857252551555574,7.493918404434815,0.241,26.232,37.06,15.972
Safflower,2006,Rabi       ,Madhya Pradesh,6.059123195581797,115,1072.3,10.906564419368165,4.553245113123172,0.314,26.232,37.06,15.972
Small millets,2006,Rabi       ,Madhya Pradesh,6.905753276311464,0,1072.3,11.754520692240963,5.395171807911919,0.0,26.232,37.06,15.972
Sunflower,2006,Kharif     ,Madhya Pradesh,6.744059186311348,368,1072.3,11.592651938031485,5.234098794221386,0.31,26.232,37.06,15.972
Tobacco,2006,Whole Year ,Madhya Pradesh,5.3230099791384085,86,1072.3,10.167920445147073,3.82602929226117,0.383,26.232,37.06,15.972
Turmeric,2006,Whole Year ,Madhya Pradesh,6.505784060128229,583,1072.3,11.354061963892864,4.996941966964253,0.978,26.232,37.06,15.972
Urad,2006,Rabi       ,Madhya Pradesh,8.799510901368867,2300,1072.3,13.649123332719114,7.2859177045622925,0.23,26.232,37.06,15.972
Castor seed,2006,Kharif     ,Maharashtra,9.38437770918244,4000,1439.4,14.23405640561097,7.870547844507712,0.349,25.26,35.242,15.902
Maize,2006,Summer     ,Maharashtra,9.862717639992917,25300,1439.4,14.712428034348981,8.348774539791274,1.185,25.26,35.242,15.902
Rapeseed &Mustard,2006,Rabi       ,Maharashtra,9.539716058977092,4900,1439.4,14.389406750953441,8.025843344150903,0.342,25.26,35.242,15.902
Sesamum,2006,Rabi       ,Maharashtra,8.517393171418904,1700,1439.4,13.36695682597126,7.00397413672268,0.644,25.26,35.242,15.902
Small millets,2006,Rabi       ,Maharashtra,8.594339400592892,3100,1439.4,13.443917751104001,7.080867896690782,0.62,25.26,35.242,15.902
Sunflower,2006,Summer     ,Maharashtra,9.575052927597383,12100,1439.4,14.424746097838808,8.06117135969092,0.878,25.26,35.242,15.902
Arhar/Tur,2006,Kharif     ,Nagaland,9.04793908261736,10150,1362.5,13.897584432190905,7.534228326274089,1.205,20.743,31.538,12.324
Cardamom,2006,Kharif     ,Nagaland,6.803505257608338,1440,1362.5,11.652165532061732,5.293304824724492,1.612,20.743,31.538,12.324
Cotton(lint),2006,Kharif     ,Nagaland,5.303304908059076,40,1362.5,10.14811858549176,3.8066624897703196,0.335,20.743,31.538,12.324
Gram,2006,Rabi       ,Nagaland,5.8888779583328805,470,1362.5,10.73588785038953,4.384523514872469,1.303,20.743,31.538,12.324
Groundnut,2006,Kharif     ,Nagaland,6.85751406254539,960,1362.5,11.706232295427093,5.3471075307174685,1.014,20.743,31.538,12.324
Jowar,2006,Kharif     ,Nagaland,6.90875477931522,750,1362.5,11.75752517770004,5.3981627015177525,0.732,20.743,31.538,12.324
Linseed,2006,Rabi       ,Nagaland,9.082620630373812,5720,1362.5,13.932269958774116,7.5688956634069955,0.634,20.743,31.538,12.324
Maize,2006,Rabi       ,Nagaland,7.313886831633462,2800,1362.5,12.162987675745105,5.802118375377063,1.995,20.743,31.538,12.324
Masoor,2006,Rabi       ,Nagaland,7.993282328101591,3510,1362.5,12.84270926117426,6.480351263355219,1.191,20.743,31.538,12.324
Moong(Green Gram),2006,Kharif     ,Nagaland,6.90875477931522,1260,1362.5,11.75752517770004,5.3981627015177525,1.204,20.743,31.538,12.324
Niger seed,2006,Kharif     ,Nagaland,6.698268054115413,560,1362.5,11.546805983091373,5.18850250054083,0.672,20.743,31.538,12.324
Other  Rabi pulses,2006,Rabi       ,Nagaland,8.812992231969966,8050,1362.5,13.66260666723903,7.2993918791537675,1.202,20.743,31.538,12.324
Peas & beans (Pulses),2006,Kharif     ,Nagaland,7.438971592395862,2010,1362.5,12.288150204565628,5.926926025970411,1.186,20.743,31.538,12.324
Peas & beans (Pulses),2006,Rabi       ,Nagaland,8.895766604056085,8790,1362.5,13.745392768279748,7.382124365737512,1.204,20.743,31.538,12.324
Rice,2006,Rabi       ,Nagaland,6.90875477931522,1600,1362.5,11.75752517770004,5.3981627015177525,1.605,20.743,31.538,12.324
Sesamum,2006,Kharif     ,Nagaland,8.581294116822761,3460,1362.5,13.430870054755236,7.067831226828772,0.651,20.743,31.538,12.324
Sunflower,2006,Kharif     ,Nagaland,5.942799375126701,300,1362.5,10.789953926912062,4.437934266612178,0.76,20.743,31.538,12.324
Sunflower,2006,Rabi       ,Nagaland,6.8679744089702925,760,1362.5,11.716703509437194,5.357529226179882,0.767,20.743,31.538,12.324
Urad,2006,Rabi       ,Nagaland,6.493753839851686,790,1362.5,11.342013767458853,4.9849755473156785,1.235,20.743,31.538,12.324
Wheat,2006,Rabi       ,Nagaland,7.313886831633462,1250,1362.5,12.162987675745105,5.802118375377063,0.86,20.743,31.538,12.324
Arhar/Tur,2006,Kharif     ,Punjab,8.881975184248867,6700,569.6,13.731599461045112,7.368339686311381,0.974,25.692,37.955,14.182
Bajra,2006,Kharif     ,Punjab,8.699681400989514,6000,569.6,13.549278121757576,7.186144304522325,1.0,25.692,37.955,14.182
Barley,2006,Rabi       ,Punjab,9.852246888342531,64000,569.6,14.701956738774578,8.338305731356565,3.3,25.692,37.955,14.182
Gram,2006,Rabi       ,Punjab,8.24301946898925,3800,569.6,13.092520474810101,6.729824070489475,0.979,25.692,37.955,14.182
Groundnut,2006,Kharif     ,Punjab,8.38958706681109,3800,569.6,13.239123668013027,6.876264611890766,0.837,25.692,37.955,14.182
Guar seed,2006,Whole Year ,Punjab,9.923339198238729,15800,569.6,14.773052632175718,8.409385238781931,0.82,25.692,37.955,14.182
Jowar,2006,Kharif     ,Punjab,4.61512051684126,100,569.6,9.455010553834672,3.1354942159291497,1.0,25.692,37.955,14.182
Linseed,2006,Rabi       ,Punjab,5.303304908059076,100,569.6,10.14811858549176,3.8066624897703196,0.5,25.692,37.955,14.182
Masoor,2006,Rabi       ,Punjab,7.650168700845001,800,569.6,12.499458420898632,6.137727054086234,0.495,25.692,37.955,14.182
Moong(Green Gram),2006,Kharif     ,Punjab,9.417435838868785,10700,569.6,14.267117246473386,7.903596289614301,0.905,25.692,37.955,14.182
Moth,2006,Kharif     ,Punjab,4.61512051684126,100,569.6,9.455010553834672,3.1354942159291497,1.0,25.692,37.955,14.182
Peas & beans (Pulses),2006,Rabi       ,Punjab,8.03947991910045,3600,569.6,12.888921984862215,6.52649485957079,1.059,25.692,37.955,14.182
Sesamum,2006,Kharif     ,Punjab,9.15915233520675,3200,569.6,14.008809970332294,7.645397699428633,0.263,25.692,37.955,14.182
Urad,2006,Kharif     ,Punjab,8.101980731853192,1400,569.6,12.951442188760044,6.588926477533519,0.352,25.692,37.955,14.182
Arhar/Tur,2006,Kharif     ,Tripura,7.085064293952548,849,1764.3,11.93399505407188,5.573901553801681,0.705,24.872,34.042,17.059
Cotton(lint),2006,Kharif     ,Tripura,7.046647277848756,1598,1764.3,11.89554546613131,5.535600481415965,1.375,24.872,34.042,17.059
Gram,2006,Rabi       ,Tripura,4.890349128221754,96,1764.3,9.732623309338122,3.402529826895934,0.728,24.872,34.042,17.059
Groundnut,2006,Kharif     ,Tripura,6.023447592961033,435,1764.3,10.870804423114931,4.517867857585295,1.162,24.872,34.042,17.059
Groundnut,2006,Rabi       ,Tripura,5.236441962829949,186,1764.3,10.080912557429363,3.740997408376043,1.0,24.872,34.042,17.059
Maize,2006,Kharif     ,Tripura,7.804251383528112,2420,1764.3,12.65360856805832,6.29156913955832,0.992,24.872,34.042,17.059
Masoor,2006,Rabi       ,Tripura,5.8888779583328805,234,1764.3,10.73588785038953,4.384523514872469,0.612,24.872,34.042,17.059
Moong(Green Gram),2006,Kharif     ,Tripura,6.61338421837956,389,1764.3,11.461813627802531,5.104004196901704,0.515,24.872,34.042,17.059
Moong(Green Gram),2006,Rabi       ,Tripura,5.857933154483459,185,1764.3,10.704856426677788,4.3538843287276014,0.53,24.872,34.042,17.059
Other  Rabi pulses,2006,Rabi       ,Tripura,6.914730892718563,793,1764.3,11.763507202676717,5.404117785434249,0.762,24.872,34.042,17.059
Other Kharif pulses,2006,Kharif     ,Tripura,7.409741954080923,1076,1764.3,12.258903255142908,5.897758080667674,0.678,24.872,34.042,17.059
Peas & beans (Pulses),2006,Rabi       ,Tripura,6.720220155135295,622,1764.3,11.568784679660778,5.210360087788895,0.74,24.872,34.042,17.059
Rapeseed &Mustard,2006,Rabi       ,Tripura,7.4645098346365275,1361,1764.3,12.313703162783753,5.952411819844281,0.78,24.872,34.042,17.059
Sesamum,2006,Kharif     ,Tripura,7.639161171659173,1048,1764.3,12.488445662353291,6.1267381711655515,0.512,24.872,34.042,17.059
Urad,2006,Kharif     ,Tripura,7.1631723908466425,712,1764.3,12.012165635799256,5.651787179537821,0.565,24.872,34.042,17.059
Urad,2006,Rabi       ,Tripura,6.257667587882639,330,1764.3,11.105527139400785,4.75030895165433,0.6,24.872,34.042,17.059
Wheat,2006,Rabi       ,Tripura,6.878326468291325,1845,1764.3,11.72706621238579,5.367843429196647,1.885,24.872,34.042,17.059
Coriander,2006,Whole Year ,Uttar Pradesh,8.615408238913192,2869,590.5,13.464990420002634,7.101923058059773,0.516,26.288,37.763,15.589
Cotton(lint),2006,Kharif     ,Uttar Pradesh,8.55159461813357,1105,590.5,13.40116494463537,7.0381517629111725,0.198,26.288,37.763,15.589
Dry chillies,2006,Whole Year ,Uttar Pradesh,9.620593996816144,14295,590.5,14.470290234484503,8.106701471033782,0.953,26.288,37.763,15.589
Ginger,2006,Kharif     ,Uttar Pradesh,6.78897174299217,2728,590.5,11.637615878558254,5.2788286899641745,3.05,26.288,37.763,15.589
Guar seed,2006,Whole Year ,Uttar Pradesh,7.822044008185619,2097,590.5,12.671408334374494,6.30933629072282,0.842,26.288,37.763,15.589
Maize,2006,Rabi       ,Uttar Pradesh,8.346642090221199,13278,590.5,13.196168796650678,6.833354956405887,3.12,26.288,37.763,15.589
Rice,2006,Summer     ,Uttar Pradesh,9.807857321520878,40620,590.5,14.657564801734578,8.293924632288876,1.995,26.288,37.763,15.589
Sannhamp,2006,Kharif     ,Uttar Pradesh,8.0861025356691,903,590.5,12.93555918057513,6.573065452923014,0.292,26.288,37.763,15.589
Small millets,2006,Kharif     ,Uttar Pradesh,9.74899514766085,10517,590.5,14.598699318142398,8.23507428250137,0.66,26.288,37.763,15.589
Soyabean,2006,Kharif     ,Uttar Pradesh,8.921991410536698,7314,590.5,13.771621092729204,7.408336608692011,0.982,26.288,37.763,15.589
Sunflower,2006,Summer     ,Uttar Pradesh,9.531263778207766,20608,590.5,14.380953864311016,8.017393227720415,1.47,26.288,37.763,15.589
Tobacco,2006,Summer     ,Uttar Pradesh,6.19644412779452,1445,590.5,11.044183439567588,4.689511334421843,2.973,26.288,37.763,15.589
Turmeric,2006,Rabi       ,Uttar Pradesh,7.3938782901077555,5526,590.5,12.243029981869869,5.881928660039675,3.393,26.288,37.763,15.589
Arhar/Tur,2006,Kharif     ,Uttarakhand,7.510977752014095,995,1178.9,12.360196910722854,5.998787667487763,0.667,19.332,29.223,10.922
Bajra,2006,Kharif     ,Uttarakhand,2.4849066497880004,13,1178.9,7.2483689281039,1.2296405510745139,1.11,19.332,29.223,10.922
Barley,2006,Rabi       ,Uttarakhand,10.089178426799686,27699,1178.9,14.93889929310697,8.575197913702812,1.234,19.332,29.223,10.922
Gram,2006,Rabi       ,Uttarakhand,6.777646593635117,674,1178.9,11.626277989278794,5.2675488328764,0.589,19.332,29.223,10.922
Groundnut,2006,Kharif     ,Uttarakhand,7.4673710669175595,1888,1178.9,12.316566020498104,5.955267258796094,1.008,19.332,29.223,10.922
Horse-gram,2006,Kharif     ,Uttarakhand,9.161570207606754,6745,1178.9,14.011228094947011,7.647814670985416,0.695,19.332,29.223,10.922
Linseed,2006,Rabi       ,Uttarakhand,3.713572066704308,15,1178.9,8.538837259474109,2.2823823856765264,0.38,19.332,29.223,10.922
Maize,2006,Rabi       ,Uttarakhand,4.406719247264253,131,1178.9,9.244307888142826,2.9349201341572337,1.627,19.332,29.223,10.922
Masoor,2006,Rabi       ,Uttarakhand,9.447623486844112,5846,1178.9,14.297307293119689,7.933775369207823,0.551,19.332,29.223,10.922
Moong(Green Gram),2006,Kharif     ,Uttarakhand,1.0986122886681098,2,1178.9,5.546816725124555,0.3646431135879093,1.0,19.332,29.223,10.922
Moong(Green Gram),2006,Rabi       ,Uttarakhand,3.4339872044851463,13,1178.9,8.251220424126606,2.028148247292285,0.43,19.332,29.223,10.922
Moth,2006,Kharif     ,Uttarakhand,2.3978952727983707,3,1178.9,7.153129879137668,1.1631508098056809,0.3,19.332,29.223,10.922
Other  Rabi pulses,2006,Rabi       ,Uttarakhand,3.9318256327243257,18,1178.9,8.761941666482832,2.4849066497880004,0.298,19.332,29.223,10.922
Other Cereals,2006,Kharif     ,Uttarakhand,8.437283808187935,1971,1178.9,13.286830912137159,6.923923860143721,0.436,19.332,29.223,10.922
Other Cereals,2006,Rabi       ,Uttarakhand,6.52649485957079,407,1178.9,11.374803207576615,5.01754470239719,0.51,19.332,29.223,10.922
Other Kharif pulses,2006,Kharif     ,Uttarakhand,9.462187991418748,7757,1178.9,14.311872929328082,7.948335831398799,0.632,19.332,29.223,10.922
Peas & beans (Pulses),2006,Rabi       ,Uttarakhand,8.517992871586802,4902,1178.9,13.367556645104163,7.00457341216215,0.772,19.332,29.223,10.922
Rapeseed &Mustard,2006,Rabi       ,Uttarakhand,9.509036565691064,7582,1178.9,14.358725033852668,7.995171794889512,0.454,19.332,29.223,10.922
Rice,2006,Rabi       ,Uttarakhand,9.202711344811691,31208,1178.9,14.052373431522211,7.688940809014905,3.145,19.332,29.223,10.922
Sesamum,2006,Kharif     ,Uttarakhand,7.495541943884256,431,1178.9,12.344752655000866,5.983381970914626,0.233,19.332,29.223,10.922
Soyabean,2006,Kharif     ,Uttarakhand,9.140775908590273,12329,1178.9,13.990431606758687,7.627028191068236,0.994,19.332,29.223,10.922
Sunflower,2006,Kharif     ,Uttarakhand,3.871201010907891,57,1178.9,8.700076257201175,2.428336298299606,1.23,19.332,29.223,10.922
Tobacco,2006,Whole Year ,Uttarakhand,2.6390573296152584,44,1178.9,7.415313570827821,1.3506671834767394,2.857,19.332,29.223,10.922
Turmeric,2006,Whole Year ,Uttarakhand,5.337538079701318,475,1178.9,10.182518688306361,3.8403121578741457,1.915,19.332,29.223,10.922
Urad,2006,Kharif     ,Uttarakhand,9.300363874623772,7023,1178.9,14.15003526366338,7.786560112042061,0.635,19.332,29.223,10.922
Urad,2006,Rabi       ,Uttarakhand,5.817111159963204,211,1178.9,10.663915973911978,4.3134800921387715,0.63,19.332,29.223,10.922
other oilseeds,2006,Kharif     ,Uttarakhand,6.723832440821209,451,1178.9,11.572401285991173,5.213957017929963,0.587,19.332,29.223,10.922
other oilseeds,2006,Rabi       ,Uttarakhand,6.943122422819428,540,1178.9,11.791926339628674,5.432411101028736,0.337,19.332,29.223,10.922
Arhar/Tur,2006,Rabi       ,Jharkhand,9.674755288418623,20344,1465.1,14.524454996695113,8.16085047799712,1.449,23.542,33.57,14.642
Gram,2006,Rabi       ,Jharkhand,9.562796328490508,10445,1465.1,14.412488649212708,8.048917668134896,0.759,23.542,33.57,14.642
Masoor,2006,Rabi       ,Jharkhand,8.340816329855812,2518,1465.1,13.190341660770777,6.8275338886791435,0.494,23.542,33.57,14.642
Rapeseed &Mustard,2006,Rabi       ,Jharkhand,9.78146115152593,11787,1465.1,14.631167171590961,8.267533678721108,0.656,23.542,33.57,14.642
Bajra,2007,Rabi       ,Andhra Pradesh,9.546884034617925,11000,1004.2,14.440165277525338,7.714677473800927,0.918,27.43,36.962,19.714
Horse-gram,2007,Kharif     ,Andhra Pradesh,8.853808274977197,4000,1004.2,13.747018632411525,7.02197642307216,0.585,27.43,36.962,19.714
Other  Rabi pulses,2007,Rabi       ,Andhra Pradesh,8.006700845440367,4000,1004.2,12.899722199879273,6.175867270105761,1.25,27.43,36.962,19.714
Other Kharif pulses,2007,Kharif     ,Andhra Pradesh,8.699681400989514,3000,1004.2,13.592868131066247,6.8679744089702925,0.5,27.43,36.962,19.714
Ragi,2007,Rabi       ,Andhra Pradesh,8.853808274977197,8000,1004.2,13.747018632411525,7.02197642307216,1.1,27.43,36.962,19.714
Sesamum,2007,Rabi       ,Andhra Pradesh,10.34177474101152,8000,1004.2,15.235094858763354,8.509362612301048,0.245,27.43,36.962,19.714
Wheat,2007,Rabi       ,Andhra Pradesh,8.987321812850125,8000,1004.2,13.880549891174542,7.155396301896734,1.0,27.43,36.962,19.714
Arhar/Tur,2007,Kharif     ,Bihar,10.33724852979914,42667,1600.2,15.230568502310243,8.504837169206654,1.279,25.611,36.087,15.854
Bajra,2007,Kharif     ,Bihar,8.159946655578548,3856,1600.2,13.053015014166244,6.3288649243020165,1.045,25.611,36.087,15.854
Barley,2007,Rabi       ,Bihar,9.642317574624458,18513,1600.2,14.535605270286993,7.810076895495454,1.193,25.611,36.087,15.854
Castor seed,2007,Kharif     ,Bihar,5.318119993844216,194,1600.2,10.206595039190645,3.5109482456212744,0.978,25.611,36.087,15.854
Coriander,2007,Whole Year ,Bihar,7.681560362559537,1573,1600.2,12.57445459428826,5.851397558210864,0.737,25.611,36.087,15.854
Dry chillies,2007,Whole Year ,Bihar,7.893945138235959,3534,1600.2,12.786927004091423,6.06331998420841,1.106,25.611,36.087,15.854
Garlic,2007,Whole Year ,Bihar,7.8252452914317745,3615,1600.2,12.718200820607757,5.994759114057412,1.448,25.611,36.087,15.854
Ginger,2007,Kharif     ,Bihar,6.551080335043404,1075,1600.2,11.443013599909438,4.725970886133796,1.645,25.611,36.087,15.854
Groundnut,2007,Kharif     ,Bihar,7.0967213784947605,868,1600.2,11.989251565207551,5.268476524537015,0.683,25.611,36.087,15.854
Jowar,2007,Kharif     ,Bihar,8.139440521874608,3761,1600.2,13.032503000411028,6.308389838029404,1.086,25.611,36.087,15.854
Linseed,2007,Rabi       ,Bihar,10.222232150439726,22691,1600.2,15.115548202721104,8.38984152205106,0.828,25.611,36.087,15.854
Moong(Green Gram),2007,Kharif     ,Bihar,9.086476384753796,5358,1600.2,13.97971617420588,7.254488972026478,0.628,25.611,36.087,15.854
Other  Rabi pulses,2007,Rabi       ,Bihar,8.023879992734878,2261,1600.2,12.916906982059746,6.193016672178715,0.741,25.611,36.087,15.854
Other Kharif pulses,2007,Kharif     ,Bihar,7.247080584585756,917,1600.2,12.139725556586015,5.418231463213374,0.657,25.611,36.087,15.854
Peas & beans (Pulses),2007,Rabi       ,Bihar,10.05573642507379,25083,1600.2,14.94904594080026,8.223380364234131,1.094,25.611,36.087,15.854
Ragi,2007,Kharif     ,Bihar,9.489713016556824,7996,1600.2,14.382990088327833,7.657528509479289,0.647,25.611,36.087,15.854
Safflower,2007,Rabi       ,Bihar,4.7535901911063645,92,1600.2,9.63834944451924,2.9652730660692823,0.833,25.611,36.087,15.854
Sesamum,2007,Kharif     ,Bihar,7.949091499830517,2245,1600.2,12.842093235273225,6.118361480296333,0.812,25.611,36.087,15.854
Small millets,2007,Kharif     ,Bihar,8.853808274977197,5169,1600.2,13.747018632411525,7.02197642307216,0.753,25.611,36.087,15.854
Sunflower,2007,Rabi       ,Bihar,10.001203926042198,30646,1600.2,14.894511053126278,8.168860496810016,1.43,25.611,36.087,15.854
Tobacco,2007,Whole Year ,Bihar,9.497847429113676,22428,1600.2,14.3911251090136,7.665659706757361,1.808,25.611,36.087,15.854
Turmeric,2007,Whole Year ,Bihar,8.141189793457691,3419,1600.2,13.034252778309565,6.310136436246507,0.998,25.611,36.087,15.854
Urad,2007,Kharif     ,Bihar,10.01534193731027,17497,1600.2,14.908649696232432,8.182995166813372,0.808,25.611,36.087,15.854
Bajra,2007,Kharif     ,Chhattisgarh,4.23410650459726,31,1246.2,9.112970071579907,2.474856313934499,0.377,26.235,36.778,16.194
Barley,2007,Rabi       ,Chhattisgarh,8.141481041457421,3981,1246.2,13.034544110523163,6.310427239592795,1.073,26.235,36.778,16.194
Castor seed,2007,Kharif     ,Chhattisgarh,5.0689042022202315,60,1246.2,9.955994610015143,3.26880819361641,0.902,26.235,36.778,16.194
Coriander,2007,Whole Year ,Chhattisgarh,8.066207568006265,891,1246.2,12.959248034793488,6.235273098865775,0.305,26.235,36.778,16.194
Cotton(lint),2007,Kharif     ,Chhattisgarh,3.9318256327243257,68,1246.2,8.805525052709516,2.1972245773362196,1.15,26.235,36.778,16.194
Dry chillies,2007,Whole Year ,Chhattisgarh,8.704336438489406,4205,1246.2,13.597523936799112,6.872625386998399,0.687,26.235,36.778,16.194
Garlic,2007,Whole Year ,Chhattisgarh,6.804614520062624,2530,1246.2,11.696865710979639,4.977836582344869,3.007,26.235,36.778,16.194
Ginger,2007,Whole Year ,Chhattisgarh,7.515889085215125,2037,1246.2,12.408700787579482,5.686161465898799,1.185,26.235,36.778,16.194
Groundnut,2007,Kharif     ,Chhattisgarh,10.362619801893228,39994,1246.2,15.255940580117649,8.530204180208374,1.35,26.235,36.778,16.194
Horse-gram,2007,Rabi       ,Chhattisgarh,7.942717540573791,823,1246.2,12.835717035065555,6.1119993487367195,0.324,26.235,36.778,16.194
Jowar,2007,Kharif     ,Chhattisgarh,8.950273466557375,7232,1246.2,13.843496862342942,7.118372704930939,0.929,26.235,36.778,16.194
Masoor,2007,Rabi       ,Chhattisgarh,9.726690706384874,5580,1246.2,14.619983615978434,7.89442245809407,0.315,26.235,36.778,16.194
Mesta,2007,Kharif     ,Chhattisgarh,7.224753405767971,2723,1246.2,12.11738240549286,5.395988393721483,2.121,26.235,36.778,16.194
Moong(Green Gram),2007,Kharif     ,Chhattisgarh,9.128262260940575,2615,1246.2,14.021506648306348,7.296250543670502,0.275,26.235,36.778,16.194
Moong(Green Gram),2007,Rabi       ,Chhattisgarh,8.844768827529695,1627,1246.2,13.737977897484933,7.0129437798462675,0.256,26.235,36.778,16.194
Other  Rabi pulses,2007,Rabi       ,Chhattisgarh,7.913521017283895,350,1246.2,12.8065100622715,6.082857975537192,0.192,26.235,36.778,16.194
Other Kharif pulses,2007,Kharif     ,Chhattisgarh,8.886823846515187,1849,1246.2,13.780038808656021,7.054967658662524,0.251,26.235,36.778,16.194
Peas & beans (Pulses),2007,Rabi       ,Chhattisgarh,9.699901500437448,5887,1246.2,14.593192801978766,7.867641754973938,0.332,26.235,36.778,16.194
Ragi,2007,Kharif     ,Chhattisgarh,9.141954459109717,2596,1246.2,14.035200311780542,7.3099349960987725,0.258,26.235,36.778,16.194
Safflower,2007,Rabi       ,Chhattisgarh,6.240275845170769,124,1246.2,11.131691399530792,4.417876287567579,0.26,26.235,36.778,16.194
Sannhamp,2007,Whole Year ,Chhattisgarh,7.381501894506707,536,1246.2,12.274235839596647,5.552184090505087,0.306,26.235,36.778,16.194
Sesamum,2007,Kharif     ,Chhattisgarh,9.963311854181793,6741,1246.2,14.85661724311731,8.130977616499434,0.331,26.235,36.778,16.194
Sugarcane,2007,Whole Year ,Chhattisgarh,9.302646042760209,27254,1246.2,14.195907673035641,7.470543173321204,3.015,26.235,36.778,16.194
Sunflower,2007,Kharif     ,Chhattisgarh,8.73681053295389,2192,1246.2,13.630003292183646,6.905071681352935,0.401,26.235,36.778,16.194
Tobacco,2007,Whole Year ,Chhattisgarh,2.995732273553991,11,1246.2,7.838185574410011,1.3962446919730587,0.823,26.235,36.778,16.194
Turmeric,2007,Whole Year ,Chhattisgarh,6.823286122355687,846,1246.2,11.715557689920388,4.996401134068432,1.045,26.235,36.778,16.194
Urad,2007,Rabi       ,Chhattisgarh,8.68541582383069,1535,1246.2,13.578600177222349,6.8537213904896515,0.245,26.235,36.778,16.194
Dry chillies,2007,Whole Year ,Gujarat,9.024131268455035,7900,1021.6,13.91736383042868,7.192182058713246,0.953,26.718,37.819,16.598
Other  Rabi pulses,2007,Rabi       ,Gujarat,9.239996256883693,7700,1021.6,14.133252035490429,7.407924322559599,0.778,26.718,37.819,16.598
Other Cereals,2007,Kharif     ,Gujarat,9.409273194575334,7100,1021.6,14.302543978649558,7.577121930876679,0.674,26.718,37.819,16.598
Other Kharif pulses,2007,Kharif     ,Gujarat,10.221977646629885,17100,1021.6,15.115293689727126,8.38958706681109,0.617,26.718,37.819,16.598
Ragi,2007,Kharif     ,Gujarat,9.985113621416073,18200,1021.6,14.87842001845941,8.152774052744075,0.918,26.718,37.819,16.598
Rice,2007,Summer     ,Gujarat,10.392098241730961,97900,1021.6,15.285419930782673,8.559677803022392,3.043,26.718,37.819,16.598
Arhar/Tur,2007,Kharif     ,Haryana,10.267435980441359,30600,443.8,15.160753627444,8.435036918402918,0.842,26.104,38.948,14.395
Castor seed,2007,Kharif     ,Haryana,7.649216319820633,1900,443.8,12.542095495478033,5.819132924343376,0.762,26.104,38.948,14.395
Groundnut,2007,Kharif     ,Haryana,7.181591944611865,1000,443.8,12.074189037419908,5.352994927838733,0.598,26.104,38.948,14.395
Horse-gram,2007,Kharif     ,Haryana,6.129050210060545,100,443.8,11.020237684823934,4.307841736484505,0.082,26.104,38.948,14.395
Maize,2007,Kharif     ,Haryana,9.530828396153142,37000,443.8,14.424108491639489,7.698627902067927,0.979,26.104,38.948,14.395
Masoor,2007,Rabi       ,Haryana,8.14060704285845,2600,443.8,13.033669859135294,6.309554575731145,0.787,26.104,38.948,14.395
Moong(Green Gram),2007,Kharif     ,Haryana,9.989527624628513,9600,443.8,14.882834223112324,8.157186990712155,0.194,26.104,38.948,14.395
Moth,2007,Kharif     ,Haryana,7.937017489515454,400,443.8,12.830014967849849,6.106309938777023,0.21,26.104,38.948,14.395
Other Kharif pulses,2007,Kharif     ,Haryana,7.951911381854188,1200,443.8,12.8449141041586,6.121176153629639,0.38,26.104,38.948,14.395
Peas & beans (Pulses),2007,Rabi       ,Haryana,6.947937068614969,1200,443.8,11.84033533352546,5.120386158055375,0.663,26.104,38.948,14.395
Sannhamp,2007,Whole Year ,Haryana,5.6131281063880705,100,443.8,10.50285138708757,3.799525974201,0.071,26.104,38.948,14.395
Sesamum,2007,Kharif     ,Haryana,7.91644286012226,1000,443.8,12.809432964640793,6.085774226578724,0.207,26.104,38.948,14.395
Sunflower,2007,Rabi       ,Haryana,9.066008001086264,16200,443.8,13.959245467209525,7.234032869193281,1.392,26.104,38.948,14.395
Urad,2007,Kharif     ,Haryana,8.163940954755008,1400,443.8,13.057010444723687,6.332853249509013,0.315,26.104,38.948,14.395
Arhar/Tur,2007,Kharif     ,Himachal Pradesh,3.912023005428146,17,1095.4,8.785325404623302,2.179286876649552,0.336,21.365,33.038,11.917
Barley,2007,Rabi       ,Himachal Pradesh,10.065181141534115,30675,1095.4,14.958491057886818,8.232822962086125,1.321,21.365,33.038,11.917
Coriander,2007,Rabi       ,Himachal Pradesh,5.4680601411351315,68,1095.4,10.357215701781803,3.6573887870225654,0.252,21.365,33.038,11.917
Cotton(lint),2007,Kharif     ,Himachal Pradesh,4.1588830833596715,29,1095.4,9.036605840919515,2.405141681319138,0.507,21.365,33.038,11.917
Dry chillies,2007,Kharif     ,Himachal Pradesh,6.507277712385012,254,1095.4,11.399147398706727,4.682501528924415,0.399,21.365,33.038,11.917
Garlic,2007,Rabi       ,Himachal Pradesh,8.366370301681654,5486,1095.4,13.25949159369619,6.535009023436698,1.125,21.365,33.038,11.917
Gram,2007,Rabi       ,Himachal Pradesh,7.2813856635702825,1372,1095.4,12.17405449156084,5.452410901885437,0.816,21.365,33.038,11.917
Groundnut,2007,Kharif     ,Himachal Pradesh,4.584967478670572,94,1095.4,9.468140389946043,2.804571768092832,1.038,21.365,33.038,11.917
Horse-gram,2007,Kharif     ,Himachal Pradesh,7.792761720816526,1097,1095.4,12.685704152656607,5.962344648534129,0.444,21.365,33.038,11.917
Linseed,2007,Rabi       ,Himachal Pradesh,7.360103972989152,395,1095.4,12.252824543369218,5.530856639502609,0.217,21.365,33.038,11.917
Masoor,2007,Kharif     ,Himachal Pradesh,6.410174881966167,352,1095.4,11.301893274138363,4.5861912193902885,0.671,21.365,33.038,11.917
Moong(Green Gram),2007,Kharif     ,Himachal Pradesh,6.530877627725885,324,1095.4,11.422781915117262,4.7059200890882344,0.467,21.365,33.038,11.917
Moth,2007,Kharif     ,Himachal Pradesh,2.302585092994046,3,1095.4,7.09140928100987,0.8919980393051105,0.277,21.365,33.038,11.917
Other  Rabi pulses,2007,Rabi       ,Himachal Pradesh,3.258096538021482,9,1095.4,8.112527763478637,1.6094379124341003,0.423,21.365,33.038,11.917
Other Kharif pulses,2007,Kharif     ,Himachal Pradesh,7.465082736399547,602,1095.4,12.35786626395517,5.635503633902907,0.37,21.365,33.038,11.917
Peas & beans (Pulses),2007,Kharif     ,Himachal Pradesh,9.215526898663482,22296,1095.4,14.108780290327482,7.383467582694854,1.792,21.365,33.038,11.917
Ragi,2007,Kharif     ,Himachal Pradesh,7.520776415062797,2489,1095.4,12.413590752957044,5.6910349018336985,1.117,21.365,33.038,11.917
Rapeseed &Mustard,2007,Rabi       ,Himachal Pradesh,9.07783702216309,3580,1095.4,13.971075836774434,7.2458547623475065,0.479,21.365,33.038,11.917
Sannhamp,2007,Kharif     ,Himachal Pradesh,3.4965075614664802,6,1095.4,8.359322266718223,1.8115620965242347,0.185,21.365,33.038,11.917
Sesamum,2007,Kharif     ,Himachal Pradesh,8.185071477532283,1269,1095.4,13.078146878066022,6.353952562361006,0.338,21.365,33.038,11.917
Small millets,2007,Kharif     ,Himachal Pradesh,8.915163617762142,5463,1095.4,13.808382412995552,7.083287171416676,0.657,21.365,33.038,11.917
Soyabean,2007,Kharif     ,Himachal Pradesh,6.440946540632921,1052,1095.4,11.332714479353173,4.616703421801764,1.575,21.365,33.038,11.917
Turmeric,2007,Kharif     ,Himachal Pradesh,4.962844630259907,72,1095.4,9.84923198019557,3.1663185741295248,0.477,21.365,33.038,11.917
Urad,2007,Kharif     ,Himachal Pradesh,9.414097209490203,6315,1095.4,14.307368385066,7.581943875940785,0.455,21.365,33.038,11.917
Castor seed,2007,Kharif     ,Madhya Pradesh,7.394493107219038,682,740.4,12.287235033819657,5.565133246318433,0.328,26.101,37.262,15.856
Horse-gram,2007,Kharif     ,Madhya Pradesh,10.08539235583374,7716,740.4,14.978703116898448,8.253029709327018,0.287,26.101,37.262,15.856
Horse-gram,2007,Rabi       ,Madhya Pradesh,5.111987788356544,46,740.4,9.99934303817965,3.3105430133940246,0.187,26.101,37.262,15.856
Jowar,2007,Rabi       ,Madhya Pradesh,8.145259566516865,3804,740.4,13.038323725915806,6.31420000761715,1.444,26.101,37.262,15.856
Ragi,2007,Kharif     ,Madhya Pradesh,6.124683390894205,140,740.4,11.015861382009636,4.303524406518924,0.21,26.101,37.262,15.856
Safflower,2007,Rabi       ,Madhya Pradesh,6.073044534100405,93,740.4,10.964107173694142,4.252487263318897,0.341,26.101,37.262,15.856
Sannhamp,2007,Kharif     ,Madhya Pradesh,8.42726848388825,3400,740.4,13.320403415720156,6.595835157277081,0.568,26.101,37.262,15.856
Small millets,2007,Whole Year ,Madhya Pradesh,7.976938756959434,660,740.4,12.869950117057106,6.146157936784463,0.194,26.101,37.262,15.856
Sunflower,2007,Whole Year ,Madhya Pradesh,6.423246963533519,304,740.4,11.314986590241194,4.599152113662528,0.302,26.101,37.262,15.856
Tobacco,2007,Whole Year ,Madhya Pradesh,5.062595033026967,67,740.4,9.949645684517211,3.2627013044082305,0.429,26.101,37.262,15.856
Turmeric,2007,Whole Year ,Madhya Pradesh,6.486160788944089,545,740.4,11.377998813710635,4.661550519424199,0.908,26.101,37.262,15.856
Urad,2007,Rabi       ,Madhya Pradesh,8.736328721332908,2020,740.4,13.629521403749674,6.904590275638981,0.179,26.101,37.262,15.856
Castor seed,2007,Kharif     ,Maharashtra,9.350189267092581,4400,1257.2,14.243455099680641,7.518064181233078,0.32,25.491,35.954,16.066
Maize,2007,Summer     ,Maharashtra,9.525224101853109,21600,1257.2,14.41850379246926,7.693025748417888,1.414,25.491,35.954,16.066
Rapeseed &Mustard,2007,Rabi       ,Maharashtra,9.127067452782361,4300,1257.2,14.02031171132831,7.29505641646263,0.483,25.491,35.954,16.066
Sesamum,2007,Rabi       ,Maharashtra,8.216358332386156,1300,1257.2,13.109442258125807,6.385194398997726,0.64,25.491,35.954,16.066
Small millets,2007,Rabi       ,Maharashtra,8.556606193773073,2700,1257.2,13.449767479636902,6.725033642166843,0.674,25.491,35.954,16.066
Sunflower,2007,Summer     ,Maharashtra,9.314790473332646,10300,1257.2,14.208053196119728,7.482681828154651,0.999,25.491,35.954,16.066
Arhar/Tur,2007,Kharif     ,Nagaland,8.071218539969863,3880,1769.0,12.964260564845308,6.240275845170769,1.212,19.965,31.024,11.396
Cardamom,2007,Kharif     ,Nagaland,5.303304908059076,100,1769.0,10.191706980586526,3.4965075614664802,0.482,19.965,31.024,11.396
Cotton(lint),2007,Kharif     ,Nagaland,5.017279836814924,40,1769.0,9.904037401341563,3.2188758248682006,0.365,19.965,31.024,11.396
Dry chillies,2007,Kharif     ,Nagaland,6.55250788703459,890,1769.0,11.444443177398837,4.727387818712341,1.268,19.965,31.024,11.396
Groundnut,2007,Kharif     ,Nagaland,7.280008252884188,1590,1769.0,12.172676138711658,5.4510384535657,1.11,19.965,31.024,11.396
Jowar,2007,Kharif     ,Nagaland,6.68586094706836,1050,1769.0,11.577973231420392,4.859812404361672,1.316,19.965,31.024,11.396
Jute,2007,Kharif     ,Nagaland,7.804251383528112,2940,1769.0,12.697198496710257,5.973809611869261,1.165,19.965,31.024,11.396
Linseed,2007,Rabi       ,Nagaland,9.169622538697624,7360,1769.0,14.062871291796716,7.337587743538596,0.748,19.965,31.024,11.396
Maize,2007,Rabi       ,Nagaland,7.313886831633462,2860,1769.0,12.206577518060588,5.484796933490655,1.91,19.965,31.024,11.396
Moong(Green Gram),2007,Kharif     ,Nagaland,6.111467339502679,520,1769.0,11.002616374444639,4.290459441148391,1.13,19.965,31.024,11.396
Other  Rabi pulses,2007,Rabi       ,Nagaland,8.936035096566041,8900,1769.0,13.82925664610439,7.104144092987527,1.147,19.965,31.024,11.396
Other Kharif pulses,2007,Kharif     ,Nagaland,9.008346579384707,8130,1769.0,13.90157723886904,7.176407425527112,1.015,19.965,31.024,11.396
Peas & beans (Pulses),2007,Rabi       ,Nagaland,8.703008637464448,8060,1769.0,13.59619591700818,6.871298741971522,1.39,19.965,31.024,11.396
Rapeseed &Mustard,2007,Rabi       ,Nagaland,10.22379411156297,19980,1769.0,15.117110220158803,8.391403185357937,0.725,19.965,31.024,11.396
Rice,2007,Rabi       ,Nagaland,7.313886831633462,2500,1769.0,12.206577518060588,5.484796933490655,1.66,19.965,31.024,11.396
Sesamum,2007,Kharif     ,Nagaland,8.782783017393202,3970,1769.0,13.675982938133444,6.951006320976452,0.611,19.965,31.024,11.396
Small millets,2007,Kharif     ,Nagaland,9.60918360377546,14340,1769.0,14.5024691285191,7.776954403322442,0.987,19.965,31.024,11.396
Soyabean,2007,Kharif     ,Nagaland,10.184937747111391,31270,1769.0,15.078252428333226,8.352554369474591,1.215,19.965,31.024,11.396
Sunflower,2007,Kharif     ,Nagaland,6.90875477931522,970,1769.0,11.801114908687438,5.081404364984463,0.938,19.965,31.024,11.396
Sunflower,2007,Rabi       ,Nagaland,7.0909098220799835,950,1769.0,11.983435216114666,5.262690188904886,0.767,19.965,31.024,11.396
Wheat,2007,Rabi       ,Nagaland,7.048386408721883,1800,1769.0,11.940875873297465,5.220355825078324,1.564,19.965,31.024,11.396
Arhar/Tur,2007,Kharif     ,Punjab,8.699681400989514,5400,527.2,13.592868131066247,6.8679744089702925,0.948,25.764,38.631,14.383
Bajra,2007,Kharif     ,Punjab,8.294299608857235,4000,527.2,13.187403647644764,6.46302945692067,1.0,25.764,38.631,14.383
Barley,2007,Rabi       ,Punjab,9.680406499268875,57000,527.2,14.573696603219075,7.848153086199526,3.5,25.764,38.631,14.383
Gram,2007,Rabi       ,Punjab,7.901377353792616,2800,527.2,12.794361961859673,6.07073772800249,1.007,25.764,38.631,14.383
Groundnut,2007,Kharif     ,Punjab,8.03947991910045,2700,527.2,12.932511942097603,6.208590026096629,0.962,25.764,38.631,14.383
Guar seed,2007,Kharif     ,Punjab,9.994287576862567,18200,527.2,14.887594391580663,8.16194579946869,0.772,25.764,38.631,14.383
Jowar,2007,Kharif     ,Punjab,4.61512051684126,100,527.2,9.498597279178806,2.833213344056216,1.0,25.764,38.631,14.383
Masoor,2007,Rabi       ,Punjab,7.0909098220799835,600,527.2,11.983435216114666,5.262690188904886,0.594,25.764,38.631,14.383
Moong(Green Gram),2007,Kharif     ,Punjab,9.367429587218957,8400,527.2,14.260696894972455,7.5352967024440884,0.779,25.764,38.631,14.383
Rapeseed &Mustard,2007,Rabi       ,Punjab,10.239995502805316,33000,527.2,15.13331219036211,8.407601514786142,1.181,25.764,38.631,14.383
Sesamum,2007,Kharif     ,Punjab,9.012011377036412,2700,527.2,13.905242480910507,7.180069874302796,0.393,25.764,38.631,14.383
Urad,2007,Kharif     ,Punjab,8.160803920954665,1600,527.2,13.053872522742985,6.329720905522696,0.487,25.764,38.631,14.383
Arhar/Tur,2007,Kharif     ,Tripura,7.108244139731541,882,2831.8,12.000783747009805,5.279949709189852,0.718,24.073,32.742,16.437
Cotton(lint),2007,Kharif     ,Tripura,7.01301578963963,1504,2831.8,11.905474181145166,5.185148668442399,1.342,24.073,32.742,16.437
Gram,2007,Rabi       ,Tripura,4.624972813284271,72,2831.8,9.508546867884176,2.8425810940598164,0.742,24.073,32.742,16.437
Groundnut,2007,Kharif     ,Tripura,6.016157159698354,423,2831.8,10.907085617600556,4.196299284745094,1.088,24.073,32.742,16.437
Groundnut,2007,Rabi       ,Tripura,5.602118820879701,263,2831.8,10.491801855990317,3.7887247890836524,0.985,24.073,32.742,16.437
Maize,2007,Kharif     ,Tripura,7.66105638236183,2125,2831.8,12.553941126149754,5.83094362027288,0.995,24.073,32.742,16.437
Masoor,2007,Rabi       ,Tripura,5.780743515792329,214,2831.8,10.67102766464501,3.9642358768750805,0.6,24.073,32.742,16.437
Moong(Green Gram),2007,Kharif     ,Tripura,5.905361848054571,183,2831.8,10.796005948235642,4.086984207815808,0.498,24.073,32.742,16.437
Moong(Green Gram),2007,Rabi       ,Tripura,5.493061443340548,137,2831.8,10.382320835405869,3.681854839176972,0.562,24.073,32.742,16.437
Other  Rabi pulses,2007,Rabi       ,Tripura,6.9167150203536085,758,2831.8,11.809083018842996,5.089323238338246,0.708,24.073,32.742,16.437
Other Kharif pulses,2007,Kharif     ,Tripura,7.237059026124737,905,2831.8,12.129696873090904,5.408247425920233,0.66,24.073,32.742,16.437
Peas & beans (Pulses),2007,Rabi       ,Tripura,6.4692503167957724,454,2831.8,11.361062499660793,4.64477544058045,0.692,24.073,32.742,16.437
Rapeseed &Mustard,2007,Rabi       ,Tripura,7.280697195384741,1062,2831.8,12.173365552618304,5.451724913177349,0.725,24.073,32.742,16.437
Sesamum,2007,Kharif     ,Tripura,7.482681828154651,896,2831.8,12.375475277887272,5.653050426249428,0.5,24.073,32.742,16.437
Urad,2007,Kharif     ,Tripura,6.78332520060396,522,2831.8,11.675552688603982,4.956671771152826,0.582,24.073,32.742,16.437
Urad,2007,Rabi       ,Tripura,6.008813185442595,251,2831.8,10.89972375658737,4.189048497691398,0.592,24.073,32.742,16.437
Wheat,2007,Rabi       ,Tripura,6.931471805599453,1889,2831.8,11.823854227120744,5.104004196901704,1.88,24.073,32.742,16.437
Coriander,2007,Rabi       ,Uttar Pradesh,8.629628620746026,3241,672.9,13.522803347294706,6.79798505483561,0.578,25.625,36.995,15.226
Cotton(lint),2007,Kharif     ,Uttar Pradesh,8.357259153499912,1162,672.9,13.25037833242693,6.525909036472607,0.247,25.625,36.995,15.226
Dry chillies,2007,Kharif     ,Uttar Pradesh,9.658801110545443,15093,672.9,14.55208985969827,7.826554861058051,0.964,25.625,36.995,15.226
Ginger,2007,Kharif     ,Uttar Pradesh,6.803505257608338,2035,672.9,11.695755225939896,4.976733742420574,2.035,25.625,36.995,15.226
Guar seed,2007,Kharif     ,Uttar Pradesh,7.771067086065406,1988,672.9,12.664000530581172,5.940697430054329,0.842,25.625,36.995,15.226
Linseed,2007,Rabi       ,Uttar Pradesh,10.317846327814411,7620,672.9,15.211165670228773,8.48543829953409,0.265,25.625,36.995,15.226
Maize,2007,Rabi       ,Uttar Pradesh,8.196436811235028,10185,672.9,13.089515339553543,6.36530137975797,2.78,25.625,36.995,15.226
Maize,2007,Summer     ,Uttar Pradesh,9.995656440007505,31514,672.9,14.88896331671975,8.163314334779507,1.431,25.625,36.995,15.226
Moong(Green Gram),2007,Kharif     ,Uttar Pradesh,10.34441632491986,6183,672.9,15.237736527133677,8.512003749524688,0.192,25.625,36.995,15.226
Moong(Green Gram),2007,Summer     ,Uttar Pradesh,10.360944044643913,20085,672.9,15.25426477027966,8.528528701079983,0.617,25.625,36.995,15.226
Rice,2007,Summer     ,Uttar Pradesh,9.844268192876157,48358,672.9,14.737567672252744,8.011965204938718,2.152,25.625,36.995,15.226
Sannhamp,2007,Kharif     ,Uttar Pradesh,7.837554360881084,491,672.9,12.73051474291501,6.0070425770713,0.191,25.625,36.995,15.226
Small millets,2007,Kharif     ,Uttar Pradesh,9.476849879195163,7868,672.9,14.370125979163557,7.644670510174298,0.608,25.625,36.995,15.226
Soyabean,2007,Kharif     ,Uttar Pradesh,8.483636407887394,3239,672.9,13.376783245478519,6.652140187520964,0.676,25.625,36.995,15.226
Sunflower,2007,Summer     ,Uttar Pradesh,9.475393326367602,21134,672.9,14.368669315504256,7.643214543327699,2.063,25.625,36.995,15.226
Tobacco,2007,Summer     ,Uttar Pradesh,6.208590026096629,1233,672.9,11.09994317350328,4.386516539946734,2.492,25.625,36.995,15.226
Turmeric,2007,Rabi       ,Uttar Pradesh,7.221835825288449,4199,672.9,12.114462711365288,5.39308194299246,3.045,25.625,36.995,15.226
Arhar/Tur,2007,Kharif     ,Uttarakhand,7.983781068977451,2221,1924.3,12.876794753187346,6.152987981264653,0.802,18.95,29.288,10.92
Bajra,2007,Kharif     ,Uttarakhand,3.7612001156935624,40,1924.3,8.631200218026319,2.0438143640366846,0.95,18.95,29.288,10.92
Barley,2007,Rabi       ,Uttarakhand,10.11476093127985,25856,1924.3,15.008072889748819,8.282391952544558,1.125,18.95,29.288,10.92
Dry chillies,2007,Kharif     ,Uttarakhand,8.643297068211963,2000,1924.3,13.536474203351824,6.8116407757964685,0.302,18.95,29.288,10.92
Gram,2007,Rabi       ,Uttarakhand,6.6293632534374485,519,1924.3,11.521403425288979,4.803693122120054,0.519,18.95,29.288,10.92
Groundnut,2007,Kharif     ,Uttarakhand,7.344072850573066,1318,1924.3,12.236783211421711,5.514879306496692,0.792,18.95,29.288,10.92
Horse-gram,2007,Kharif     ,Uttarakhand,9.105202053852878,7005,1924.3,13.998443927562601,7.273203623839867,0.749,18.95,29.288,10.92
Maize,2007,Kharif     ,Uttarakhand,10.239995502805316,43659,1924.3,15.13331219036211,8.407601514786142,1.224,18.95,29.288,10.92
Maize,2007,Summer     ,Uttarakhand,4.418840607796598,133,1924.3,9.300162794273215,2.647592232065096,1.637,18.95,29.288,10.92
Masoor,2007,Rabi       ,Uttarakhand,9.294129897705867,4950,1924.3,14.187390753916345,7.462031120462049,0.501,18.95,29.288,10.92
Moong(Green Gram),2007,Kharif     ,Uttarakhand,2.1972245773362196,3,1924.3,6.97373026790567,0.8241754429663494,0.417,18.95,29.288,10.92
Moong(Green Gram),2007,Summer     ,Uttarakhand,2.70805020110221,6,1924.3,7.532944766358855,1.1755733298042381,0.317,18.95,29.288,10.92
Moth,2007,Kharif     ,Uttarakhand,2.1972245773362196,3,1924.3,6.97373026790567,0.8241754429663494,0.38,18.95,29.288,10.92
Other  Rabi pulses,2007,Rabi       ,Uttarakhand,4.543294782270004,41,1924.3,9.426032228245242,2.7650604558189897,0.425,18.95,29.288,10.92
Other Cereals,2007,Rabi       ,Uttarakhand,6.763884908562435,623,1924.3,11.656090306562989,4.937347498326424,0.722,18.95,29.288,10.92
Other Kharif pulses,2007,Kharif     ,Uttarakhand,9.386056829718001,9140,1924.3,14.279325702980858,7.553915668317746,0.754,18.95,29.288,10.92
Peas & beans (Pulses),2007,Rabi       ,Uttarakhand,8.269756947532983,3518,1924.3,13.162854821298746,6.43851935497531,0.713,18.95,29.288,10.92
Rapeseed &Mustard,2007,Rabi       ,Uttarakhand,9.394909401310617,7704,1924.3,14.288179008417936,7.562764360150985,0.548,18.95,29.288,10.92
Rice,2007,Summer     ,Uttarakhand,9.422625179955517,41864,1924.3,14.315897043030004,7.5904682116199345,3.423,18.95,29.288,10.92
Sesamum,2007,Kharif     ,Uttarakhand,7.581719640125308,445,1924.3,12.474565782338525,5.751810443666782,0.244,18.95,29.288,10.92
Soyabean,2007,Kharif     ,Uttarakhand,9.19664704484418,13234,1924.3,14.089898554472931,7.36459767795005,1.133,18.95,29.288,10.92
Sunflower,2007,Kharif     ,Uttarakhand,3.828641396489095,43,1924.3,8.700181192753353,2.1041341542702074,0.96,18.95,29.288,10.92
Tobacco,2007,Whole Year ,Uttarakhand,2.5649493574615367,36,1924.3,7.3788832758895815,1.0715836162801904,3.0,18.95,29.288,10.92
Turmeric,2007,Whole Year ,Uttarakhand,5.4116460518550396,403,1924.3,10.30055751985591,3.602231647388264,1.91,18.95,29.288,10.92
Urad,2007,Kharif     ,Uttarakhand,9.342245442856122,8776,1924.3,14.23551058712491,7.510123995983209,0.687,18.95,29.288,10.92
Urad,2007,Summer     ,Uttarakhand,5.700443573390687,134,1924.3,10.590470774878172,3.8852682681193262,0.63,18.95,29.288,10.92
other oilseeds,2007,Kharif     ,Uttarakhand,5.017279836814924,79,1924.3,9.904037401341563,3.2188758248682006,0.574,18.95,29.288,10.92
other oilseeds,2007,Rabi       ,Uttarakhand,7.077498053569231,348,1924.3,11.970012280199244,5.249337184326318,0.318,18.95,29.288,10.92
Arhar/Tur,2007,Rabi       ,Jharkhand,9.796939109349484,26212,1444.7,14.690236036669885,7.96464968583167,1.472,23.008,33.503,14.163
Gram,2007,Rabi       ,Jharkhand,9.611343540420453,11971,1444.7,14.504629208884259,7.779113496379141,0.88,23.008,33.503,14.163
Masoor,2007,Rabi       ,Jharkhand,8.395271854791963,2924,1444.7,13.2883997237321,6.563875272458473,0.653,23.008,33.503,14.163
Ragi,2007,Autumn     ,Jharkhand,10.327156625138866,27952,1444.7,15.220476271435956,8.494746948846405,0.822,23.008,33.503,14.163
Rapeseed &Mustard,2007,Rabi       ,Jharkhand,8.880710671716637,6083,1444.7,13.773924792678704,7.04885892955981,0.843,23.008,33.503,14.163
Arhar/Tur,2008,Kharif     ,Bihar,10.2450184013482,33149,1197.7,15.208107426494234,7.837432017170089,1.256,25.188,35.358,15.308
Bajra,2008,Kharif     ,Bihar,7.993282328101591,3547,1197.7,12.956071220582228,5.588745664667843,1.12,25.188,35.358,15.308
Barley,2008,Rabi       ,Bihar,9.583970756564328,15898,1197.7,14.547026723675549,7.176720784160987,1.023,25.188,35.358,15.308
Castor seed,2008,Kharif     ,Bihar,5.225746673713202,177,1197.7,10.183517925256844,2.8707357833793057,0.99,25.188,35.358,15.308
Dry chillies,2008,Whole Year ,Bihar,7.768533300926033,3238,1197.7,12.73123764724439,5.3648538903482805,1.228,25.188,35.358,15.308
Garlic,2008,Whole Year ,Bihar,7.833203948641057,4014,1197.7,12.795934599972973,5.429257905808632,1.587,25.188,35.358,15.308
Ginger,2008,Kharif     ,Bihar,6.660575149839686,1270,1197.7,11.622427193955154,4.26549281841793,1.625,25.188,35.358,15.308
Groundnut,2008,Kharif     ,Bihar,7.45876269238096,857,1197.7,12.421314500505806,5.056627897946728,0.495,25.188,35.358,15.308
Jowar,2008,Kharif     ,Bihar,7.783224016336037,2543,1197.7,12.745934488412988,5.379482520965545,1.064,25.188,35.358,15.308
Linseed,2008,Rabi       ,Bihar,10.164235126247704,21959,1197.7,15.127321182493676,7.756678959863799,0.844,25.188,35.358,15.308
Moong(Green Gram),2008,Kharif     ,Bihar,9.058121158998672,5609,1197.7,14.021129836241,6.651352211222822,0.674,25.188,35.358,15.308
Other  Rabi pulses,2008,Rabi       ,Bihar,8.333270353255308,3082,1197.7,13.296155932111992,5.92775235113638,0.755,25.188,35.358,15.308
Other Kharif pulses,2008,Kharif     ,Bihar,7.057897937411856,672,1197.7,12.020167314682446,4.658616161693717,0.604,25.188,35.358,15.308
Peas & beans (Pulses),2008,Rabi       ,Bihar,10.076137489633352,22865,1197.7,15.039220022704741,7.668617181210121,0.958,25.188,35.358,15.308
Ragi,2008,Kharif     ,Bihar,9.344521553442203,9296,1197.7,14.307559029255003,6.937459701688468,0.782,25.188,35.358,15.308
Safflower,2008,Rabi       ,Bihar,5.375278407684165,175,1197.7,10.333794855542608,3.013080911888604,0.815,25.188,35.358,15.308
Sesamum,2008,Kharif     ,Bihar,7.740229524763182,1844,1197.7,12.702921812062286,5.3366723204245,0.824,25.188,35.358,15.308
Small millets,2008,Kharif     ,Bihar,8.966228514225776,5898,1197.7,13.929226061304677,6.559572743672545,0.766,25.188,35.358,15.308
Sunflower,2008,Rabi       ,Bihar,10.001203926042198,30646,1197.7,14.964283208160461,7.593716703727357,1.43,25.188,35.358,15.308
Turmeric,2008,Whole Year ,Bihar,7.8674885686991285,3027,1197.7,12.830232490302132,5.463407986413629,1.153,25.188,35.358,15.308
Urad,2008,Kharif     ,Bihar,9.97329342678009,17980,1197.7,14.936371434375268,7.565819175412812,0.747,25.188,35.358,15.308
Bajra,2008,Kharif     ,Chhattisgarh,4.804021044733257,48,1117.9,9.758972632637647,2.4756977107026903,0.378,25.915,36.449,15.275
Barley,2008,Rabi       ,Chhattisgarh,8.065579427282092,2861,1117.9,13.028391717382576,5.660805381801061,0.959,25.915,36.449,15.275
Castor seed,2008,Kharif     ,Chhattisgarh,3.6888794541139363,12,1117.9,8.626865199219697,1.506297153514587,0.218,25.915,36.449,15.275
Coconut ,2008,Kharif     ,Chhattisgarh,4.356708826689592,0,1117.9,9.307020522033492,2.0706530356467567,0.0,25.915,36.449,15.275
Coriander,2008,Whole Year ,Chhattisgarh,8.01829613851552,865,1117.9,12.981093318392741,5.613675401850057,0.581,25.915,36.449,15.275
Cotton(lint),2008,Kharif     ,Chhattisgarh,3.258096538021482,32,1117.9,8.182279739259018,1.1786549963416462,1.25,25.915,36.449,15.275
Dry chillies,2008,Whole Year ,Chhattisgarh,8.701845363548474,3190,1117.9,13.664804545120251,6.295579605397315,0.508,25.915,36.449,15.275
Garlic,2008,Whole Year ,Chhattisgarh,6.848005274576363,2372,1117.9,11.810074880368166,4.450736132681027,2.918,25.915,36.449,15.275
Ginger,2008,Whole Year ,Chhattisgarh,7.527255919373784,2107,1117.9,12.489845637472737,5.124737489690837,1.248,25.915,36.449,15.275
Groundnut,2008,Kharif     ,Chhattisgarh,10.31055138200799,37747,1117.9,15.273642645464706,7.902942215392362,1.335,25.915,36.449,15.275
Horse-gram,2008,Rabi       ,Chhattisgarh,7.729295674310482,616,1117.9,12.691983210966574,5.325786608537582,0.271,25.915,36.449,15.275
Jowar,2008,Kharif     ,Chhattisgarh,8.587092318795905,6270,1117.9,13.550031419309242,6.181030632156195,1.261,25.915,36.449,15.275
Masoor,2008,Rabi       ,Chhattisgarh,9.638870753015343,4997,1117.9,14.601930371211273,7.231583631819924,0.32,25.915,36.449,15.275
Mesta,2008,Kharif     ,Chhattisgarh,7.237778191923443,2720,1117.9,12.200188367070714,4.837075242970874,2.021,25.915,36.449,15.275
Moong(Green Gram),2008,Kharif     ,Chhattisgarh,9.130322663990151,2423,1117.9,14.093339396348842,6.723471798874642,0.252,25.915,36.449,15.275
Moong(Green Gram),2008,Rabi       ,Chhattisgarh,8.84980082722101,1559,1117.9,13.812782720797179,6.443304205726046,0.232,25.915,36.449,15.275
Other  Rabi pulses,2008,Rabi       ,Chhattisgarh,7.849323818040561,431,1117.9,12.812060765468527,5.445313945282377,0.226,25.915,36.449,15.275
Other Kharif pulses,2008,Kharif     ,Chhattisgarh,8.819073983267831,1743,1117.9,13.782051432541595,6.412622541895837,0.234,25.915,36.449,15.275
Peas & beans (Pulses),2008,Rabi       ,Chhattisgarh,9.734654613922729,6089,1117.9,14.69772014134655,7.327307364731775,0.341,25.915,36.449,15.275
Potato,2008,Kharif     ,Chhattisgarh,6.53813982376767,2668,1117.9,11.49982604092381,4.144720769547168,1.343,25.915,36.449,15.275
Ragi,2008,Kharif     ,Chhattisgarh,9.114379980830272,2550,1117.9,14.077394984250914,6.7075466989504235,0.272,25.915,36.449,15.275
Safflower,2008,Rabi       ,Chhattisgarh,6.61472560020376,191,1117.9,11.576517913722418,4.220242729097475,0.299,25.915,36.449,15.275
Sannhamp,2008,Whole Year ,Chhattisgarh,7.268920128193722,482,1117.9,12.231352207783106,4.867995882441006,0.301,25.915,36.449,15.275
Sesamum,2008,Kharif     ,Chhattisgarh,9.902136640465171,6081,1117.9,14.865211233088274,7.494697142695754,0.298,25.915,36.449,15.275
Sugarcane,2008,Whole Year ,Chhattisgarh,9.10886120302633,22230,1117.9,14.071875601499478,6.702034073359797,2.779,25.915,36.449,15.275
Sunflower,2008,Kharif     ,Chhattisgarh,8.423102268016642,1875,1117.9,13.386008359863844,6.017375928892483,0.341,25.915,36.449,15.275
Tobacco,2008,Whole Year ,Chhattisgarh,3.332204510175204,14,1117.9,8.259220071745142,1.2325602611778486,0.507,25.915,36.449,15.275
Turmeric,2008,Whole Year ,Chhattisgarh,6.775366090936392,785,1117.9,11.737356187523991,4.378896741664954,0.976,25.915,36.449,15.275
Urad,2008,Rabi       ,Chhattisgarh,8.451053388911692,1146,1117.9,13.413965496423977,6.045265943576291,0.236,25.915,36.449,15.275
Dry chillies,2008,Whole Year ,Gujarat,8.909370405197466,6700,746.1,13.872360535353701,6.502790045915623,0.96,26.474,38.405,15.429
Other  Rabi pulses,2008,Rabi       ,Gujarat,9.392745258631441,8500,746.1,14.355786822782793,6.985641817639208,0.741,26.474,38.405,15.429
Other Cereals,2008,Kharif     ,Gujarat,9.441531454869693,7100,746.1,14.404576959209972,7.034387929915503,0.64,26.474,38.405,15.429
Other Cereals,2008,Rabi       ,Gujarat,10.370392636243981,41100,746.1,15.333485819353333,7.962763930168115,1.185,26.474,38.405,15.429
Other Kharif pulses,2008,Kharif     ,Gujarat,10.165890277802454,16200,746.1,15.128976397315382,7.75833346749091,0.594,26.474,38.405,15.429
Ragi,2008,Kharif     ,Gujarat,9.873079890114703,20000,746.1,14.836153016840036,7.465655310134056,1.092,26.474,38.405,15.429
Rice,2008,Summer     ,Gujarat,10.134638955251866,77400,746.1,15.097723862347356,7.727094484779841,2.921,26.474,38.405,15.429
Arhar/Tur,2008,Kharif     ,Haryana,10.417268804127751,35800,715.6,15.38036341276233,8.0096255878672,0.73,25.275,37.958,14.165
Castor seed,2008,Kharif     ,Haryana,7.508787170634276,2100,715.6,12.471366921012287,5.10636962635945,0.878,25.275,37.958,14.165
Coriander,2008,Whole Year ,Haryana,5.988961416889864,800,715.6,10.949593882011285,3.6060411758049318,0.286,25.275,37.958,14.165
Garlic,2008,Whole Year ,Haryana,6.20050917404269,3100,715.6,11.161617237270734,3.8128654338949275,2.917,25.275,37.958,14.165
Groundnut,2008,Kharif     ,Haryana,7.3427791893318455,1400,715.6,12.30526056988274,4.9413566674994875,0.678,25.275,37.958,14.165
Horse-gram,2008,Kharif     ,Haryana,6.255750041753367,200,715.6,11.216966567240023,3.86702563949741,0.272,25.275,37.958,14.165
Maize,2008,Kharif     ,Haryana,9.373309200254322,25200,715.6,14.336349140325245,6.96622228069183,1.152,25.275,37.958,14.165
Masoor,2008,Rabi       ,Haryana,8.488587934405903,3600,715.6,13.451507860066453,6.082721067379534,0.639,25.275,37.958,14.165
Moong(Green Gram),2008,Kharif     ,Haryana,9.57366316988638,6500,715.6,14.536718428865036,7.166420402363426,0.198,25.275,37.958,14.165
Moth,2008,Kharif     ,Haryana,8.050065422915965,600,715.6,13.012872833798927,5.645340884956954,0.154,25.275,37.958,14.165
Peas & beans (Pulses),2008,Rabi       ,Haryana,6.76849321164863,900,715.6,11.730475481596617,4.372102553476188,0.554,25.275,37.958,14.165
Sannhamp,2008,Whole Year ,Haryana,5.476463551931511,100,715.6,10.43542435883104,3.109953417644014,0.146,25.275,37.958,14.165
Sesamum,2008,Kharif     ,Haryana,8.201111644442758,1300,715.6,13.163963488313492,5.795936162826745,0.157,25.275,37.958,14.165
Sunflower,2008,Rabi       ,Haryana,8.786456678344,11800,715.6,13.749429258021925,6.380054737991301,1.647,25.275,37.958,14.165
Urad,2008,Kharif     ,Haryana,7.855932199718614,1000,715.6,12.818671699047062,5.451896454476337,0.258,25.275,37.958,14.165
Arhar/Tur,2008,Kharif     ,Himachal Pradesh,2.772588722239781,2,1357.1,7.6716404740474236,0.8544153281560676,0.193,20.444,31.015,11.375
Bajra,2008,Kharif     ,Himachal Pradesh,5.318119993844216,113,1357.1,10.276364728551108,2.958549482426275,0.622,20.444,31.015,11.375
Barley,2008,Rabi       ,Himachal Pradesh,10.025793676920095,20447,1357.1,14.988874052819112,7.618295322942979,0.924,20.444,31.015,11.375
Coriander,2008,Rabi       ,Himachal Pradesh,4.919980925828125,19,1357.1,9.875830600630179,2.5832425505088623,0.166,20.444,31.015,11.375
Cotton(lint),2008,Kharif     ,Himachal Pradesh,3.828641396489095,21,1357.1,8.769942145827903,1.6193882432872684,0.48,20.444,31.015,11.375
Dry chillies,2008,Kharif     ,Himachal Pradesh,6.46302945692067,199,1357.1,11.424603411237158,4.070734696582967,0.266,20.444,31.015,11.375
Garlic,2008,Rabi       ,Himachal Pradesh,8.30325712085294,1246,1357.1,13.266135425070507,5.897812991026527,0.528,20.444,31.015,11.375
Gram,2008,Rabi       ,Himachal Pradesh,6.591673732008658,290,1357.1,11.553434962668437,4.197502654324727,0.324,20.444,31.015,11.375
Groundnut,2008,Kharif     ,Himachal Pradesh,4.406719247264253,66,1357.1,9.357659771650424,2.1150499691472033,0.91,20.444,31.015,11.375
Horse-gram,2008,Kharif     ,Himachal Pradesh,7.713784616598755,868,1357.1,12.676465324086411,5.310344746760755,0.349,20.444,31.015,11.375
Linseed,2008,Rabi       ,Himachal Pradesh,6.54534966033442,148,1357.1,11.507046216006245,4.151826997635463,0.165,20.444,31.015,11.375
Masoor,2008,Rabi       ,Himachal Pradesh,6.495265555937008,215,1357.1,11.456888727698198,4.102478062118823,0.469,20.444,31.015,11.375
Moong(Green Gram),2008,Kharif     ,Himachal Pradesh,4.700480365792417,45,1357.1,9.654536329684325,2.3804716316511167,0.32,20.444,31.015,11.375
Moth,2008,Kharif     ,Himachal Pradesh,3.1780538303479458,7,1357.1,8.098922439927124,1.1216775615991057,0.207,20.444,31.015,11.375
Other Kharif pulses,2008,Kharif     ,Himachal Pradesh,7.674617497364363,689,1357.1,12.63728048133146,5.271357184965254,0.358,20.444,31.015,11.375
Peas & beans (Pulses),2008,Kharif     ,Himachal Pradesh,6.78897174299217,1116,1357.1,11.750977175385183,4.392348183745753,1.17,20.444,31.015,11.375
Peas & beans (Pulses),2008,Rabi       ,Himachal Pradesh,9.035510680940524,11461,1357.1,13.998516713700221,6.62876862489758,1.123,20.444,31.015,11.375
Ragi,2008,Kharif     ,Himachal Pradesh,7.729295674310482,2442,1357.1,12.691983210966574,5.325786608537582,0.959,20.444,31.015,11.375
Rapeseed &Mustard,2008,Rabi       ,Himachal Pradesh,9.092007185014317,2373,1357.1,14.055019715209282,6.685199055157366,0.32,20.444,31.015,11.375
Sannhamp,2008,Kharif     ,Himachal Pradesh,1.9459101490553132,1,1357.1,6.756048277605776,0.43178241642553783,0.1,20.444,31.015,11.375
Sesamum,2008,Kharif     ,Himachal Pradesh,8.104099056143582,1160,1357.1,13.066923138420925,5.699205348913088,0.336,20.444,31.015,11.375
Small millets,2008,Kharif     ,Himachal Pradesh,8.681181041521688,4294,1357.1,13.644136775005864,6.274950327428353,0.677,20.444,31.015,11.375
Soyabean,2008,Kharif     ,Himachal Pradesh,6.6052979209482015,1235,1357.1,11.567077608950258,4.2109417098059145,1.577,20.444,31.015,11.375
Turmeric,2008,Kharif     ,Himachal Pradesh,5.342334251964811,110,1357.1,10.30069600138599,2.9816333491744893,0.549,20.444,31.015,11.375
Urad,2008,Kharif     ,Himachal Pradesh,9.272187775302262,4576,1357.1,14.235218736915673,6.865192186296422,0.517,20.444,31.015,11.375
Castor seed,2008,Kharif     ,Madhya Pradesh,7.259116128097101,504,895.0,12.221541385284063,4.858260813670253,0.293,25.743,36.704,15.111
Horse-gram,2008,Kharif     ,Madhya Pradesh,10.072259391783,7406,895.0,15.035341762515868,7.66474073556526,0.324,25.743,36.704,15.111
Horse-gram,2008,Rabi       ,Madhya Pradesh,5.267858159063328,54,895.0,10.22585072273858,2.9107188992270343,0.28,25.743,36.704,15.111
Jowar,2008,Rabi       ,Madhya Pradesh,7.879291485082271,3177,895.0,12.842039870841685,5.475165638876943,1.74,25.743,36.704,15.111
Ragi,2008,Kharif     ,Madhya Pradesh,6.09807428216624,138,895.0,11.05896461934485,3.7125959807312525,0.224,25.743,36.704,15.111
Safflower,2008,Rabi       ,Madhya Pradesh,5.564520407322694,57,895.0,10.523832830738677,3.1945831322991562,0.227,25.743,36.704,15.111
Sannhamp,2008,Kharif     ,Madhya Pradesh,8.395703293828527,1508,895.0,13.358603323340976,5.990038530829903,0.37,25.743,36.704,15.111
Sunflower,2008,Kharif     ,Madhya Pradesh,5.981414211254481,174,895.0,10.942027775034143,3.5986811861957873,0.358,25.743,36.704,15.111
Tobacco,2008,Whole Year ,Madhya Pradesh,5.438079308923196,92,895.0,10.396876843122426,3.0731561705187946,0.52,25.743,36.704,15.111
Turmeric,2008,Whole Year ,Madhya Pradesh,6.489204931325317,582,895.0,11.450818970722993,4.0965088850514775,0.979,25.743,36.704,15.111
Urad,2008,Rabi       ,Madhya Pradesh,8.699348067653093,2028,895.0,13.662306836297242,6.293086506293449,0.226,25.743,36.704,15.111
Castor seed,2008,Kharif     ,Maharashtra,9.287394001418473,2700,1052.8,14.250426371856884,6.880384082186005,0.254,25.675,36.24,15.125
Maize,2008,Summer     ,Maharashtra,9.15915233520675,14500,1052.8,14.12217212491372,6.752270376141742,1.381,25.675,36.24,15.125
Rapeseed &Mustard,2008,Rabi       ,Maharashtra,8.732465848349879,2100,1052.8,13.695430010046696,6.326149473155099,0.426,25.675,36.24,15.125
Rice,2008,Summer     ,Maharashtra,9.99884318585288,53200,1052.8,14.961922361540672,7.591357046698551,2.421,25.675,36.24,15.125
Sesamum,2008,Rabi       ,Maharashtra,7.438971592395862,700,1052.8,12.401511953844263,5.0369526024136295,0.643,25.675,36.24,15.125
Small millets,2008,Rabi       ,Maharashtra,8.537191877922927,2700,1052.8,13.500121500931085,6.131226489483141,0.618,25.675,36.24,15.125
Sunflower,2008,Summer     ,Maharashtra,8.665785595466064,5400,1052.8,13.628738713312687,6.259581464064923,1.05,25.675,36.24,15.125
Arhar/Tur,2008,Kharif     ,Manipur,6.26530121273771,587,1134.8,11.22653589021665,3.876395827784995,1.136,20.995,30.47,12.998
Cowpea(Lobia),2008,Kharif     ,Manipur,6.855408798609928,1019,1134.8,11.817486188179885,4.458061320949879,1.129,20.995,30.47,12.998
Gram,2008,Rabi       ,Manipur,6.3080984415095305,457,1134.8,11.26941235568501,3.918402612392185,0.846,20.995,30.47,12.998
Groundnut,2008,Kharif     ,Manipur,8.076515327552329,2341,1134.8,13.039331011820543,5.671706841183716,0.73,20.995,30.47,12.998
Maize,2008,Kharif     ,Manipur,9.797070923831638,32250,1134.8,14.760140008274513,7.389687479093147,1.724,20.995,30.47,12.998
Maize,2008,Rabi       ,Manipur,7.719129840906732,3130,1134.8,12.681812913752822,5.31566600488265,1.468,20.995,30.47,12.998
Masoor,2008,Rabi       ,Manipur,6.1224928095143865,377,1134.8,11.083437095206365,3.7364784329132155,0.837,20.995,30.47,12.998
Moong(Green Gram),2008,Kharif     ,Manipur,6.068425588244111,474,1134.8,11.029248621934418,3.683615624438837,1.133,20.995,30.47,12.998
Other  Rabi pulses,2008,Rabi       ,Manipur,8.477620416296414,3910,1134.8,13.440538087782015,6.071776449314649,0.83,20.995,30.47,12.998
Other Kharif pulses,2008,Kharif     ,Manipur,7.177782416195197,1463,1134.8,12.140148418078255,4.777525578470196,1.134,20.995,30.47,12.998
Peas & beans (Pulses),2008,Rabi       ,Manipur,9.648143587996293,12869,1134.8,14.611203803328236,7.240850390960413,0.842,20.995,30.47,12.998
Rapeseed &Mustard,2008,Rabi       ,Manipur,10.165890277802454,20000,1134.8,15.128976397315382,7.75833346749091,0.78,20.995,30.47,12.998
Soyabean,2008,Kharif     ,Manipur,8.51398806046729,3809,1134.8,13.476913112686049,6.108069110861271,0.743,20.995,30.47,12.998
Urad,2008,Kharif     ,Manipur,7.305188215393037,1609,1134.8,12.26764495932115,4.904014725645983,1.136,20.995,30.47,12.998
Wheat,2008,Rabi       ,Manipur,7.62608275807238,5120,1134.8,12.588722793820844,5.22305488204749,2.495,20.995,30.47,12.998
Arhar/Tur,2008,Kharif     ,Nagaland,8.058643712215618,3030,1540.9,13.02145383036177,5.653891705042736,0.952,19.763,29.573,11.872
Cardamom,2008,Kharif     ,Nagaland,6.68586094706836,150,1540.9,11.647744777869265,4.290459441148391,0.359,19.763,29.573,11.872
Cotton(lint),2008,Kharif     ,Nagaland,4.709530201312334,60,1540.9,9.663668230211305,2.388762789235098,0.53,19.763,29.573,11.872
Dry chillies,2008,Kharif     ,Nagaland,7.824445930877619,3130,1540.9,12.787173118698167,5.420534999272286,1.258,19.763,29.573,11.872
Gram,2008,Rabi       ,Nagaland,5.5254529391317835,200,1540.9,10.484613193102275,3.1570004211501135,0.855,19.763,29.573,11.872
Groundnut,2008,Kharif     ,Nagaland,6.608000625296087,740,1540.9,11.569783944945623,4.213607983048918,0.964,19.763,29.573,11.872
Jowar,2008,Kharif     ,Nagaland,4.948759890378168,130,1540.9,9.90481666886956,2.6100697927420065,0.874,19.763,29.573,11.872
Jute,2008,Kharif     ,Nagaland,7.824445930877619,4520,1540.9,12.787173118698167,5.420534999272286,1.916,19.763,29.573,11.872
Linseed,2008,Rabi       ,Nagaland,8.643120748014027,4360,1540.9,13.606069941135916,6.236956502085953,0.739,19.763,29.573,11.872
Maize,2008,Rabi       ,Nagaland,7.0909098220799835,2160,1540.9,12.053206973060536,4.6913478822291435,1.91,19.763,29.573,11.872
Masoor,2008,Rabi       ,Nagaland,7.13966033596492,880,1540.9,12.101996859808871,4.739701078945697,0.705,19.763,29.573,11.872
Moong(Green Gram),2008,Kharif     ,Nagaland,5.993961427306569,250,1540.9,10.954606336009089,3.6109179126442243,0.562,19.763,29.573,11.872
Other  Rabi pulses,2008,Rabi       ,Nagaland,7.02197642307216,710,1540.9,11.98421451770509,4.623010104116422,0.623,19.763,29.573,11.872
Other Kharif pulses,2008,Kharif     ,Nagaland,7.244941546337007,1260,1540.9,12.207356820624268,4.844187086458591,0.878,19.763,29.573,11.872
Peas & beans (Pulses),2008,Kharif     ,Nagaland,7.669028288589683,2990,1540.9,12.631688686282239,5.265794174842477,1.39,19.763,29.573,11.872
Peas & beans (Pulses),2008,Rabi       ,Nagaland,8.76732914779405,8860,1540.9,13.730298797057443,6.360956994757329,1.356,19.763,29.573,11.872
Rapeseed &Mustard,2008,Rabi       ,Nagaland,10.189455656983572,26620,1540.9,15.152542665998293,7.7818897933229,0.995,19.763,29.573,11.872
Sesamum,2008,Kharif     ,Nagaland,8.476579508530941,2880,1540.9,13.439496964789178,6.07073772800249,0.575,19.763,29.573,11.872
Small millets,2008,Kharif     ,Nagaland,9.386056829718001,11340,1540.9,14.349097838541978,6.978959037988469,0.943,19.763,29.573,11.872
Soyabean,2008,Kharif     ,Nagaland,10.10524402196869,36680,1540.9,15.068327753560755,7.697711515470143,1.512,19.763,29.573,11.872
Sunflower,2008,Kharif     ,Nagaland,5.707110264748875,240,1540.9,10.66693008931473,3.332204510175204,0.797,19.763,29.573,11.872
Urad,2008,Rabi       ,Nagaland,5.564520407322694,180,1540.9,10.523832830738677,3.1945831322991562,0.714,19.763,29.573,11.872
Wheat,2008,Rabi       ,Nagaland,7.2305631534092925,2070,1540.9,12.192968155542937,4.829912458665998,1.502,19.763,29.573,11.872
Arhar/Tur,2008,Kharif     ,Punjab,8.682877107057168,5700,691.3,13.645833126242287,6.2766434893416445,0.965,24.596,36.861,13.698
Bajra,2008,Kharif     ,Punjab,8.517393171418904,5000,691.3,13.480318901050754,6.111467339502679,1.0,24.596,36.861,13.698
Barley,2008,Rabi       ,Punjab,9.680406499268875,55000,691.3,14.643468749587743,7.273092595999522,3.4,24.596,36.861,13.698
Gram,2008,Rabi       ,Punjab,7.972810784121404,3400,691.3,12.935592738104262,5.568344503761097,1.138,24.596,36.861,13.698
Groundnut,2008,Kharif     ,Punjab,7.901377353792616,2500,691.3,12.864133952692589,5.497168225293202,0.877,24.596,36.861,13.698
Guar seed,2008,Kharif     ,Punjab,10.236417809461043,22200,691.3,15.19950652980995,7.828834527588089,0.985,24.596,36.861,13.698
Jowar,2008,Kharif     ,Punjab,4.61512051684126,100,691.3,9.56836440548421,2.302585092994046,1.0,24.596,36.861,13.698
Linseed,2008,Rabi       ,Punjab,4.61512051684126,100,691.3,9.56836440548421,2.302585092994046,1.0,24.596,36.861,13.698
Masoor,2008,Rabi       ,Punjab,7.00397413672268,600,691.3,11.966196125692791,4.605170185988092,0.693,24.596,36.861,13.698
Moong(Green Gram),2008,Kharif     ,Punjab,9.093918908958932,7900,691.3,14.056931652656527,6.687108607866515,0.901,24.596,36.861,13.698
Peas & beans (Pulses),2008,Rabi       ,Punjab,7.601402334583733,2300,691.3,12.564030266486904,5.198497031265826,0.964,24.596,36.861,13.698
Rapeseed &Mustard,2008,Rabi       ,Punjab,10.203629181337648,33000,691.3,15.166716715339469,7.796057974316123,1.161,24.596,36.861,13.698
Sesamum,2008,Kharif     ,Punjab,9.024131268455035,2800,691.3,13.987135947504894,6.617402977974478,0.278,24.596,36.861,13.698
Urad,2008,Kharif     ,Punjab,7.972810784121404,1400,691.3,12.935592738104262,5.568344503761097,0.491,24.596,36.861,13.698
Arhar/Tur,2008,Kharif     ,Tripura,6.8966943316227125,719,1827.8,11.858814085111048,4.498920386145381,0.732,24.522,33.332,16.725
Cotton(lint),2008,Kharif     ,Tripura,6.877296071497429,1424,1827.8,11.839396137997328,4.479720335270676,1.435,24.522,33.332,16.725
Gram,2008,Rabi       ,Tripura,4.5217885770490405,88,1827.8,9.47406063973244,2.2181159363675955,1.02,24.522,33.332,16.725
Groundnut,2008,Kharif     ,Tripura,5.676753802268282,312,1827.8,10.63647160253992,3.3028492586443794,1.132,24.522,33.332,16.725
Groundnut,2008,Rabi       ,Tripura,5.278114659230517,228,1827.8,10.236159720892218,2.920469789053444,1.182,24.522,33.332,16.725
Maize,2008,Kharif     ,Tripura,7.646831391430482,2046,1827.8,12.609481374071766,5.243702773274814,0.99,24.522,33.332,16.725
Masoor,2008,Rabi       ,Tripura,5.8664680569332965,268,1827.8,10.826775347767706,3.486763269991802,0.82,24.522,33.332,16.725
Moong(Green Gram),2008,Kharif     ,Tripura,5.966146739123692,204,1827.8,10.926721626736796,3.583796677660784,0.52,24.522,33.332,16.725
Moong(Green Gram),2008,Rabi       ,Tripura,5.389071729816501,135,1827.8,10.34765144274346,3.026261478588814,0.635,24.522,33.332,16.725
Other  Rabi pulses,2008,Rabi       ,Tripura,6.839476438228843,843,1827.8,11.80153700533285,4.44229825301545,0.86,24.522,33.332,16.725
Other Kharif pulses,2008,Kharif     ,Tripura,7.069023426578259,743,1827.8,12.031302266694539,4.669646205172456,0.65,24.522,33.332,16.725
Peas & beans (Pulses),2008,Rabi       ,Tripura,6.396929655216146,494,1827.8,11.358397580676977,4.005695481290781,0.868,24.522,33.332,16.725
Rapeseed &Mustard,2008,Rabi       ,Tripura,7.370860166536716,1190,1827.8,12.333359355647943,4.969257589642278,0.735,24.522,33.332,16.725
Sesamum,2008,Kharif     ,Tripura,7.239214973779806,780,1827.8,12.201626174614036,4.838501663689791,0.558,24.522,33.332,16.725
Urad,2008,Kharif     ,Tripura,6.57507584059962,462,1827.8,11.536814242376526,4.181133692294492,0.645,24.522,33.332,16.725
Urad,2008,Rabi       ,Tripura,5.820082930352362,227,1827.8,10.780256277872708,3.441699324971485,0.642,24.522,33.332,16.725
Wheat,2008,Rabi       ,Tripura,6.455198563340122,1195,1827.8,11.41676031978714,4.063025878964673,1.905,24.522,33.332,16.725
Coriander,2008,Rabi       ,Uttar Pradesh,8.641709066113805,3380,891.6,13.604658011828088,6.235547334435847,0.611,25.014,35.599,14.863
Cotton(lint),2008,Kharif     ,Uttar Pradesh,8.176672771948455,781,891.6,13.13951787404454,5.771565725958661,0.231,25.014,35.599,14.863
Dry chillies,2008,Kharif     ,Uttar Pradesh,9.610390847382849,14873,891.6,14.573448596572154,7.203122743009906,0.999,25.014,35.599,14.863
Guar seed,2008,Kharif     ,Uttar Pradesh,7.8083230503910555,2066,891.6,12.77104378223841,5.404477562376427,0.844,25.014,35.599,14.863
Linseed,2008,Rabi       ,Uttar Pradesh,10.34051592510041,13932,891.6,15.303608164150681,7.932896828317993,0.443,25.014,35.599,14.863
Maize,2008,Rabi       ,Uttar Pradesh,8.193676665955241,9495,891.6,13.156526476206912,5.788521828109534,2.646,25.014,35.599,14.863
Maize,2008,Summer     ,Uttar Pradesh,10.145374346667474,38106,891.6,15.108459674529525,7.7378255937027145,1.506,25.014,35.599,14.863
Moong(Green Gram),2008,Kharif     ,Uttar Pradesh,10.326104719461858,11286,891.6,15.289196492956465,7.918490361393158,0.382,25.014,35.599,14.863
Moong(Green Gram),2008,Summer     ,Uttar Pradesh,10.424511001278566,25174,891.6,15.387605824252699,8.016865603271249,0.727,25.014,35.599,14.863
Rice,2008,Summer     ,Uttar Pradesh,9.981466593852717,45666,891.6,14.944544978363128,7.573988506601033,2.095,25.014,35.599,14.863
Sannhamp,2008,Kharif     ,Uttar Pradesh,7.969011781106478,925,891.6,12.931792431774788,5.564558720764969,0.392,25.014,35.599,14.863
Small millets,2008,Kharif     ,Uttar Pradesh,9.516500665673737,8384,891.6,14.479551862296201,7.109299229409796,0.622,25.014,35.599,14.863
Soyabean,2008,Kharif     ,Uttar Pradesh,9.268609280100158,9104,891.6,14.231639907047624,6.861617095202087,0.838,25.014,35.599,14.863
Sunflower,2008,Summer     ,Uttar Pradesh,9.11679862756782,16995,891.6,14.079813895060846,6.709962660103597,1.915,25.014,35.599,14.863
Tobacco,2008,Summer     ,Uttar Pradesh,6.304448802421981,1240,891.6,11.26575609121168,3.914819092730147,2.239,25.014,35.599,14.863
Arhar/Tur,2008,Kharif     ,Uttarakhand,7.776535028185241,1710,1363.7,12.739242722238256,5.372821688716142,0.72,18.483,28.317,10.285
Bajra,2008,Kharif     ,Uttarakhand,3.044522437723423,19,1363.7,7.9592060764726345,1.0296194171811581,0.95,18.483,28.317,10.285
Barley,2008,Rabi       ,Uttarakhand,10.025572433086365,19351,1363.7,14.988652799263628,7.618074178050402,0.982,18.483,28.317,10.285
Gram,2008,Rabi       ,Uttarakhand,6.52795791762255,326,1363.7,11.489629406743688,4.134686441505479,0.31,18.483,28.317,10.285
Groundnut,2008,Kharif     ,Uttarakhand,7.212294468500341,1795,1363.7,12.174686204173263,4.811777768662202,1.043,18.483,28.317,10.285
Horse-gram,2008,Kharif     ,Uttarakhand,9.162409838218633,7419,1363.7,14.125429967869167,6.755524421782198,0.749,18.483,28.317,10.285
Maize,2008,Kharif     ,Uttarakhand,10.195447959847472,36287,1363.7,15.15853519172528,7.7878798278722305,1.198,18.483,28.317,10.285
Maize,2008,Summer     ,Uttarakhand,4.532599493153256,150,1363.7,9.484988875276892,2.2278615467981093,1.53,18.483,28.317,10.285
Masoor,2008,Rabi       ,Uttarakhand,9.304559047215164,3992,1363.7,14.267592982428008,6.897533211211837,0.385,18.483,28.317,10.285
Moong(Green Gram),2008,Kharif     ,Uttarakhand,4.04305126783455,25,1363.7,8.988600834573,1.7984040119467235,0.403,18.483,28.317,10.285
Moth,2008,Kharif     ,Uttarakhand,5.840641657373398,120,1363.7,10.800875140457643,3.461665128429245,0.35,18.483,28.317,10.285
Other  Rabi pulses,2008,Rabi       ,Uttarakhand,5.308267697401205,90,1363.7,10.266464000229941,2.949164637737656,0.362,18.483,28.317,10.285
Other Cereals,2008,Rabi       ,Uttarakhand,6.906754778648554,789,1363.7,11.86888459277371,4.508879525669805,0.822,18.483,28.317,10.285
Other Kharif pulses,2008,Kharif     ,Uttarakhand,9.316590491818841,8532,1363.7,14.279625507921258,6.909553660923517,1.675,18.483,28.317,10.285
Peas & beans (Pulses),2008,Rabi       ,Uttarakhand,8.165363632473982,1504,1363.7,13.12820555858195,5.7602888240965076,0.373,18.483,28.317,10.285
Rapeseed &Mustard,2008,Rabi       ,Uttarakhand,9.396985900250192,7906,1363.7,14.36002781457453,6.989878896982287,0.44,18.483,28.317,10.285
Rice,2008,Summer     ,Uttarakhand,9.445807672979225,39797,1363.7,14.408853513609474,7.038660726829598,3.1,18.483,28.317,10.285
Sesamum,2008,Kharif     ,Uttarakhand,7.709308333385869,478,1363.7,12.671987050282292,5.305888632044355,0.212,18.483,28.317,10.285
Soyabean,2008,Kharif     ,Uttarakhand,9.02749867993534,10133,1363.7,13.990503761183088,6.620766299619174,1.042,18.483,28.317,10.285
Sunflower,2008,Kharif     ,Uttarakhand,3.6375861597263857,35,1363.7,8.574231153557728,1.4655675420143985,0.95,18.483,28.317,10.285
Tobacco,2008,Whole Year ,Uttarakhand,2.4849066497880004,39,1363.7,7.361654932479314,0.688134638736401,3.4,18.483,28.317,10.285
Turmeric,2008,Whole Year ,Uttarakhand,5.375278407684165,433,1363.7,10.333794855542608,3.013080911888604,2.057,18.483,28.317,10.285
Urad,2008,Kharif     ,Uttarakhand,9.4053313318708,8916,1363.7,14.368373931001129,6.998217362097996,0.662,18.483,28.317,10.285
Urad,2008,Summer     ,Uttarakhand,5.318119993844216,129,1363.7,10.276364728551108,2.958549482426275,0.76,18.483,28.317,10.285
other oilseeds,2008,Kharif     ,Uttarakhand,6.042632833682381,215,1363.7,11.003395667924691,3.6584202466292277,0.625,18.483,28.317,10.285
other oilseeds,2008,Rabi       ,Uttarakhand,6.74993119378857,634,1363.7,11.71189205472322,4.353755752706852,0.7,18.483,28.317,10.285
Arhar/Tur,2008,Rabi       ,Jharkhand,9.740782723407147,24337,1295.2,14.703848610139262,7.333432081034108,1.465,23.004,33.314,13.688
Arhar/Tur,2008,Winter     ,Jharkhand,6.802550306782355,1439,1295.2,11.764570840704208,4.405779781714412,1.132,23.004,33.314,13.688
Gram,2008,Rabi       ,Jharkhand,9.743177358455986,12398,1295.2,14.706243384930616,7.33582496759962,0.794,23.004,33.314,13.688
Ragi,2008,Autumn     ,Jharkhand,10.301247384435607,27189,1295.2,15.264338338927148,7.893641474081702,0.813,23.004,33.314,13.688
Rapeseed &Mustard,2008,Rabi       ,Jharkhand,9.240848238277032,6530,1295.2,14.20387622774659,6.833882663745188,0.766,23.004,33.314,13.688
Arhar/Tur,2009,Kharif     ,Bihar,10.204813620903147,36586,889.3,15.253478360706598,8.433037369808408,1.448,26.685,37.679,15.964
Bajra,2009,Kharif     ,Bihar,7.990238185720363,3279,889.3,13.038603044584528,6.21993389117754,1.101,26.685,37.679,15.964
Barley,2009,Rabi       ,Bihar,9.30273722124215,12421,889.3,14.351348122842051,7.531225425497865,1.281,26.685,37.679,15.964
Horse-gram,2009,Kharif     ,Bihar,9.30428598481871,10578,889.3,14.352897026623966,7.532773500489584,0.966,26.685,37.679,15.964
Jowar,2009,Kharif     ,Bihar,7.395107546562485,1687,889.3,12.443198546589327,5.626145204929048,1.031,26.685,37.679,15.964
Linseed,2009,Rabi       ,Bihar,10.030252353327626,19206,889.3,15.078910082909411,8.25851054148136,0.849,26.685,37.679,15.964
Moong(Green Gram),2009,Kharif     ,Bihar,9.03025631012242,5537,889.3,14.078838834545815,7.2588838703039835,0.677,26.685,37.679,15.964
Other  Rabi pulses,2009,Rabi       ,Bihar,7.855544677915663,1924,889.3,12.903860989211129,6.08547843254023,0.741,26.685,37.679,15.964
Other Kharif pulses,2009,Kharif     ,Bihar,7.374001859350161,1224,889.3,12.422079833468427,5.605103292798889,0.766,26.685,37.679,15.964
Peas & beans (Pulses),2009,Rabi       ,Bihar,9.900332580842827,19953,889.3,14.948984238403032,8.128620597978081,1.0,26.685,37.679,15.964
Ragi,2009,Kharif     ,Bihar,9.21283725217477,8062,889.3,14.261439631708,7.441367309437984,0.729,26.685,37.679,15.964
Sannhamp,2009,Kharif     ,Bihar,7.55171221535131,1551,889.3,12.599891734584874,5.782316352310308,0.828,26.685,37.679,15.964
Small millets,2009,Kharif     ,Bihar,8.046869510959576,2397,889.3,13.095252907150508,6.2764743020979585,0.781,26.685,37.679,15.964
Sunflower,2009,Rabi       ,Bihar,9.809396629136533,25575,889.3,14.858043542109193,8.03770795344995,1.395,26.685,37.679,15.964
Tobacco,2009,Whole Year ,Bihar,9.109525066737367,16878,889.3,14.158116658206978,7.33810810259808,1.897,26.685,37.679,15.964
Urad,2009,Kharif     ,Bihar,9.905784911584812,19845,889.3,14.954436840141971,8.13407159746252,0.992,26.685,37.679,15.964
Bajra,2009,Kharif     ,Chhattisgarh,4.2626798770413155,20,956.9,9.29728841362684,2.5572273113676265,0.208,27.163,37.735,16.645
Barley,2009,Rabi       ,Chhattisgarh,8.013012110368916,2310,956.9,13.061384550364629,6.242670636187075,0.644,27.163,37.735,16.645
Castor seed,2009,Kharif     ,Chhattisgarh,4.174387269895637,18,956.9,9.207684849194527,2.474856313934499,0.199,27.163,37.735,16.645
Coriander,2009,Whole Year ,Chhattisgarh,8.054204897064407,858,956.9,13.102590618462086,6.283798283774815,0.227,27.163,37.735,16.645
Cotton(lint),2009,Whole Year ,Chhattisgarh,2.9444389791664403,0,956.9,7.939429725999432,1.4011829736136414,0.0,27.163,37.735,16.645
Dry chillies,2009,Whole Year ,Chhattisgarh,8.713582005421628,4251,956.9,13.762120203123779,6.942427200513414,0.645,27.163,37.735,16.645
Garlic,2009,Whole Year ,Chhattisgarh,6.898714534329988,2519,956.9,11.946412920496604,5.13167228913909,2.681,27.163,37.735,16.645
Ginger,2009,Whole Year ,Chhattisgarh,7.484930283289661,1780,956.9,12.533073743610098,5.715711045521475,0.828,27.163,37.735,16.645
Groundnut,2009,Kharif     ,Chhattisgarh,10.329278027105538,45057,956.9,15.377947068439484,8.55748064309392,1.331,27.163,37.735,16.645
Horse-gram,2009,Rabi       ,Chhattisgarh,7.682482446534506,564,956.9,12.730725964536369,5.912773009526202,0.248,27.163,37.735,16.645
Jowar,2009,Kharif     ,Chhattisgarh,8.639056779173078,6868,956.9,13.687582341047614,6.867964003088888,1.281,27.163,37.735,16.645
Jute,2009,Kharif     ,Chhattisgarh,5.43372200355424,0,956.9,10.478075271098753,3.6828613817883733,0.0,27.163,37.735,16.645
Masoor,2009,Rabi       ,Chhattisgarh,9.658545633760506,4797,956.9,14.707183659236838,7.886900615001122,0.311,27.163,37.735,16.645
Mesta,2009,Kharif     ,Chhattisgarh,7.13966033596492,2172,956.9,12.187573588217331,5.371567828287629,2.002,27.163,37.735,16.645
Moong(Green Gram),2009,Kharif     ,Chhattisgarh,9.151651375627504,2343,956.9,14.200247500998278,7.380212146576413,0.241,27.163,37.735,16.645
Moong(Green Gram),2009,Rabi       ,Chhattisgarh,8.866440619526173,1597,956.9,13.915001966055867,7.095172165839262,0.204,27.163,37.735,16.645
Other  Rabi pulses,2009,Rabi       ,Chhattisgarh,7.537962659768208,252,956.9,12.586134950589079,5.768602206250405,0.464,27.163,37.735,16.645
Other Kharif pulses,2009,Kharif     ,Chhattisgarh,8.847934753328465,1596,956.9,13.896493481957426,7.076679152960791,0.225,27.163,37.735,16.645
Peas & beans (Pulses),2009,Rabi       ,Chhattisgarh,9.60008251961911,5062,956.9,14.648716723734308,7.82845627134484,0.312,27.163,37.735,16.645
Ragi,2009,Kharif     ,Chhattisgarh,9.09268232850795,2202,956.9,14.141272053122009,7.321274531879489,0.208,27.163,37.735,16.645
Safflower,2009,Rabi       ,Chhattisgarh,6.742880635791903,241,956.9,11.790409766458062,4.976664774525102,0.274,27.163,37.735,16.645
Sannhamp,2009,Whole Year ,Chhattisgarh,7.334981878871814,487,956.9,12.383035034268499,5.566204811671638,0.275,27.163,37.735,16.645
Sesamum,2009,Kharif     ,Chhattisgarh,9.883386880829125,8647,956.9,14.932037686642934,8.111679082107534,0.458,27.163,37.735,16.645
Sugarcane,2009,Whole Year ,Chhattisgarh,8.823058934301647,35356,956.9,13.871614066698545,7.051820990321559,3.389,27.163,37.735,16.645
Sunflower,2009,Kharif     ,Chhattisgarh,8.41715183723601,589,956.9,13.465633683274397,6.646273624899482,0.305,27.163,37.735,16.645
Tobacco,2009,Whole Year ,Chhattisgarh,3.1354942159291497,11,956.9,8.140035617603399,1.556037135706985,0.39,27.163,37.735,16.645
Turmeric,2009,Whole Year ,Chhattisgarh,6.810142450115136,766,956.9,11.857747884432086,5.043554140853366,0.757,27.163,37.735,16.645
Urad,2009,Rabi       ,Chhattisgarh,8.414717399827001,1135,956.9,13.46319871043363,6.643841815124715,0.242,27.163,37.735,16.645
Dry chillies,2009,Whole Year ,Gujarat,9.105090961257085,8500,618.0,14.153682064294303,7.333676395657684,0.971,27.588,39.623,17.529
Moth,2009,Kharif     ,Gujarat,10.021315031649332,5800,618.0,15.069972368324578,8.249575150000199,0.348,27.588,39.623,17.529
Other  Rabi pulses,2009,Rabi       ,Gujarat,9.961803629358965,15600,618.0,15.010458258282648,8.190077049719049,0.704,27.588,39.623,17.529
Other Cereals,2009,Kharif     ,Gujarat,10.177362240256695,15900,618.0,15.226025957086081,8.405591014834934,0.686,27.588,39.623,17.529
Other Cereals,2009,Rabi       ,Gujarat,9.55400099583723,18100,618.0,14.602632026422159,7.7823903355874595,1.191,27.588,39.623,17.529
Other Kharif pulses,2009,Kharif     ,Gujarat,10.305647203635566,21900,618.0,15.354315468918973,8.533853632309345,0.765,27.588,39.623,17.529
Ragi,2009,Kharif     ,Gujarat,9.595670797663967,11000,618.0,14.64430470424505,7.824046010856292,0.758,27.588,39.623,17.529
Rice,2009,Summer     ,Gujarat,9.952325334619427,64600,618.0,15.00097951721115,8.18060094759445,3.034,27.588,39.623,17.529
Arhar/Tur,2009,Kharif     ,Haryana,9.896160777149667,21600,393.0,14.944812226358763,8.12444981779677,0.742,26.518,39.049,14.636
Castor seed,2009,Kharif     ,Haryana,6.920671504248683,1100,393.0,11.968391686292668,5.153522781644804,0.965,26.518,39.049,14.636
Coriander,2009,Whole Year ,Haryana,5.937536205082426,600,393.0,10.983612668318399,4.178379291165174,0.564,26.518,39.049,14.636
Dry chillies,2009,Whole Year ,Haryana,6.812345094177479,1400,393.0,11.859952941388062,5.045745004543015,0.824,26.518,39.049,14.636
Groundnut,2009,Kharif     ,Haryana,7.455876687491824,1600,393.0,12.50400369235552,5.686738040046943,0.582,26.518,39.049,14.636
Horse-gram,2009,Kharif     ,Haryana,6.07993319509559,100,393.0,11.126358457550307,4.319086834900007,0.09,26.518,39.049,14.636
Maize,2009,Kharif     ,Haryana,9.409191230721348,26000,393.0,14.457811281132253,7.637634501597697,0.941,26.518,39.049,14.636
Masoor,2009,Rabi       ,Haryana,8.443977129084978,3600,393.0,13.492464789562591,6.673070381821368,0.748,26.518,39.049,14.636
Moong(Green Gram),2009,Kharif     ,Haryana,9.60911649193355,6600,393.0,14.657751301234399,7.837487271022086,0.236,26.518,39.049,14.636
Moth,2009,Kharif     ,Haryana,7.933796874815411,700,393.0,12.982142183589369,6.163588450800476,0.193,26.518,39.049,14.636
Peas & beans (Pulses),2009,Rabi       ,Haryana,7.409741954080923,1600,393.0,12.457841825951206,5.640736172938566,0.587,26.518,39.049,14.636
Sesamum,2009,Kharif     ,Haryana,8.003363058629947,1200,393.0,13.051732307660192,6.233037233890559,0.206,26.518,39.049,14.636
Sunflower,2009,Rabi       ,Haryana,8.730690365678642,11100,393.0,13.779231333587958,6.9595219613039365,1.67,26.518,39.049,14.636
Urad,2009,Kharif     ,Haryana,7.994632311431825,1100,393.0,13.042998646519248,6.224320777275984,0.259,26.518,39.049,14.636
Arhar/Tur,2009,Kharif     ,Himachal Pradesh,2.5649493574615367,3,969.9,7.534142806850438,1.1118575154181303,0.4,21.636,32.827,11.877
Bajra,2009,Kharif     ,Himachal Pradesh,5.365976015021851,106,969.9,10.41002379002399,3.6165775423585313,0.584,21.636,32.827,11.877
Barley,2009,Rabi       ,Himachal Pradesh,9.953134492425542,16176,969.9,15.001788713285809,8.181409917405771,0.785,21.636,32.827,11.877
Coriander,2009,Rabi       ,Himachal Pradesh,4.795790545596741,66,969.9,9.836246716766428,3.0633909220278057,0.608,21.636,32.827,11.877
Cotton(lint),2009,Kharif     ,Himachal Pradesh,2.1972245773362196,2,969.9,7.128944922661474,0.8586616190375187,0.335,21.636,32.827,11.877
Dry chillies,2009,Kharif     ,Himachal Pradesh,6.403574197934815,318,969.9,11.450629334461164,4.639668226395659,0.545,21.636,32.827,11.877
Garlic,2009,Rabi       ,Himachal Pradesh,8.488999457045455,8491,969.9,13.537496532302841,6.718046503754165,1.673,21.636,32.827,11.877
Gram,2009,Rabi       ,Himachal Pradesh,6.405228458030842,308,969.9,11.452286318048305,4.641309232603964,0.398,21.636,32.827,11.877
Groundnut,2009,Kharif     ,Himachal Pradesh,5.278114659230517,129,969.9,10.321733964009026,3.530762586016799,0.662,21.636,32.827,11.877
Horse-gram,2009,Kharif     ,Himachal Pradesh,7.603897968521881,599,969.9,12.65210403546689,5.834372044359803,0.306,21.636,32.827,11.877
Linseed,2009,Rabi       ,Himachal Pradesh,7.255591274253665,355,969.9,12.30359084041952,5.4870764910004155,0.255,21.636,32.827,11.877
Masoor,2009,Rabi       ,Himachal Pradesh,6.558197802812269,274,969.9,11.605488967015516,4.793142414290861,0.664,21.636,32.827,11.877
Moong(Green Gram),2009,Kharif     ,Himachal Pradesh,5.420534999272286,104,969.9,10.464830419639934,3.6699514442284173,0.367,21.636,32.827,11.877
Other Kharif pulses,2009,Kharif     ,Himachal Pradesh,8.851233902846035,3708,969.9,13.899793101739629,7.079975993596662,0.516,21.636,32.827,11.877
Peas & beans (Pulses),2009,Kharif     ,Himachal Pradesh,6.706862336602747,748,969.9,11.754348444886581,4.940856399488339,0.97,21.636,32.827,11.877
Peas & beans (Pulses),2009,Rabi       ,Himachal Pradesh,9.018089684104343,10245,969.9,14.066670752129488,7.246724395801937,1.334,21.636,32.827,11.877
Ragi,2009,Kharif     ,Himachal Pradesh,7.700295203420117,2104,969.9,12.748546808845022,5.930546132138565,0.779,21.636,32.827,11.877
Rapeseed &Mustard,2009,Rabi       ,Himachal Pradesh,9.058004710672485,2329,969.9,14.106590491143427,7.286616282095136,0.341,21.636,32.827,11.877
Sesamum,2009,Kharif     ,Himachal Pradesh,7.928045600874777,233,969.9,12.97638885485458,6.157847252600428,0.084,21.636,32.827,11.877
Small millets,2009,Kharif     ,Himachal Pradesh,8.504715669905124,1771,969.9,13.553215933071892,6.733747070351638,0.367,21.636,32.827,11.877
Soyabean,2009,Kharif     ,Himachal Pradesh,6.311734809152915,430,969.9,11.358631441536433,4.548599834499697,0.774,21.636,32.827,11.877
Turmeric,2009,Kharif     ,Himachal Pradesh,5.272999558563747,110,969.9,10.316592734147772,3.525772116243786,0.562,21.636,32.827,11.877
Urad,2009,Kharif     ,Himachal Pradesh,9.211140052146748,1982,969.9,14.25974226331018,7.439670936275281,0.285,21.636,32.827,11.877
Castor seed,2009,Kharif     ,Maharashtra,8.81001204797317,1500,1002.4,13.858565258141223,7.038783541388542,0.195,26.138,36.578,16.054
Maize,2009,Summer     ,Maharashtra,9.908524844053396,30200,1002.4,14.957176908236466,8.136810863675537,1.348,26.138,36.578,16.054
Rapeseed &Mustard,2009,Rabi       ,Maharashtra,8.665785595466064,2240,1002.4,13.714315797929956,6.894670039433482,0.493,26.138,36.578,16.054
Rice,2009,Summer     ,Maharashtra,9.933094897288786,47700,1002.4,14.981748161217297,8.161375023197486,2.251,26.138,36.578,16.054
Sesamum,2009,Rabi       ,Maharashtra,7.824445930877619,500,1002.4,12.87275007282027,6.054439346269371,0.104,26.138,36.578,16.054
Small millets,2009,Rabi       ,Maharashtra,8.575650760987806,2800,1002.4,13.624164805321703,6.804614520062624,0.59,26.138,36.578,16.054
Sunflower,2009,Summer     ,Maharashtra,8.537191877922927,5400,1002.4,13.585698571979318,6.7661917146603505,0.889,26.138,36.578,16.054
Arhar/Tur,2009,Kharif     ,Manipur,5.1298987149230735,149,992.5,10.172703673941857,3.386422096080001,0.779,21.547,31.198,13.672
Cowpea(Lobia),2009,Kharif     ,Manipur,5.225746673713202,157,992.5,10.269092009440994,3.479700443150099,0.762,21.547,31.198,13.672
Gram,2009,Rabi       ,Manipur,7.522400231387125,1584,992.5,12.570564219858811,5.753080446377488,0.818,21.547,31.198,13.672
Groundnut,2009,Kharif     ,Manipur,6.16541785423142,280,992.5,11.212029809712197,4.403665809777363,0.522,21.547,31.198,13.672
Maize,2009,Kharif     ,Manipur,9.814710982145282,33950,992.5,14.863358184424042,8.043020885298283,1.706,21.547,31.198,13.672
Maize,2009,Rabi       ,Manipur,9.510519035757246,23170,992.5,14.559146934711446,7.738923757439457,1.673,21.547,31.198,13.672
Masoor,2009,Rabi       ,Manipur,7.254177846456518,1195,992.5,12.302176419446285,5.485667923363432,0.812,21.547,31.198,13.672
Moong(Green Gram),2009,Kharif     ,Manipur,5.25227342804663,155,992.5,10.295759343658048,3.505557396986398,0.719,21.547,31.198,13.672
Other  Rabi pulses,2009,Rabi       ,Manipur,9.104312967330653,7851,992.5,14.152903984445507,7.3328988236685975,0.818,21.547,31.198,13.672
Other Kharif pulses,2009,Kharif     ,Manipur,5.659482215759621,250,992.5,10.704715744846345,3.9043939782636548,0.731,21.547,31.198,13.672
Soyabean,2009,Kharif     ,Manipur,6.338594078203183,340,992.5,11.385538584677395,4.57522630961502,0.543,21.547,31.198,13.672
Urad,2009,Kharif     ,Manipur,5.8916442118257715,297,992.5,10.937597230532988,4.1330843905380314,0.707,21.547,31.198,13.672
Wheat,2009,Rabi       ,Manipur,9.392745258631441,25050,992.5,14.441363958477824,7.621195162809845,2.073,21.547,31.198,13.672
Arhar/Tur,2009,Kharif     ,Nagaland,8.006700845440367,2110,1225.9,13.055071201771138,6.236369590203704,0.699,20.133,30.013,12.065
Bajra,2009,Kharif     ,Nagaland,6.90875477931522,690,1225.9,11.95646319152566,5.14166355650266,0.688,20.133,30.013,12.065
Barley,2009,Rabi       ,Nagaland,6.2166061010848646,700,1225.9,11.26332242856534,4.454347296253507,1.449,20.133,30.013,12.065
Castor seed,2009,Kharif     ,Nagaland,6.478509642208569,330,1225.9,11.525683731068892,4.7140245909001735,0.496,20.133,30.013,12.065
Cotton(lint),2009,Kharif     ,Nagaland,4.51085950651685,40,1225.9,9.548582470039664,2.791165107812717,0.465,20.133,30.013,12.065
Gram,2009,Rabi       ,Nagaland,6.3473892096560105,400,1225.9,11.39434911472302,4.583946549536464,0.741,20.133,30.013,12.065
Groundnut,2009,Kharif     ,Nagaland,6.55250788703459,550,1225.9,11.59979099799181,4.787491742782046,0.754,20.133,30.013,12.065
Jowar,2009,Kharif     ,Nagaland,5.484796933490655,100,1225.9,10.52936715814304,3.7328963395307104,0.412,20.133,30.013,12.065
Jute,2009,Kharif     ,Nagaland,7.1316985104669115,1960,1225.9,12.179605459315002,5.363636832668679,1.554,20.133,30.013,12.065
Linseed,2009,Rabi       ,Nagaland,9.455714972131714,8800,1225.9,14.504338724998542,7.6841400581121375,0.688,20.133,30.013,12.065
Maize,2009,Rabi       ,Nagaland,8.517393171418904,7500,1225.9,13.565895969850407,6.7464121285733745,1.51,20.133,30.013,12.065
Masoor,2009,Rabi       ,Nagaland,7.555381944240273,1360,1225.9,12.603563375969891,5.785976712282188,0.711,20.133,30.013,12.065
Mesta,2009,Kharif     ,Nagaland,7.601402334583733,2000,1225.9,12.649607163270348,5.831882477283517,0.978,20.133,30.013,12.065
Moong(Green Gram),2009,Kharif     ,Nagaland,6.431331081933479,560,1225.9,11.478431323955059,4.667205576907544,0.897,20.133,30.013,12.065
Peas & beans (Pulses),2009,Kharif     ,Nagaland,7.62608275807238,2250,1225.9,12.674299697596805,5.856503561673865,1.096,20.133,30.013,12.065
Peas & beans (Pulses),2009,Rabi       ,Nagaland,8.824824939175638,6800,1225.9,13.8733803298402,7.053585727193677,0.998,20.133,30.013,12.065
Ragi,2009,Kharif     ,Nagaland,5.860786223465865,240,1225.9,10.906652985393507,4.102643365036796,0.664,20.133,30.013,12.065
Sesamum,2009,Kharif     ,Nagaland,8.006700845440367,1520,1225.9,13.055071201771138,6.236369590203704,0.515,20.133,30.013,12.065
Small millets,2009,Kharif     ,Nagaland,9.174816815907135,3460,1225.9,14.223415354278155,7.403365736941647,0.358,20.133,30.013,12.065
Soyabean,2009,Kharif     ,Nagaland,10.095800693457734,25010,1225.9,15.144461199840936,8.324045240137409,1.031,20.133,30.013,12.065
Sunflower,2009,Kharif     ,Nagaland,5.303304908059076,120,1225.9,10.34705094924295,3.5553480614894135,0.57,20.133,30.013,12.065
Sunflower,2009,Rabi       ,Nagaland,7.518064181233078,1650,1225.9,12.56622583335912,5.748755840298932,0.876,20.133,30.013,12.065
Urad,2009,Kharif     ,Nagaland,5.707110264748875,200,1225.9,10.752505361534784,3.9512437185814275,0.604,20.133,30.013,12.065
Urad,2009,Rabi       ,Nagaland,6.154858094016418,350,1225.9,11.201447844112325,4.393213824064446,0.707,20.133,30.013,12.065
Wheat,2009,Rabi       ,Nagaland,7.606387389772652,2410,1225.9,12.654594688817106,5.836855428880563,1.199,20.133,30.013,12.065
Arhar/Tur,2009,Kharif     ,Punjab,8.434028950155469,4400,371.3,13.482514472522709,6.663132695990803,0.989,25.995,38.607,14.341
Bajra,2009,Kharif     ,Punjab,8.006700845440367,4000,371.3,13.055071201771138,6.236369590203704,1.333,25.995,38.607,14.341
Barley,2009,Rabi       ,Punjab,9.546884034617925,47000,371.3,14.59551456190439,7.7752758464868625,3.406,25.995,38.607,14.341
Gram,2009,Rabi       ,Punjab,8.006700845440367,3400,371.3,13.055071201771138,6.236369590203704,1.156,25.995,38.607,14.341
Groundnut,2009,Kharif     ,Punjab,7.824445930877619,3100,371.3,12.87275007282027,6.054439346269371,1.308,25.995,38.607,14.341
Guar seed,2009,Kharif     ,Punjab,9.989711119284745,16800,371.3,15.038367038067987,8.217978203150732,0.912,25.995,38.607,14.341
Jowar,2009,Kharif     ,Punjab,4.61512051684126,100,371.3,9.653935855445614,2.8903717578961645,1.0,25.995,38.607,14.341
Masoor,2009,Rabi       ,Punjab,7.00397413672268,700,371.3,12.051772787909796,5.236441962829949,0.734,25.995,38.607,14.341
Moong(Green Gram),2009,Kharif     ,Punjab,8.853808274977197,6400,371.3,13.902367839748514,7.0825485693553,0.942,25.995,38.607,14.341
Peas & beans (Pulses),2009,Rabi       ,Punjab,7.3783837129967145,1800,371.3,12.426464414160918,5.60947179518496,1.071,25.995,38.607,14.341
Rapeseed &Mustard,2009,Rabi       ,Punjab,10.308985993422082,39000,371.3,15.357654369469028,8.537191877922927,1.267,25.995,38.607,14.341
Sesamum,2009,Kharif     ,Punjab,8.853808274977197,2600,371.3,13.902367839748514,7.0825485693553,0.27,25.995,38.607,14.341
Urad,2009,Kharif     ,Punjab,7.937731775260109,1400,371.3,12.986078483085311,6.1675164908883415,0.49,25.995,38.607,14.341
Arhar/Tur,2009,Kharif     ,Tripura,6.895682697747868,716,2004.2,11.943378036504926,5.1286553387008365,0.725,24.989,33.345,17.223
Cotton(lint),2009,Kharif     ,Tripura,6.873163834212518,1437,2004.2,11.92083624664591,5.106248458299202,1.462,24.989,33.345,17.223
Gram,2009,Rabi       ,Tripura,4.804021044733257,91,2004.2,9.844545077616962,3.071303460401065,0.758,24.989,33.345,17.223
Groundnut,2009,Kharif     ,Tripura,5.4680601411351315,256,2004.2,10.512560493039112,3.7164946211469094,1.115,24.989,33.345,17.223
Groundnut,2009,Rabi       ,Tripura,5.236441962829949,208,2004.2,10.279844430213355,3.4901235908565567,1.128,24.989,33.345,17.223
Maize,2009,Kharif     ,Tripura,7.610357618312838,2030,2004.2,12.658566876020032,5.840816060768893,1.0,24.989,33.345,17.223
Masoor,2009,Rabi       ,Tripura,5.783825182329737,215,2004.2,10.8294648180958,4.0267792427263345,0.68,24.989,33.345,17.223
Moong(Green Gram),2009,Kharif     ,Tripura,5.988961416889864,222,2004.2,11.035169624834545,4.229166788029546,0.555,24.989,33.345,17.223
Moong(Green Gram),2009,Rabi       ,Tripura,5.442417710521793,131,2004.2,10.4868087063123,3.6913763343125234,0.562,24.989,33.345,17.223
Other  Rabi pulses,2009,Rabi       ,Tripura,6.939253946041508,887,2004.2,11.986992203596133,5.1720169104318625,0.878,24.989,33.345,17.223
Other Kharif pulses,2009,Kharif     ,Tripura,7.112327444710911,855,2004.2,12.160218846019266,5.344341804859316,0.72,24.989,33.345,17.223
Peas & beans (Pulses),2009,Rabi       ,Tripura,6.586171654854675,538,2004.2,11.633501751422353,4.8209265188682835,0.74,24.989,33.345,17.223
Rapeseed &Mustard,2009,Rabi       ,Tripura,7.310550158534422,1147,2004.2,12.358587273468387,5.54185160750998,0.75,24.989,33.345,17.223
Sesamum,2009,Kharif     ,Tripura,7.334981878871814,873,2004.2,12.383035034268499,5.566204811671638,0.565,24.989,33.345,17.223
Urad,2009,Kharif     ,Tripura,6.639875833826536,462,2004.2,11.687277684114324,4.8742808728544365,0.588,24.989,33.345,17.223
Urad,2009,Rabi       ,Tripura,5.786897381366708,204,2004.2,10.832546423687962,4.029806041084529,0.59,24.989,33.345,17.223
Wheat,2009,Rabi       ,Tripura,6.504288173536645,1323,2004.2,11.551501162453313,4.739613662537582,1.982,24.989,33.345,17.223
Coriander,2009,Rabi       ,Uttar Pradesh,8.773694146384443,3670,585.8,13.822241871752661,7.002492567442822,0.58,25.794,37.077,14.789
Cotton(lint),2009,Kharif     ,Uttar Pradesh,8.511577452630602,838,585.8,13.56007909201675,6.740602098500052,0.188,25.794,37.077,14.789
Dry chillies,2009,Kharif     ,Uttar Pradesh,9.610658925931467,13146,585.8,14.659293838014591,7.839029200158303,0.885,25.794,37.077,14.789
Ginger,2009,Kharif     ,Uttar Pradesh,6.668228248417403,2360,585.8,11.715666452262203,4.902455994582567,3.0,25.794,37.077,14.789
Guar seed,2009,Kharif     ,Uttar Pradesh,7.8399193600125825,2120,585.8,12.888229604237676,6.069882859242089,0.841,25.794,37.077,14.789
Maize,2009,Rabi       ,Uttar Pradesh,8.441822884391462,14162,585.8,13.49031008367145,6.670918400535925,3.032,25.794,37.077,14.789
Maize,2009,Summer     ,Uttar Pradesh,10.28322451207156,42540,585.8,15.331892023828326,8.511434642755558,1.463,25.794,37.077,14.789
Rice,2009,Summer     ,Uttar Pradesh,10.114396566181995,61514,585.8,15.163057827754358,8.34263740283729,2.13,25.794,37.077,14.789
Sannhamp,2009,Kharif     ,Uttar Pradesh,7.503289630675082,334,585.8,12.551443245453507,5.734020657716811,0.179,25.794,37.077,14.789
Small millets,2009,Kharif     ,Uttar Pradesh,8.846784666945227,3540,585.8,13.895343231274445,7.075529873246678,0.53,25.794,37.077,14.789
Soyabean,2009,Kharif     ,Uttar Pradesh,8.877660933593667,7563,585.8,13.926223843951362,7.106384801758894,1.047,25.794,37.077,14.789
Sunflower,2009,Summer     ,Uttar Pradesh,8.867004635333567,15597,585.8,13.915566060892406,7.09573579362777,2.122,25.794,37.077,14.789
Turmeric,2009,Rabi       ,Uttar Pradesh,7.182352111885263,4346,585.8,12.230298319853546,5.4140983995337475,3.283,25.794,37.077,14.789
Arhar/Tur,2009,Kharif     ,Uttarakhand,7.566311014772463,1320,847.8,12.614498100816851,5.796878082893955,0.629,19.5,29.846,10.562
Bajra,2009,Kharif     ,Uttarakhand,0.6931471805599453,1,847.8,5.055098650802776,0.15700374880966478,1.0,19.5,29.846,10.562
Barley,2009,Rabi       ,Uttarakhand,10.008162833474259,24831,847.8,15.056819585522618,8.236425823861534,1.226,19.5,29.846,10.562
Gram,2009,Rabi       ,Uttarakhand,6.270988431858299,381,847.8,11.317809933196857,4.508218659911641,0.665,19.5,29.846,10.562
Groundnut,2009,Kharif     ,Uttarakhand,7.222566018822171,1901,847.8,12.270542008026341,5.454166603010877,0.964,19.5,29.846,10.562
Horse-gram,2009,Kharif     ,Uttarakhand,9.163143937145207,5909,847.8,14.211741266612554,7.391698794961559,0.651,19.5,29.846,10.562
Maize,2009,Kharif     ,Uttarakhand,10.169843838273156,36088,847.8,15.218507269995966,8.398074013519242,1.236,19.5,29.846,10.562
Maize,2009,Rabi       ,Uttarakhand,4.1588830833596715,103,847.8,9.191938083747425,2.460443177609626,1.6,19.5,29.846,10.562
Masoor,2009,Rabi       ,Uttarakhand,9.286653054825347,6222,847.8,14.33526248745853,7.515148473523174,0.621,19.5,29.846,10.562
Moong(Green Gram),2009,Kharif     ,Uttarakhand,2.1972245773362196,6,847.8,7.128944922661474,0.8586616190375187,0.855,19.5,29.846,10.562
Moong(Green Gram),2009,Rabi       ,Uttarakhand,2.1972245773362196,6,847.8,7.128944922661474,0.8586616190375187,0.855,19.5,29.846,10.562
Moth,2009,Kharif     ,Uttarakhand,2.9444389791664403,7,847.8,7.939429725999432,1.4011829736136414,0.39,19.5,29.846,10.562
Other  Rabi pulses,2009,Rabi       ,Uttarakhand,5.10594547390058,121,847.8,10.148607054043003,3.3631493140246254,0.691,19.5,29.846,10.562
Other Cereals,2009,Kharif     ,Uttarakhand,8.234299635696253,1460,847.8,13.282737406246449,6.463637696242598,0.435,19.5,29.846,10.562
Other Cereals,2009,Rabi       ,Uttarakhand,5.700443573390687,288,847.8,10.745816516952749,3.9446837876676946,0.983,19.5,29.846,10.562
Other Kharif pulses,2009,Kharif     ,Uttarakhand,9.328656598794225,9662,847.8,14.377269818448749,7.557133418409376,0.849,19.5,29.846,10.562
Peas & beans (Pulses),2009,Rabi       ,Uttarakhand,8.61341204915678,5502,847.8,13.66193304051474,6.842341708433811,0.651,19.5,29.846,10.562
Rapeseed &Mustard,2009,Rabi       ,Uttarakhand,9.485013189834323,11013,847.8,14.533639187446141,7.713427250383926,0.625,19.5,29.846,10.562
Rice,2009,Rabi       ,Uttarakhand,9.530683226667511,39300,847.8,14.579312594815654,7.759080732003933,2.85,19.5,29.846,10.562
Sesamum,2009,Kharif     ,Uttarakhand,7.580699752224563,400,847.8,12.628894188830353,5.811230809302375,0.195,19.5,29.846,10.562
Soyabean,2009,Kharif     ,Uttarakhand,9.020510699691906,13660,847.8,14.069092058937246,7.249143981383168,1.19,19.5,29.846,10.562
Sunflower,2009,Kharif     ,Uttarakhand,1.791759469228055,6,847.8,6.659422116594268,0.6151856390902334,1.2,19.5,29.846,10.562
Tobacco,2009,Whole Year ,Uttarakhand,2.4849066497880004,7,847.8,7.447180021339622,1.0543120297715298,0.64,19.5,29.846,10.562
Turmeric,2009,Whole Year ,Uttarakhand,5.049856007249537,149,847.8,10.09216801523195,3.3087165288679903,0.972,19.5,29.846,10.562
Urad,2009,Kharif     ,Uttarakhand,9.280985211545515,7705,847.8,14.329594120878436,7.509483200279258,0.662,19.5,29.846,10.562
Urad,2009,Rabi       ,Uttarakhand,5.337538079701318,113,847.8,10.381451290882682,3.588782837575651,0.55,19.5,29.846,10.562
other oilseeds,2009,Kharif     ,Uttarakhand,6.395261598115449,438,847.8,11.442302980671016,4.631422557132157,0.781,19.5,29.846,10.562
other oilseeds,2009,Rabi       ,Uttarakhand,6.7580945044277305,273,847.8,11.805641346519403,4.991792206294776,0.55,19.5,29.846,10.562
Arhar/Tur,2009,Rabi       ,Jharkhand,9.833333292612922,30146,996.1,14.881981496616557,8.061638274966901,1.296,23.855,34.292,14.442
Gram,2009,Rabi       ,Jharkhand,9.624302610338294,11080,996.1,14.672938424716914,7.852668452518969,0.828,23.855,34.292,14.442
Masoor,2009,Rabi       ,Jharkhand,8.683554728631462,6544,996.1,13.7320879481847,6.912424361830399,0.951,23.855,34.292,14.442
Ragi,2009,Autumn     ,Jharkhand,10.23016194667723,20392,996.1,15.278827606468273,8.458381175836104,0.564,23.855,34.292,14.442
Rapeseed &Mustard,2009,Rabi       ,Jharkhand,9.24619002486988,7644,996.1,14.294795655810823,7.474704114284352,0.892,23.855,34.292,14.442
Arhar/Tur,2009,Rabi       ,West Bengal,6.628041376179533,582,1317.2,11.67542774432939,4.862521908632038,0.841,25.87,35.565,16.822
Bajra,2009,Kharif     ,West Bengal,3.9889840465642745,23,1317.2,9.019114489075301,2.303584593327129,0.755,25.87,35.565,16.822
Barley,2009,Rabi       ,West Bengal,7.4673710669175595,2352,1317.2,12.515504639246432,5.698200256359968,1.45,25.87,35.565,16.822
Castor seed,2009,Kharif     ,West Bengal,4.110873864173311,35,1317.2,9.143153012428293,2.4159137783010487,0.58,25.87,35.565,16.822
Cotton(lint),2009,Kharif     ,West Bengal,7.162397497355718,3262,1317.2,12.210328476620354,5.39421828092524,1.764,25.87,35.565,16.822
Gram,2009,Rabi       ,West Bengal,9.988150340414837,24150,1317.2,15.036806188006668,8.216417774013145,1.025,25.87,35.565,16.822
Groundnut,2009,Autumn     ,West Bengal,7.629975707027789,1886,1317.2,12.678194529689028,5.860387283501039,1.015,25.87,35.565,16.822
Groundnut,2009,Rabi       ,West Bengal,9.507700460979235,23927,1317.2,14.556328152197473,7.736106203008084,1.617,25.87,35.565,16.822
Horse-gram,2009,Rabi       ,West Bengal,7.530479995245536,935,1317.2,12.578648310297833,5.761139017015546,0.555,25.87,35.565,16.822
Jowar,2009,Kharif     ,West Bengal,7.299797366758161,632,1317.2,12.347827296793689,5.531133982557933,0.455,25.87,35.565,16.822
Khesari,2009,Rabi       ,West Bengal,10.244520800484903,19661,1317.2,15.293186971159534,8.472737519746854,0.762,25.87,35.565,16.822
Linseed,2009,Rabi       ,West Bengal,8.458716261657262,1391,1317.2,13.50720705108523,6.687794158359226,0.301,25.87,35.565,16.822
Moong(Green Gram),2009,Kharif     ,West Bengal,7.628517626575055,1718,1317.2,12.676735744777758,5.858932654816543,0.652,25.87,35.565,16.822
Moong(Green Gram),2009,Rabi       ,West Bengal,7.425357887027151,1097,1317.2,12.473467083588845,5.656306446631499,0.683,25.87,35.565,16.822
Moong(Green Gram),2009,Summer     ,West Bengal,9.477003077203888,6443,1317.2,14.525628467622294,7.705420120097321,0.561,25.87,35.565,16.822
Niger seed,2009,Kharif     ,West Bengal,8.204945165019208,2402,1317.2,13.253375078270082,6.434321774433209,0.527,25.87,35.565,16.822
Other Kharif pulses,2009,Kharif     ,West Bengal,6.3835066348840055,237,1317.2,11.430528371237,4.6197631882909915,0.42,25.87,35.565,16.822
Peas & beans (Pulses),2009,Rabi       ,West Bengal,9.147613542067878,11761,1317.2,14.196209241091333,7.3761764067326325,1.161,25.87,35.565,16.822
Ragi,2009,Autumn     ,West Bengal,9.373733918884618,13897,1317.2,14.422351029561383,7.6021916282069535,0.76,25.87,35.565,16.822
Safflower,2009,Rabi       ,West Bengal,6.3818160174060985,540,1317.2,11.42883490913553,4.618086411254637,0.763,25.87,35.565,16.822
Sesamum,2009,Autumn     ,West Bengal,6.948897222313312,666,1317.2,11.996644728399163,5.181614996761894,0.612,25.87,35.565,16.822
Sesamum,2009,Winter     ,West Bengal,7.164720378771857,793,1317.2,12.212653146463111,5.396532414044992,0.56,25.87,35.565,16.822
Small millets,2009,Kharif     ,West Bengal,7.085901464365611,1000,1317.2,12.133771163766614,5.318021949822372,0.732,25.87,35.565,16.822
Small millets,2009,Rabi       ,West Bengal,6.255750041753367,830,1317.2,11.302542648058575,4.493120682179469,1.6,25.87,35.565,16.822
Soyabean,2009,Kharif     ,West Bengal,6.313548046277095,332,1317.2,11.360447951286172,4.5503971601407995,0.64,25.87,35.565,16.822
Sunflower,2009,Kharif     ,West Bengal,9.285540604539118,13021,1317.2,14.334149934695894,7.51403652652042,1.233,25.87,35.565,16.822
Tobacco,2009,Whole Year ,West Bengal,9.558882332684727,20927,1317.2,14.607513706403628,7.7872699870134925,0.935,25.87,35.565,16.822
Urad,2009,Rabi       ,West Bengal,8.855092980028635,5558,1317.2,13.90365272703415,7.083832379678763,0.75,25.87,35.565,16.822
Castor seed,2009,Whole Year ,Madhya Pradesh,7.216709486709457,481,904.1,12.264681212944533,5.448330928865522,0.306,26.468,37.497,15.945
Cowpea(Lobia),2009,Kharif     ,Madhya Pradesh,8.0040315078527,1071,904.1,13.052400978935088,6.23370459411318,0.332,26.468,37.497,15.945
Cowpea(Lobia),2009,Rabi       ,Madhya Pradesh,6.523562306149512,231,904.1,11.570803730765688,4.758749273916392,0.35,26.468,37.497,15.945
Ginger,2009,Whole Year ,Madhya Pradesh,8.961622569542543,9667,904.1,14.010196641305651,7.190291634913872,1.16,26.468,37.497,15.945
Horse-gram,2009,Kharif     ,Madhya Pradesh,10.00487016682473,6708,904.1,15.053526771303664,8.233133882159583,0.308,26.468,37.497,15.945
Horse-gram,2009,Rabi       ,Madhya Pradesh,5.147494476813453,56,904.1,10.190402580884783,3.4035279970004377,0.332,26.468,37.497,15.945
Jowar,2009,Rabi       ,Madhya Pradesh,8.195609567288775,4686,904.1,13.244036932941885,6.424998675143739,1.727,26.468,37.497,15.945
Mesta,2009,Whole Year ,Madhya Pradesh,6.595780513961311,237,904.1,11.643123733904519,4.8304714078561,0.283,26.468,37.497,15.945
Moong(Green Gram),2009,Rabi       ,Madhya Pradesh,7.837948916025283,652,904.1,12.886258388401506,6.067916199268313,0.304,26.468,37.497,15.945
Ragi,2009,Whole Year ,Madhya Pradesh,5.948034989180646,120,904.1,10.99413890352891,4.188745237643585,0.32,26.468,37.497,15.945
Safflower,2009,Whole Year ,Madhya Pradesh,6.016157159698354,122,904.1,11.062432341926087,4.256038151220088,0.3,26.468,37.497,15.945
Sannhamp,2009,Whole Year ,Madhya Pradesh,8.340217320947035,1469,904.1,13.388681599284851,6.56942531785881,0.369,26.468,37.497,15.945
Small millets,2009,Rabi       ,Madhya Pradesh,6.39024066706535,201,904.1,11.437273686375727,4.626442321263631,0.501,26.468,37.497,15.945
Sunflower,2009,Whole Year ,Madhya Pradesh,5.313205979041787,91,904.1,10.357000962400253,3.5650154668915506,0.369,26.468,37.497,15.945
Tobacco,2009,Whole Year ,Madhya Pradesh,5.746203190540153,142,904.1,10.791725251928224,3.989724513091998,0.544,26.468,37.497,15.945
Turmeric,2009,Whole Year ,Madhya Pradesh,6.476972362889683,573,904.1,11.524144100096285,4.712498763740616,0.975,26.468,37.497,15.945
Urad,2009,Rabi       ,Madhya Pradesh,8.49351506406166,1945,904.1,13.54201306041055,6.7225575900826815,0.221,26.468,37.497,15.945
Bajra,2010,Kharif     ,Bihar,8.48714627006394,5424,629.2,13.599591608750762,7.060682353366637,0.995,27.299,38.258,16.934
Barley,2010,Rabi       ,Bihar,9.377802065863113,15686,629.2,14.490368210116333,7.950953513882203,1.253,27.299,38.258,16.934
Castor seed,2010,Kharif     ,Bihar,5.159055299214529,166,629.2,10.26597661170259,3.749974553473747,0.98,27.299,38.258,16.934
Groundnut,2010,Kharif     ,Bihar,5.8944028342648505,371,629.2,11.004311061320747,4.47597224751641,1.016,27.299,38.258,16.934
Horse-gram,2010,Kharif     ,Bihar,9.197356444417888,9318,629.2,14.309905961870262,7.77056084238264,0.939,27.299,38.258,16.934
Jowar,2010,Kharif     ,Bihar,8.03365842788615,3266,629.2,13.145986188693001,6.607568683169615,1.034,27.299,38.258,16.934
Moong(Green Gram),2010,Kharif     ,Bihar,9.137662146478197,6080,629.2,14.250205469215896,7.710886271277156,0.664,27.299,38.258,16.934
Other  Rabi pulses,2010,Rabi       ,Bihar,7.684783943522785,1615,629.2,12.796977056318834,6.259122467728835,0.753,27.299,38.258,16.934
Other Kharif pulses,2010,Kharif     ,Bihar,7.805882040228621,1717,629.2,12.918127297952234,6.380054737991301,0.734,27.299,38.258,16.934
Peas & beans (Pulses),2010,Rabi       ,Bihar,9.860110212566559,19822,629.2,14.972708528477638,8.433159195806228,1.033,27.299,38.258,16.934
Ragi,2010,Kharif     ,Bihar,9.106645135637418,8853,629.2,14.219185090615255,7.67987998472551,1.07,27.299,38.258,16.934
Safflower,2010,Kharif     ,Bihar,4.2626798770413155,56,629.2,9.361231459385252,2.8791984572980396,0.795,27.299,38.258,16.934
Sesamum,2010,Kharif     ,Bihar,7.847371836159788,2015,629.2,12.95963355508199,6.4214921780443985,0.782,27.299,38.258,16.934
Small millets,2010,Kharif     ,Bihar,8.576216531865699,4080,629.2,13.688679331866165,7.149697031757117,0.799,27.299,38.258,16.934
Sunflower,2010,Rabi       ,Bihar,9.765661235628725,24986,629.2,14.878254410182278,8.338726594706536,1.42,27.299,38.258,16.934
Tobacco,2010,Whole Year ,Bihar,9.146121799649531,16719,629.2,14.258666022930207,7.719343056735261,1.803,27.299,38.258,16.934
Urad,2010,Kharif     ,Bihar,9.626943224494804,13225,629.2,14.739527910475722,8.20003561991977,0.878,27.299,38.258,16.934
Bajra,2010,Kharif     ,Chhattisgarh,4.343805421853684,37,1283.1,9.443462768588505,2.9569914452375605,0.547,27.075,37.302,16.157
Barley,2010,Rabi       ,Chhattisgarh,7.720461694599722,1196,1283.1,12.83267083197212,6.294749262787171,0.581,27.075,37.302,16.157
Castor seed,2010,Kharif     ,Chhattisgarh,5.4116460518550396,77,1283.1,10.519848986594942,3.998567606828332,0.32,27.075,37.302,16.157
Coriander,2010,Whole Year ,Chhattisgarh,8.114623886420098,1014,1283.1,13.226976730005344,6.688454335385377,0.278,27.075,37.302,16.157
Cotton(lint),2010,Kharif     ,Chhattisgarh,2.5649493574615367,20,1283.1,7.598058419090347,1.355835153635182,1.655,27.075,37.302,16.157
Dry chillies,2010,Whole Year ,Chhattisgarh,8.798756582859841,3218,1283.1,13.911256779052415,7.372118028337787,0.466,27.075,37.302,16.157
Garlic,2010,Whole Year ,Chhattisgarh,6.988413181999592,2564,1283.1,12.100146025220898,5.5642138469278954,2.667,27.075,37.302,16.157
Ginger,2010,Whole Year ,Chhattisgarh,7.53955882930103,2500,1283.1,12.651680477506511,6.114124559843869,1.182,27.075,37.302,16.157
Horse-gram,2010,Rabi       ,Chhattisgarh,7.6544432264701125,562,1283.1,12.766622254461877,6.228826535659747,0.256,27.075,37.302,16.157
Jowar,2010,Kharif     ,Chhattisgarh,8.651898894268529,8193,1283.1,13.764375356342562,7.225335901779781,1.512,27.075,37.302,16.157
Jute,2010,Kharif     ,Chhattisgarh,6.297109319933935,0,1283.1,11.407927328089725,4.8758078238306135,0.0,27.075,37.302,16.157
Masoor,2010,Rabi       ,Chhattisgarh,9.686263943732909,5025,1283.1,14.798852404268095,8.25934431721293,0.309,27.075,37.302,16.157
Mesta,2010,Kharif     ,Chhattisgarh,7.105786129481271,2314,1283.1,12.217620610377327,5.681264163225599,2.254,27.075,37.302,16.157
Moong(Green Gram),2010,Kharif     ,Chhattisgarh,9.122164681072457,2648,1283.1,14.234706334187258,7.6953941226347995,0.243,27.075,37.302,16.157
Moong(Green Gram),2010,Rabi       ,Chhattisgarh,8.87024156729927,1607,1283.1,13.9827521142843,7.443570056731607,0.235,27.075,37.302,16.157
Other  Rabi pulses,2010,Rabi       ,Chhattisgarh,7.822444729489319,437,1283.1,12.934696640554295,6.3965962663149085,0.172,27.075,37.302,16.157
Other Kharif pulses,2010,Kharif     ,Chhattisgarh,8.807771066980044,1700,1283.1,13.920272609578214,7.381128225697476,0.244,27.075,37.302,16.157
Peas & beans (Pulses),2010,Rabi       ,Chhattisgarh,9.559446746414963,4795,1283.1,14.672026856259532,8.132553716566935,0.344,27.075,37.302,16.157
Ragi,2010,Kharif     ,Chhattisgarh,8.99516499031115,2243,1283.1,14.107691940821384,7.568441249386701,0.281,27.075,37.302,16.157
Safflower,2010,Rabi       ,Chhattisgarh,6.688354713946762,239,1283.1,11.799766333709355,5.265174147954783,0.287,27.075,37.302,16.157
Sannhamp,2010,Whole Year ,Chhattisgarh,7.1592919047975645,303,1283.1,12.271168901729625,5.734634938138965,0.252,27.075,37.302,16.157
Sesamum,2010,Kharif     ,Chhattisgarh,9.928472805230037,6878,1283.1,15.041074550921257,8.501510864014131,0.352,27.075,37.302,16.157
Sugarcane,2010,Whole Year ,Chhattisgarh,8.928110078202646,18456,1283.1,14.040628478927369,7.50141356104134,2.693,27.075,37.302,16.157
Sunflower,2010,Kharif     ,Chhattisgarh,8.308199063206446,1326,1283.1,13.42060424902023,6.881862947016187,0.498,27.075,37.302,16.157
Tobacco,2010,Whole Year ,Chhattisgarh,3.1780538303479458,12,1283.1,8.24840614497268,1.8748743759385615,0.4,27.075,37.302,16.157
Turmeric,2010,Whole Year ,Chhattisgarh,6.88653164253051,875,1283.1,11.998166045047649,5.462644659969713,1.044,27.075,37.302,16.157
Urad,2010,Rabi       ,Chhattisgarh,8.366137716496281,1097,1283.1,13.478556697380858,6.939757695107631,0.233,27.075,37.302,16.157
Dry chillies,2010,Whole Year ,Gujarat,8.936035096566041,6900,1107.5,14.048554537896457,7.509335266016592,0.957,26.765,38.271,16.408
Other Cereals,2010,Kharif     ,Gujarat,8.987321812850125,5200,1107.5,14.09984779267807,7.560601162768557,0.632,26.765,38.271,16.408
Ragi,2010,Kharif     ,Gujarat,9.90353755128617,13900,1107.5,15.016138073044425,8.476579508530941,0.722,26.765,38.271,16.408
Urad,2010,Summer     ,Gujarat,8.853808274977197,4600,1107.5,13.966316507555375,7.427144133408616,0.762,26.765,38.271,16.408
Arhar/Tur,2010,Kharif     ,Haryana,9.995519637982621,23700,639.2,15.108124527203698,8.568547683931143,0.822,26.098,38.112,14.27
Castor seed,2010,Kharif     ,Haryana,7.411556287811163,700,639.2,12.523605734806212,5.9863514977211585,0.138,26.098,38.112,14.27
Coriander,2010,Whole Year ,Haryana,5.680172609017068,0,639.2,10.789424638364078,4.263806003286451,0.0,26.098,38.112,14.27
Garlic,2010,Whole Year ,Haryana,6.621405651764134,800,639.2,11.73273145281067,5.198497031265826,0.394,26.098,38.112,14.27
Ginger,2010,Kharif     ,Haryana,4.127134385045092,100,639.2,9.223622769088008,2.7498317351171653,1.64,26.098,38.112,14.27
Groundnut,2010,Kharif     ,Haryana,7.7488913372555315,2400,639.2,12.861112840511975,6.323139581245391,0.698,26.098,38.112,14.27
Horse-gram,2010,Kharif     ,Haryana,6.0330862217988015,100,639.2,11.143349951070975,4.6135351023197195,0.072,26.098,38.112,14.27
Maize,2010,Kharif     ,Haryana,9.176059437999308,19000,639.2,14.288606787687643,7.749270739184685,0.818,26.098,38.112,14.27
Masoor,2010,Rabi       ,Haryana,8.20631072579402,3300,639.2,13.318689625771347,6.7800582618119405,0.526,26.098,38.112,14.27
Moth,2010,Kharif     ,Haryana,8.647168267837984,1400,639.2,13.759643905911291,7.220607898575862,0.239,26.098,38.112,14.27
Other  Rabi pulses,2010,Rabi       ,Haryana,4.634728988229636,0,639.2,9.737682051704017,3.2378938307039626,0.0,26.098,38.112,14.27
Other Kharif pulses,2010,Kharif     ,Haryana,7.573017256052546,0,639.2,12.685156301281516,6.14752768273957,0.0,26.098,38.112,14.27
Peas & beans (Pulses),2010,Rabi       ,Haryana,8.00903068506973,2200,639.2,13.121350404520491,6.582966523905727,0.58,26.098,38.112,14.27
Sannhamp,2010,Whole Year ,Haryana,4.6443908991413725,0,639.2,9.747437653666934,3.2472688993694185,0.0,26.098,38.112,14.27
Sesamum,2010,Kharif     ,Haryana,8.092239406724211,1400,639.2,13.204585517619236,6.666091278030549,0.511,26.098,38.112,14.27
Soyabean,2010,Kharif     ,Haryana,1.0986122886681098,0,639.2,5.808802932500923,0.3920420877760237,0.0,26.098,38.112,14.27
Sunflower,2010,Kharif     ,Haryana,8.294799358992574,7400,639.2,13.407201238920186,6.868473763980461,1.026,26.098,38.112,14.27
Sweet potato,2010,Whole Year ,Haryana,4.174387269895637,0,639.2,9.271627362613243,2.794839331174601,0.0,26.098,38.112,14.27
Turmeric,2010,Whole Year ,Haryana,4.04305126783455,0,639.2,9.138109406373752,2.67000213346468,0.0,26.098,38.112,14.27
Urad,2010,Kharif     ,Haryana,7.23561914106675,700,639.2,12.347552980188468,5.8107816469825355,0.351,26.098,38.112,14.27
Arhar/Tur,2010,Kharif     ,Himachal Pradesh,2.302585092994046,3,1319.8,7.310543474020102,1.1505720275988207,0.43,21.592,32.367,12.264
Bajra,2010,Kharif     ,Himachal Pradesh,5.308267697401205,107,1319.8,10.415985077895426,3.896706301316253,0.46,21.592,32.367,12.264
Barley,2010,Rabi       ,Himachal Pradesh,9.963358949573518,25065,1319.8,15.07596235721072,8.536391714709705,1.195,21.592,32.367,12.264
Coriander,2010,Rabi       ,Himachal Pradesh,4.955827057601261,73,1319.8,10.06145280476516,3.5507661519843023,0.531,21.592,32.367,12.264
Cotton(lint),2010,Kharif     ,Himachal Pradesh,2.1972245773362196,13,1319.8,7.192843991581319,1.0715836162801904,1.355,21.592,32.367,12.264
Garlic,2010,Kharif     ,Himachal Pradesh,1.3862943611198906,4,1319.8,6.2132671998193505,0.5423242908253617,1.33,21.592,32.367,12.264
Garlic,2010,Rabi       ,Himachal Pradesh,8.522180732927277,7516,1319.8,13.63463312592004,7.095694361226798,1.41,21.592,32.367,12.264
Gram,2010,Rabi       ,Himachal Pradesh,6.42648845745769,563,1319.8,11.537529000422618,5.004483074611057,0.734,21.592,32.367,12.264
Groundnut,2010,Kharif     ,Himachal Pradesh,4.143134726391533,46,1319.8,9.23988169833687,2.7650604558189897,0.642,21.592,32.367,12.264
Horse-gram,2010,Kharif     ,Himachal Pradesh,7.498869733976931,1012,1319.8,12.610969425503827,6.073505257444191,0.554,21.592,32.367,12.264
Linseed,2010,Rabi       ,Himachal Pradesh,6.862757913051401,258,1319.8,11.974367863740977,5.438948496287782,0.275,21.592,32.367,12.264
Masoor,2010,Rabi       ,Himachal Pradesh,6.311734809152915,343,1319.8,11.422579443318977,4.890349128221754,0.491,21.592,32.367,12.264
Moong(Green Gram),2010,Kharif     ,Himachal Pradesh,6.073044534100405,202,1319.8,11.183401850658614,4.653198154998673,0.506,21.592,32.367,12.264
Moth,2010,Kharif     ,Himachal Pradesh,2.833213344056216,4,1319.8,7.8856151276733355,1.5769147207285403,0.167,21.592,32.367,12.264
Other Kharif pulses,2010,Kharif     ,Himachal Pradesh,7.516977224604321,527,1319.8,12.629086797770794,6.091581338442754,0.35,21.592,32.367,12.264
Peas & beans (Pulses),2010,Kharif     ,Himachal Pradesh,7.1316985104669115,1629,1319.8,12.243553865873462,5.707110264748875,1.311,21.592,32.367,12.264
Peas & beans (Pulses),2010,Rabi       ,Himachal Pradesh,9.368539986649727,22866,1319.8,14.481105348540726,7.941693926273236,2.026,21.592,32.367,12.264
Ragi,2010,Kharif     ,Himachal Pradesh,7.669495251007694,2082,1319.8,12.781681319908966,6.243856172781177,0.767,21.592,32.367,12.264
Rapeseed &Mustard,2010,Rabi       ,Himachal Pradesh,9.05543941075822,4260,1319.8,14.167973572167375,7.628692708523581,0.559,21.592,32.367,12.264
Sesamum,2010,Kharif     ,Himachal Pradesh,7.969357742016346,917,1319.8,13.081664083689356,6.5433361403099735,0.319,21.592,32.367,12.264
Small millets,2010,Kharif     ,Himachal Pradesh,8.588955557643128,3113,1319.8,13.701420730261876,7.162428504626925,0.591,21.592,32.367,12.264
Soyabean,2010,Kharif     ,Himachal Pradesh,6.302618975744905,792,1319.8,11.413447060173402,4.881285622068407,1.444,21.592,32.367,12.264
Urad,2010,Kharif     ,Himachal Pradesh,9.171287644712482,4358,1319.8,14.283834502328855,7.744500512886855,0.575,21.592,32.367,12.264
Castor seed,2010,Kharif     ,Madhya Pradesh,8.68050180902826,2730,856.3,13.792983171079971,7.253923217152968,0.319,26.396,36.965,15.735
Cowpea(Lobia),2010,Kharif     ,Madhya Pradesh,7.96311205897929,662,856.3,13.075416245806494,6.5370973123793785,0.209,26.396,36.965,15.735
Cowpea(Lobia),2010,Rabi       ,Madhya Pradesh,6.424869023905388,146,856.3,11.535906955889981,5.002871903478422,0.233,26.396,36.965,15.735
Ginger,2010,Whole Year ,Madhya Pradesh,9.030854790001436,10041,856.3,14.143386062632409,7.6041172864440245,1.135,26.396,36.965,15.735
Horse-gram,2010,Kharif     ,Madhya Pradesh,9.894850359140465,6506,856.3,15.007450447273275,8.46789369756046,0.291,26.396,36.965,15.735
Horse-gram,2010,Rabi       ,Madhya Pradesh,4.61512051684126,25,856.3,9.717880604750643,3.2188758248682006,0.25,26.396,36.965,15.735
Jowar,2010,Rabi       ,Madhya Pradesh,8.210939733379021,5211,856.3,13.323319886563308,6.784683281392143,1.756,26.396,36.965,15.735
Mesta,2010,Whole Year ,Madhya Pradesh,5.916202062607435,914,856.3,11.026169495568778,4.497584975308154,2.162,26.396,36.965,15.735
Moong(Green Gram),2010,Rabi       ,Madhya Pradesh,7.9868449011613825,662,856.3,13.099157205014137,6.560804331939855,0.179,26.396,36.965,15.735
Other Kharif pulses,2010,Kharif     ,Madhya Pradesh,7.592870287844818,466,856.3,12.705019383876548,6.167348761937931,0.24,26.396,36.965,15.735
Ragi,2010,Kharif     ,Madhya Pradesh,5.648974238161206,87,856.3,10.758118389383423,4.232946411659729,0.078,26.396,36.965,15.735
Safflower,2010,Rabi       ,Madhya Pradesh,5.932245187448011,84,856.3,11.042255373687999,4.5134933974161875,0.357,26.396,36.965,15.735
Sannhamp,2010,Whole Year ,Madhya Pradesh,8.196987927258897,7294,856.3,13.309364285603397,6.7707435512972145,2.0,26.396,36.965,15.735
Sunflower,2010,Kharif     ,Madhya Pradesh,4.727387818712341,49,856.3,9.831202840310317,3.327909585892323,0.37,26.396,36.965,15.735
Tobacco,2010,Whole Year ,Madhya Pradesh,4.90527477843843,66,856.3,10.010534944617566,3.501344330267094,0.544,26.396,36.965,15.735
Turmeric,2010,Whole Year ,Madhya Pradesh,6.595780513961311,423,856.3,11.707071914659561,5.172980875236739,0.759,26.396,36.965,15.735
Urad,2010,Rabi       ,Madhya Pradesh,8.593042503699674,2090,856.3,13.705508431121281,7.166513047855516,0.228,26.396,36.965,15.735
Castor seed,2010,Kharif     ,Maharashtra,9.19023970026918,4190,1389.0,14.302788498458108,7.763446388727362,0.527,25.832,35.62,16.389
Rapeseed &Mustard,2010,Rabi       ,Maharashtra,8.94910546953925,2860,1389.0,14.061626609176553,7.522400231387125,0.414,25.832,35.62,16.389
Sesamum,2010,Rabi       ,Maharashtra,7.972810784121404,906,1389.0,13.085118311374416,6.546785410760524,0.33,25.832,35.62,16.389
Sunflower,2010,Summer     ,Maharashtra,8.748463629942055,6500,1389.0,13.860956087454717,7.321849713788356,0.976,25.832,35.62,16.389
Arhar/Tur,2010,Kharif     ,Manipur,6.19644412779452,508,2160.5,11.307067896465162,4.775756486563625,1.029,20.899,29.756,13.529
Cowpea(Lobia),2010,Kharif     ,Manipur,6.792344427470809,970,2160.5,11.90387844637164,5.368775830196598,1.157,20.899,29.756,13.529
Gram,2010,Rabi       ,Manipur,6.3818160174060985,470,2160.5,11.492782959922149,4.960043507980195,0.792,20.899,29.756,13.529
Groundnut,2010,Kharif     ,Manipur,8.031385330625534,2207,2160.5,13.143712357500112,6.6052979209482015,0.722,20.899,29.756,13.529
Maize,2010,Kharif     ,Manipur,9.826660502422802,33510,2160.5,14.939257052762885,8.399715109256809,1.74,20.899,29.756,13.529
Maize,2010,Rabi       ,Manipur,8.25608813381491,8000,2160.5,13.368480210447789,6.829793737512425,2.051,20.899,29.756,13.529
Masoor,2010,Rabi       ,Manipur,6.175867270105761,379,2160.5,11.286448865216185,4.755312844417811,0.786,20.899,29.756,13.529
Moong(Green Gram),2010,Kharif     ,Manipur,5.968707559985366,399,2160.5,11.07881239467974,4.549657476057832,1.033,20.899,29.756,13.529
Other  Rabi pulses,2010,Rabi       ,Manipur,8.531293315795018,4218,2160.5,13.64374750348537,7.1048012311744735,0.821,20.899,29.756,13.529
Other Kharif pulses,2010,Kharif     ,Manipur,7.280008252884188,1619,2160.5,12.391973206707027,5.855071922202427,1.178,20.899,29.756,13.529
Peas & beans (Pulses),2010,Rabi       ,Manipur,9.687257547490987,14118,2160.5,14.79984606936153,8.260337725616491,0.877,20.899,29.756,13.529
Soyabean,2010,Kharif     ,Manipur,8.450198322591959,3635,2160.5,13.5626359489484,7.023758954738443,0.759,20.899,29.756,13.529
Urad,2010,Kharif     ,Manipur,7.313886831633462,1710,2160.5,12.425874619990005,5.8888779583328805,1.21,20.899,29.756,13.529
Wheat,2010,Rabi       ,Manipur,7.650168700845001,5250,2160.5,12.762345709928086,6.22455842927536,2.475,20.899,29.756,13.529
Arhar/Tur,2010,Kharif     ,Mizoram,5.170483995038151,149,2738.7,10.277470593447143,3.7612001156935624,0.873,21.058,30.864,13.231
Cotton(lint),2010,Kharif     ,Mizoram,5.0238805208462765,113,2738.7,10.129969923782516,3.617383452408866,0.642,21.058,30.864,13.231
Cowpea(Lobia),2010,Kharif     ,Mizoram,7.231287004327616,1786,2738.7,12.343217732140399,5.806459392684825,1.145,21.058,30.864,13.231
Cowpea(Lobia),2010,Rabi       ,Mizoram,5.407171771460119,310,2738.7,10.5153547186074,3.9941558349666684,1.47,21.058,30.864,13.231
Maize,2010,Kharif     ,Mizoram,9.073603848402712,13055,2738.7,14.186140099029831,7.6468504934447905,1.621,21.058,30.864,13.231
Maize,2010,Rabi       ,Mizoram,5.652489180268651,445,2738.7,10.761645654999942,4.23642266081509,2.362,21.058,30.864,13.231
Onion,2010,Rabi       ,Mizoram,1.3862943611198906,9,2738.7,6.2132671998193505,0.5423242908253617,3.0,21.058,30.864,13.231
Other  Rabi pulses,2010,Rabi       ,Mizoram,7.179307969504034,2670,2738.7,12.291200295252448,5.7546023236528345,1.582,21.058,30.864,13.231
Other Kharif pulses,2010,Kharif     ,Mizoram,6.698268054115413,1069,2738.7,11.80969189937291,5.275048739608683,1.021,21.058,30.864,13.231
Rapeseed &Mustard,2010,Rabi       ,Mizoram,5.937536205082426,303,2738.7,11.047560341205164,4.518740457989703,0.952,21.058,30.864,13.231
Rice,2010,Kharif     ,Mizoram,9.402942238177694,20697,2738.7,14.51551046983504,7.976087038359714,1.495,21.058,30.864,13.231
Rice,2010,Rabi       ,Mizoram,2.0794415416798357,6,2738.7,7.059420014265299,0.9858167945227653,0.86,21.058,30.864,13.231
Sesamum,2010,Kharif     ,Mizoram,7.217443431696533,770,2738.7,12.329364126251983,5.79264768778483,0.488,21.058,30.864,13.231
Soyabean,2010,Kharif     ,Mizoram,7.2456550675945355,2653,2738.7,12.357596062838011,5.820794843054475,1.622,21.058,30.864,13.231
Tobacco,2010,Whole Year ,Mizoram,5.484796933490655,155,2738.7,10.59331422631021,4.070734696582967,0.565,21.058,30.864,13.231
Arhar/Tur,2010,Kharif     ,Nagaland,7.824445930877619,2130,1771.8,12.93669863839924,6.398594934535208,0.832,19.943,29.381,11.871
Bajra,2010,Kharif     ,Nagaland,6.478509642208569,560,1771.8,11.589631844053098,5.056245805348308,0.866,19.943,29.381,11.871
Barley,2010,Rabi       ,Nagaland,6.133398042996649,730,1771.8,11.243889796089963,4.713127327493184,1.589,19.943,29.381,11.871
Castor seed,2010,Kharif     ,Nagaland,5.602118820879701,180,1771.8,10.71109447494597,4.186619838331271,0.627,19.943,29.381,11.871
Cotton(lint),2010,Kharif     ,Nagaland,4.61512051684126,50,1771.8,9.717880604750643,3.2188758248682006,0.5,19.943,29.381,11.871
Gram,2010,Rabi       ,Nagaland,6.580639137284949,510,1771.8,11.691909792738073,5.157905212831292,0.706,19.943,29.381,11.871
Groundnut,2010,Kharif     ,Nagaland,6.594413459749778,740,1771.8,11.705703000333552,5.171619713502079,1.008,19.943,29.381,11.871
Horse-gram,2010,Kharif     ,Nagaland,5.802118375377063,330,1771.8,10.911761116546078,4.384523514872469,1.012,19.943,29.381,11.871
Jowar,2010,Kharif     ,Nagaland,4.795790545596741,110,1771.8,9.900192128586331,3.3945083935113587,0.934,19.943,29.381,11.871
Jute,2010,Kharif     ,Nagaland,8.006700845440367,5400,1771.8,13.119019793853605,6.580639137284949,1.8,19.943,29.381,11.871
Linseed,2010,Rabi       ,Nagaland,8.648396877031582,4580,1771.8,13.76087272948422,7.221835825288449,0.807,19.943,29.381,11.871
Maize,2010,Rabi       ,Nagaland,8.517393171418904,9800,1771.8,13.62984461493993,7.0909098220799835,1.957,19.943,29.381,11.871
Masoor,2010,Rabi       ,Nagaland,7.58629630715272,1500,1771.8,12.698442097122308,6.160785291724685,0.762,19.943,29.381,11.871
Mesta,2010,Kharif     ,Nagaland,7.346655163176539,2970,1771.8,12.458664313348837,5.921578419643816,1.92,19.943,29.381,11.871
Moong(Green Gram),2010,Kharif     ,Nagaland,5.303304908059076,190,1771.8,10.4109976861338,3.8918202981106265,0.986,19.943,29.381,11.871
Peas & beans (Pulses),2010,Kharif     ,Nagaland,7.67368812926773,2680,1771.8,12.785876140670615,6.248042874508429,1.25,19.943,29.381,11.871
Ragi,2010,Kharif     ,Nagaland,5.707110264748875,280,1771.8,10.816452760981706,4.290459441148391,0.956,19.943,29.381,11.871
Rice,2010,Rabi       ,Nagaland,7.193685818395112,3150,1771.8,12.3055889671049,5.768945800562614,2.38,19.943,29.381,11.871
Sesamum,2010,Kharif     ,Nagaland,8.152198015861787,2080,1771.8,13.264561827343584,6.7259935654466965,0.604,19.943,29.381,11.871
Small millets,2010,Kharif     ,Nagaland,9.04793908261736,8030,1771.8,14.160472370229044,7.621195162809845,0.889,19.943,29.381,11.871
Sunflower,2010,Kharif     ,Nagaland,5.303304908059076,160,1771.8,10.4109976861338,3.8918202981106265,0.737,19.943,29.381,11.871
Sunflower,2010,Rabi       ,Nagaland,7.528869256642251,970,1771.8,12.640985222821746,6.1034530490560295,0.522,19.943,29.381,11.871
Urad,2010,Rabi       ,Nagaland,6.493753839851686,430,1771.8,11.604899175856339,5.071416766356115,0.639,19.943,29.381,11.871
Wheat,2010,Rabi       ,Nagaland,8.045908742270779,5340,1771.8,13.158240429826177,6.6198065043018115,1.712,19.943,29.381,11.871
Arhar/Tur,2010,Kharif     ,Punjab,8.343077871169383,3900,392.7,13.455491457132265,6.9167150203536085,0.949,25.882,38.18,14.188
Bajra,2010,Kharif     ,Punjab,8.006700845440367,3000,392.7,13.119019793853605,6.580639137284949,1.0,25.882,38.18,14.188
Barley,2010,Rabi       ,Punjab,9.392745258631441,44000,392.7,14.505312649948593,7.9658927350845286,3.646,25.882,38.18,14.188
Gram,2010,Rabi       ,Punjab,7.650168700845001,2700,392.7,12.762345709928086,6.22455842927536,1.211,25.882,38.18,14.188
Groundnut,2010,Kharif     ,Punjab,7.696667081526462,3900,392.7,12.808865595257993,6.270988431858299,1.283,25.882,38.18,14.188
Guar seed,2010,Kharif     ,Punjab,9.809231816610408,16800,392.7,14.921827423342936,8.382289428951436,0.924,25.882,38.18,14.188
Masoor,2010,Rabi       ,Punjab,7.00397413672268,739,392.7,12.11572115109916,5.579729825986222,0.687,25.882,38.18,14.188
Moong(Green Gram),2010,Kharif     ,Punjab,8.962007209588313,6300,392.7,14.074530003988981,7.5352967024440884,0.862,25.882,38.18,14.188
Peas & beans (Pulses),2010,Rabi       ,Punjab,8.071218539969863,4100,392.7,13.183558189572521,6.645090969505644,1.227,25.882,38.18,14.188
Sesamum,2010,Kharif     ,Punjab,8.648396877031582,2300,392.7,13.76087272948422,7.221835825288449,0.42,25.882,38.18,14.188
Urad,2010,Kharif     ,Punjab,7.937731775260109,1600,392.7,13.05002706570224,6.511745329644728,0.734,25.882,38.18,14.188
Castor seed,2010,Kharif     ,Tamil Nadu,8.695004592732307,1711,1095.2,13.80748838621701,7.268418260118725,0.568,27.561,37.054,20.027
Gram,2010,Rabi       ,Tamil Nadu,8.89521858376562,4936,1095.2,14.007732576381148,7.468536102285941,0.538,27.561,37.054,20.027
Sunflower,2010,Kharif     ,Tamil Nadu,9.073259831427816,10036,1095.2,14.185796042838726,7.646506601347098,1.259,27.561,37.054,20.027
Arhar/Tur,2010,Kharif     ,Tripura,7.0967213784947605,923,2348.3,12.208548428249353,5.672223005748435,0.765,24.754,33.182,17.234
Cotton(lint),2010,Kharif     ,Tripura,6.96979066990159,1574,2348.3,12.081506261147014,5.545646084650602,1.478,24.754,33.182,17.234
Gram,2010,Rabi       ,Tripura,4.700480365792417,81,2348.3,9.80405333054789,3.3017453026904953,0.775,24.754,33.182,17.234
Groundnut,2010,Kharif     ,Tripura,5.820082930352362,362,2348.3,10.929779296291272,4.402319337941644,1.09,24.754,33.182,17.234
Groundnut,2010,Rabi       ,Tripura,5.793013608384144,338,2348.3,10.902628800344408,4.375505417683616,1.035,24.754,33.182,17.234
Maize,2010,Kharif     ,Tripura,8.039802343736485,4104,2348.3,13.15213207994536,6.613706314152153,1.332,24.754,33.182,17.234
Masoor,2010,Rabi       ,Tripura,5.762051382780177,213,2348.3,10.871570984074257,4.344843843546165,0.642,24.754,33.182,17.234
Moong(Green Gram),2010,Kharif     ,Tripura,5.983936280687191,212,2348.3,11.094079632932715,4.564764771353053,0.538,24.754,33.182,17.234
Moong(Green Gram),2010,Rabi       ,Tripura,5.298317366548036,113,2348.3,10.405985295564665,3.8869103046130706,0.558,24.754,33.182,17.234
Other  Rabi pulses,2010,Rabi       ,Tripura,6.980075940561763,872,2348.3,12.091801099870013,5.555900991175784,0.81,24.754,33.182,17.234
Other Kharif pulses,2010,Kharif     ,Tripura,7.347943823148687,1125,2348.3,12.45995379917365,5.922864455615725,0.728,24.754,33.182,17.234
Peas & beans (Pulses),2010,Rabi       ,Tripura,6.823286122355687,694,2348.3,11.934854167952908,5.399609618029909,0.765,24.754,33.182,17.234
Rapeseed &Mustard,2010,Rabi       ,Tripura,7.587310506022615,1516,2348.3,12.699456807453583,6.16179786458987,0.77,24.754,33.182,17.234
Sesamum,2010,Kharif     ,Tripura,7.624130585661289,1178,2348.3,12.736295108389093,6.198560014000584,0.57,24.754,33.182,17.234
Urad,2010,Kharif     ,Tripura,6.816735880594968,519,2348.3,11.92829681055022,5.39308194299246,0.572,24.754,33.182,17.234
Urad,2010,Rabi       ,Tripura,6.0014148779611505,271,2348.3,11.111601719569256,4.5821062463895395,0.635,24.754,33.182,17.234
Wheat,2010,Rabi       ,Tripura,5.75890177387728,637,2348.3,10.868411483880449,4.341725337900356,2.02,24.754,33.182,17.234
Cotton(lint),2010,Kharif     ,Uttar Pradesh,8.225503097566918,673,742.6,13.337887155844157,6.799234218504625,0.168,26.172,37.425,15.1
Dry chillies,2010,Kharif     ,Uttar Pradesh,9.523251498473739,11964,742.6,14.635829024103579,8.096366699075373,0.885,26.172,37.425,15.1
Ginger,2010,Kharif     ,Uttar Pradesh,6.795705775173514,2538,742.6,11.907243541798147,5.372125293692757,2.851,26.172,37.425,15.1
Guar seed,2010,Kharif     ,Uttar Pradesh,7.80057265467065,2033,742.6,12.91281575613918,6.374752210271443,0.838,26.172,37.425,15.1
Maize,2010,Rabi       ,Uttar Pradesh,8.61122983334262,16498,742.6,13.723699082549597,7.184689802887154,3.001,26.172,37.425,15.1
Sannhamp,2010,Kharif     ,Uttar Pradesh,7.633369649679584,675,742.6,12.7455386402,6.207784873074067,0.325,26.172,37.425,15.1
Small millets,2010,Kharif     ,Uttar Pradesh,9.07829359105585,6290,742.6,14.190830374946572,7.651538538010556,0.782,26.172,37.425,15.1
Soyabean,2010,Kharif     ,Uttar Pradesh,9.300181075975972,13475,742.6,14.412740433956948,7.873354136098819,1.217,26.172,37.425,15.1
Sunflower,2010,Summer     ,Uttar Pradesh,8.314832179284556,8677,742.6,13.427238985253792,6.888490906800679,2.003,26.172,37.425,15.1
Turmeric,2010,Rabi       ,Uttar Pradesh,7.166265974133638,4066,742.6,12.278148346876934,5.741591936051748,3.108,26.172,37.425,15.1
Arhar/Tur,2010,Kharif     ,Uttarakhand,7.582738488914411,1343,1419.0,12.694882480563923,6.157233190560868,0.692,19.605,29.671,11.261
Barley,2010,Rabi       ,Uttarakhand,10.000296608464188,27673,1419.0,15.112901713715173,8.573323966304994,1.437,19.605,29.671,11.261
Gram,2010,Rabi       ,Uttarakhand,6.591673732008658,568,1419.0,11.702959537043444,5.1688918191075786,0.67,19.605,29.671,11.261
Groundnut,2010,Kharif     ,Uttarakhand,7.193685818395112,1449,1419.0,12.3055889671049,5.768945800562614,1.112,19.605,29.671,11.261
Horse-gram,2010,Kharif     ,Uttarakhand,9.17895289873455,8179,1419.0,14.291500545657692,7.752163253382666,0.855,19.605,29.671,11.261
Maize,2010,Rabi       ,Uttarakhand,4.174387269895637,130,1419.0,9.271627362613243,2.794839331174601,1.897,19.605,29.671,11.261
Masoor,2010,Rabi       ,Uttarakhand,9.308192772143688,8236,1419.0,14.420752855203943,7.8813635231505215,0.732,19.605,29.671,11.261
Moong(Green Gram),2010,Kharif     ,Uttarakhand,4.634728988229636,54,1419.0,9.737682051704017,3.2378938307039626,0.515,19.605,29.671,11.261
Moong(Green Gram),2010,Rabi       ,Uttarakhand,2.833213344056216,9,1419.0,7.8856151276733355,1.5769147207285403,0.605,19.605,29.671,11.261
Moth,2010,Kharif     ,Uttarakhand,3.1354942159291497,9,1419.0,8.203966276662818,1.8373699804801074,0.405,19.605,29.671,11.261
Other  Rabi pulses,2010,Rabi       ,Uttarakhand,3.5263605246161616,19,1419.0,8.609340191821229,2.188295946591918,0.638,19.605,29.671,11.261
Other Cereals,2010,Rabi       ,Uttarakhand,5.762051382780177,370,1419.0,10.871570984074257,4.344843843546165,1.094,19.605,29.671,11.261
Other Kharif pulses,2010,Kharif     ,Uttarakhand,9.47424191576256,12300,1419.0,14.586815789809613,8.0473687461161,0.894,19.605,29.671,11.261
Peas & beans (Pulses),2010,Rabi       ,Uttarakhand,8.800415333145924,6785,1419.0,13.912915778002052,7.373775986916931,0.712,19.605,29.671,11.261
Rapeseed &Mustard,2010,Rabi       ,Uttarakhand,9.446518601560848,10288,1419.0,14.559090329362718,8.019652267305412,0.661,19.605,29.671,11.261
Rice,2010,Rabi       ,Uttarakhand,9.634169164101305,50503,1419.0,14.74675432193207,8.207260056696201,2.25,19.605,29.671,11.261
Sesamum,2010,Kharif     ,Uttarakhand,7.543273346705446,409,1419.0,12.655396955172307,6.117832845922789,0.211,19.605,29.671,11.261
Soyabean,2010,Kharif     ,Uttarakhand,9.004053937728395,13174,1419.0,14.116581979181316,7.5773267230133765,1.146,19.605,29.671,11.261
Tobacco,2010,Whole Year ,Uttarakhand,2.1972245773362196,23,1419.0,7.192843991581319,1.0715836162801904,2.89,19.605,29.671,11.261
Turmeric,2010,Whole Year ,Uttarakhand,5.2574953720277815,370,1419.0,10.364955165938548,3.8467375387295166,2.016,19.605,29.671,11.261
Urad,2010,Kharif     ,Uttarakhand,9.256842205627603,8392,1419.0,14.369397539005059,7.83002808253384,0.698,19.605,29.671,11.261
Urad,2010,Rabi       ,Uttarakhand,5.176149732573829,100,1419.0,10.28316841911046,3.7667659927710075,0.547,19.605,29.671,11.261
other oilseeds,2010,Kharif     ,Uttarakhand,6.068425588244111,266,1419.0,11.178772277275213,4.648612743830928,0.576,19.605,29.671,11.261
other oilseeds,2010,Rabi       ,Uttarakhand,6.665683717782408,484,1419.0,11.777066918532022,5.242593217775675,0.756,19.605,29.671,11.261
Arhar/Tur,2010,Rabi       ,Jharkhand,9.810604425056072,22685,694.6,14.92320010670117,8.383661798791715,1.331,24.375,34.54,14.867
Gram,2010,Rabi       ,Jharkhand,9.645623148493529,10278,694.6,14.758209047311908,8.218711681055236,0.642,24.375,34.54,14.867
Masoor,2010,Rabi       ,Jharkhand,7.3632795869630385,1244,694.6,12.475299309778462,5.938169250049758,0.702,24.375,34.54,14.867
Rapeseed &Mustard,2010,Rabi       ,Jharkhand,9.256842205627603,7812,694.6,14.369397539005059,7.83002808253384,0.741,24.375,34.54,14.867
Arhar/Tur,2010,Rabi       ,West Bengal,7.349873704738337,2212,1096.0,12.461884915560374,5.92479041383999,1.18,26.125,35.885,17.113
Bajra,2010,Kharif     ,West Bengal,4.174387269895637,24,1096.0,9.271627362613243,2.794839331174601,0.675,26.125,35.885,17.113
Barley,2010,Rabi       ,West Bengal,7.613324979540639,2790,1096.0,12.725484224267163,6.1877711884685995,1.368,26.125,35.885,17.113
Castor seed,2010,Kharif     ,West Bengal,4.454347296253507,51,1096.0,9.555372298275438,3.0633909220278057,0.6,26.125,35.885,17.113
Cotton(lint),2010,Kharif     ,West Bengal,6.448889394146858,1092,1096.0,11.559965622580554,5.02677107600566,1.763,26.125,35.885,17.113
Gram,2010,Rabi       ,West Bengal,10.0053670163573,23675,1096.0,15.11797234978212,8.578393647408346,1.028,26.125,35.885,17.113
Groundnut,2010,Autumn     ,West Bengal,7.7142311448490855,1946,1096.0,12.826437524846298,6.288527481365515,1.016,26.125,35.885,17.113
Groundnut,2010,Rabi       ,West Bengal,9.411074701777263,21947,1096.0,14.523643597520902,7.984217387005671,1.675,26.125,35.885,17.113
Horse-gram,2010,Kharif     ,West Bengal,7.768110378525988,1190,1096.0,12.880340044340969,6.342332664012927,0.529,26.125,35.885,17.113
Jowar,2010,Autumn     ,West Bengal,3.258096538021482,10,1096.0,8.331766819668804,1.9459101490553132,0.4,26.125,35.885,17.113
Linseed,2010,Rabi       ,West Bengal,8.322880021769905,1444,1096.0,13.435288779066925,6.896532538959656,0.351,26.125,35.885,17.113
Maize,2010,Rabi       ,West Bengal,9.754407329521975,84356,1096.0,14.866999858452427,8.327474744961615,3.235,26.125,35.885,17.113
Moong(Green Gram),2010,Kharif     ,West Bengal,6.76849321164863,613,1096.0,11.88000027237057,5.345010094540019,0.667,26.125,35.885,17.113
Moong(Green Gram),2010,Rabi       ,West Bengal,7.507141079727608,1201,1096.0,12.619245307319542,6.081762185088762,0.773,26.125,35.885,17.113
Moong(Green Gram),2010,Summer     ,West Bengal,9.612934696659327,10352,1096.0,14.725518458121115,8.186030036646228,0.673,26.125,35.885,17.113
Niger seed,2010,Kharif     ,West Bengal,8.220133957151859,2529,1096.0,13.33251658233709,6.793869638604449,0.555,26.125,35.885,17.113
Other  Rabi pulses,2010,Rabi       ,West Bengal,5.545177444479562,112,1096.0,10.653937372646105,4.130354999745133,0.447,26.125,35.885,17.113
Other Kharif pulses,2010,Kharif     ,West Bengal,6.731018100482083,543,1096.0,11.842481482448266,5.307673461472062,0.547,26.125,35.885,17.113
Peas & beans (Pulses),2010,Rabi       ,West Bengal,9.360741172643708,13594,1096.0,14.473305870130257,7.933897228202781,0.914,26.125,35.885,17.113
Ragi,2010,Autumn     ,West Bengal,9.368027647811777,13834,1096.0,14.480592966213939,7.941181725934799,0.744,26.125,35.885,17.113
Safflower,2010,Rabi       ,West Bengal,6.267200548541362,441,1096.0,11.377962877245844,4.846075066880943,0.939,26.125,35.885,17.113
Sesamum,2010,Autumn     ,West Bengal,6.964135612418245,651,1096.0,12.075845900822621,5.540007855148825,0.605,26.125,35.885,17.113
Sesamum,2010,Winter     ,West Bengal,7.191429330036379,865,1096.0,12.303330790454261,5.766694674049188,0.584,26.125,35.885,17.113
Small millets,2010,Kharif     ,West Bengal,6.859614903654202,635,1096.0,11.97122157791633,5.435815879733671,0.577,26.125,35.885,17.113
Small millets,2010,Rabi       ,West Bengal,6.226536669287466,718,1096.0,11.337220569711564,4.805659046737495,0.99,26.125,35.885,17.113
Soyabean,2010,Kharif     ,West Bengal,6.272877006546167,316,1096.0,11.383650031461292,4.8517177150813176,0.65,26.125,35.885,17.113
Sunflower,2010,Kharif     ,West Bengal,8.78813593986372,7358,1096.0,13.900634534099625,7.36150248570835,1.182,26.125,35.885,17.113
Tobacco,2010,Whole Year ,West Bengal,9.568853625188556,21281,1096.0,14.681434391476701,8.141958504623222,0.958,26.125,35.885,17.113
Urad,2010,Rabi       ,West Bengal,9.381432446818588,10661,1096.0,14.493998895756384,7.954582924500486,0.757,26.125,35.885,17.113
Bajra,2011,Kharif     ,Bihar,8.402455513945814,5014,1097.1,13.52333525940746,7.29424821487083,1.095,25.841,36.225,15.51
Barley,2011,Rabi       ,Bihar,9.289521169850625,16690,1097.1,14.410532076968222,8.181046101928965,1.438,25.841,36.225,15.51
Castor seed,2011,Kharif     ,Bihar,4.634728988229636,98,1097.1,9.746134082581152,3.54558628428746,0.987,25.841,36.225,15.51
Groundnut,2011,Kharif     ,Bihar,6.70073110954781,829,1097.1,11.820610438779648,5.594562669660306,1.008,25.841,36.225,15.51
Horse-gram,2011,Kharif     ,Bihar,9.064389316491878,8226,1097.1,14.18537703379043,7.955961598771198,0.955,25.841,36.225,15.51
Jowar,2011,Kharif     ,Bihar,7.6093665379542115,2147,1097.1,12.729976337339105,6.501710002608907,1.046,25.841,36.225,15.51
Moong(Green Gram),2011,Kharif     ,Bihar,8.953769294549454,4700,1097.1,14.074743555898866,7.845369050367271,0.626,25.841,36.225,15.51
Other  Rabi pulses,2011,Rabi       ,Bihar,7.459914766241105,1927,1097.1,12.580445080952098,6.352420315230189,1.105,25.841,36.225,15.51
Other Kharif pulses,2011,Kharif     ,Bihar,8.258422462458876,3014,1097.1,13.379267655545533,7.150285684896527,0.792,25.841,36.225,15.51
Ragi,2011,Kharif     ,Bihar,8.953769294549454,9391,1097.1,14.074743555898866,7.845369050367271,1.375,25.841,36.225,15.51
Safflower,2011,Kharif     ,Bihar,5.645446897643238,227,1097.1,10.763030986050783,4.543932876516902,0.869,25.841,36.225,15.51
Sesamum,2011,Kharif     ,Bihar,7.846198815497425,2247,1097.1,12.966912586131661,6.738330203923202,0.893,25.841,36.225,15.51
Small millets,2011,Kharif     ,Bihar,8.66561319653451,4414,1097.1,13.786544544388805,7.55730056300551,0.779,25.841,36.225,15.51
Sunflower,2011,Rabi       ,Bihar,9.675017339716193,22871,1097.1,14.796057626165611,8.566482278721868,1.416,25.841,36.225,15.51
Tobacco,2011,Whole Year ,Bihar,9.204624064980074,18741,1097.1,14.325626834202785,8.09616561382369,1.893,25.841,36.225,15.51
Urad,2011,Kharif     ,Bihar,9.525516008736886,11867,1097.1,14.646546222724197,8.417001516477757,0.9,25.841,36.225,15.51
Bajra,2011,Kharif     ,Chhattisgarh,4.143134726391533,29,1302.7,9.24833340876621,3.0661907372025525,0.618,25.547,35.786,15.418
Barley,2011,Rabi       ,Chhattisgarh,7.960672608388117,2183,1302.7,13.08142845984184,6.852718143052228,0.837,25.547,35.786,15.418
Castor seed,2011,Kharif     ,Chhattisgarh,3.912023005428146,16,1302.7,9.013044863047154,2.843163674909384,0.34,25.547,35.786,15.418
Coconut ,2011,Whole Year ,Chhattisgarh,4.30406509320417,0,1302.7,9.411643958029916,3.222469360378331,0.0,25.547,35.786,15.418
Coriander,2011,Whole Year ,Chhattisgarh,8.150756470275551,1000,1302.7,13.27157238152584,7.042679451238658,0.278,25.547,35.786,15.418
Cotton(lint),2011,Kharif     ,Chhattisgarh,4.454347296253507,120,1302.7,9.563824229811157,3.3690184832979204,1.06,25.547,35.786,15.418
Dry chillies,2011,Whole Year ,Chhattisgarh,8.736168065858228,5719,1302.7,13.857111090944798,7.627831593642897,0.895,25.547,35.786,15.418
Garlic,2011,Whole Year ,Chhattisgarh,7.094234845924755,3549,1302.7,12.214512330982428,5.987255702333927,2.837,25.547,35.786,15.418
Ginger,2011,Whole Year ,Chhattisgarh,7.62608275807238,2439,1302.7,12.746700731170678,6.518409552753856,1.255,25.547,35.786,15.418
Horse-gram,2011,Rabi       ,Chhattisgarh,7.48324441607385,699,1302.7,12.603787934548942,6.375723042793938,0.335,25.547,35.786,15.418
Jowar,2011,Kharif     ,Chhattisgarh,8.58110651715989,4093,1302.7,13.702022749597868,7.47282473999983,0.797,25.547,35.786,15.418
Jute,2011,Kharif     ,Chhattisgarh,5.521460917862246,0,1302.7,10.638579616940074,4.420886705880596,0.0,25.547,35.786,15.418
Mesta,2011,Kharif     ,Chhattisgarh,7.103322062526113,2445,1302.7,12.223607016001255,5.99632770277397,1.934,25.547,35.786,15.418
Moong(Green Gram),2011,Kharif     ,Chhattisgarh,9.06566136060674,2306,1302.7,14.186649224143677,7.957233344299242,0.256,25.547,35.786,15.418
Moong(Green Gram),2011,Rabi       ,Chhattisgarh,8.809713540508268,1579,1302.7,13.930667891702686,7.701353945606728,0.283,25.547,35.786,15.418
Moong(Green Gram),2011,Summer     ,Chhattisgarh,0.6931471805599453,0,1302.7,5.127054437110816,0.2851789422336624,0.0,25.547,35.786,15.418
Other  Rabi pulses,2011,Rabi       ,Chhattisgarh,8.053251153549096,480,1302.7,13.174037683197815,6.945234091291259,0.229,25.547,35.786,15.418
Other Kharif pulses,2011,Kharif     ,Chhattisgarh,8.85552084853691,1740,1302.7,13.97648184448023,7.747147687753347,0.244,25.547,35.786,15.418
Peas & beans (Pulses),2011,Rabi       ,Chhattisgarh,9.579418082631959,5014,1302.7,14.700452102934342,8.470895817661468,0.341,25.547,35.786,15.418
Ragi,2011,Kharif     ,Chhattisgarh,9.005159521036145,2053,1302.7,14.126140218898078,7.896746135314493,0.506,25.547,35.786,15.418
Safflower,2011,Rabi       ,Chhattisgarh,6.169610732491456,134,1302.7,11.28863175247416,5.065186608700759,0.272,25.547,35.786,15.418
Sannhamp,2011,Whole Year ,Chhattisgarh,7.243512974665482,2869,1302.7,12.363904939890046,6.136300551153431,2.016,25.547,35.786,15.418
Sunflower,2011,Kharif     ,Chhattisgarh,8.157657015196472,1305,1302.7,13.278474899238029,7.049575970243959,0.509,25.547,35.786,15.418
Tobacco,2011,Whole Year ,Chhattisgarh,3.091042453358316,9,1302.7,8.165909403331996,2.0706530356467567,0.45,25.547,35.786,15.418
Turmeric,2011,Whole Year ,Chhattisgarh,6.954638864880987,989,1302.7,12.074792659444022,5.847911678242375,1.063,25.547,35.786,15.418
Urad,2011,Rabi       ,Chhattisgarh,8.2482674474469,1005,1302.7,13.369110011401334,7.140136035648829,0.258,25.547,35.786,15.418
Dry chillies,2011,Whole Year ,Gujarat,8.987321812850125,7400,890.5,14.108300313963483,7.878912912297133,0.925,26.534,37.981,16.402
Other Cereals,2011,Kharif     ,Gujarat,9.680406499268875,9500,890.5,14.801447121433856,8.571870752706934,0.555,26.534,37.981,16.402
Urad,2011,Summer     ,Gujarat,8.853808274977197,4400,890.5,13.974769027935954,7.745435610274381,0.79,26.534,37.981,16.402
Castor seed,2011,Kharif     ,Haryana,7.983781068977451,1300,471.541,13.104544846087299,6.875810432399485,0.445,25.28,37.73,13.544
Coriander,2011,Whole Year ,Haryana,5.62040086571715,300,471.541,10.737895551594969,4.51906748693468,0.705,25.28,37.73,13.544
Garlic,2011,Whole Year ,Haryana,7.133295954896068,1200,471.541,12.253605066691419,6.026252372593646,0.686,25.28,37.73,13.544
Ginger,2011,Kharif     ,Haryana,4.174387269895637,100,471.541,9.280079098577376,3.096482176654134,0.583,25.28,37.73,13.544
Groundnut,2011,Kharif     ,Haryana,7.642524134232902,2000,471.541,12.763150014404282,6.5348348023497,0.559,25.28,37.73,13.544
Horse-gram,2011,Kharif     ,Haryana,6.049733455231958,100,471.541,11.16848903821192,4.945847853091816,0.093,25.28,37.73,13.544
Jute,2011,Kharif     ,Haryana,6.481577129276431,0,471.541,11.601156464584399,5.376018874211889,0.0,25.28,37.73,13.544
Maize,2011,Kharif     ,Haryana,9.309823650461134,30000,471.541,14.430836403441349,8.201344813415883,1.145,25.28,37.73,13.544
Masoor,2011,Rabi       ,Haryana,8.24143968982973,3400,471.541,13.362280471004585,7.133311916460621,0.614,25.28,37.73,13.544
Moth,2011,Kharif     ,Haryana,7.8168199657645525,600,471.541,12.937522136871788,6.708975017744909,0.096,25.28,37.73,13.544
Other Kharif pulses,2011,Kharif     ,Haryana,6.295266001439646,0,471.541,11.414533059986365,5.190342324882738,0.0,25.28,37.73,13.544
Peas & beans (Pulses),2011,Rabi       ,Haryana,7.050989447068045,1000,471.541,12.171230444686197,5.944084638061173,0.326,25.28,37.73,13.544
Sannhamp,2011,Kharif     ,Haryana,4.189654742026425,0,471.541,9.295581850285448,3.1112906141882632,0.0,25.28,37.73,13.544
Sesamum,2011,Kharif     ,Haryana,7.58629630715272,700,471.541,12.706894599020474,6.478663240242817,0.202,25.28,37.73,13.544
Soyabean,2011,Kharif     ,Haryana,1.3862943611198906,0,471.541,6.221702870898058,0.688134638736401,0.0,25.28,37.73,13.544
Sunflower,2011,Kharif     ,Haryana,7.999342952713282,3100,471.541,13.120111964876088,6.891361634495703,1.267,25.28,37.73,13.544
Sweet potato,2011,Whole Year ,Haryana,3.6375861597263857,0,471.541,8.732181982874401,2.580974118534234,0.0,25.28,37.73,13.544
Tobacco,2011,Whole Year ,Haryana,2.4849066497880004,0,471.541,7.519540548769312,1.5325568680981427,0.0,25.28,37.73,13.544
Turmeric,2011,Whole Year ,Haryana,5.5909869805108565,200,471.541,10.708373762712572,4.4898715616246285,0.111,25.28,37.73,13.544
Urad,2011,Kharif     ,Haryana,7.607878073278507,700,471.541,12.728487138200485,6.500223035821711,0.162,25.28,37.73,13.544
Arhar/Tur,2011,Kharif     ,Himachal Pradesh,2.5649493574615367,4,1108.3,7.606506726261914,1.601405740736836,0.433,20.421,30.858,11.068
Bajra,2011,Kharif     ,Himachal Pradesh,5.4116460518550396,122,1108.3,10.528301286997545,4.312006449967072,0.49,20.421,30.858,11.068
Coriander,2011,Rabi       ,Himachal Pradesh,4.867534450455582,42,1108.3,9.980961425114694,3.774368840129351,0.339,20.421,30.858,11.068
Cotton(lint),2011,Kharif     ,Himachal Pradesh,2.995732273553991,43,1108.3,8.065855857811835,1.9837562915454279,2.21,20.421,30.858,11.068
Dry chillies,2011,Kharif     ,Himachal Pradesh,6.431331081933479,177,1108.3,11.550831853238376,5.32593253358101,0.272,20.421,30.858,11.068
Garlic,2011,Rabi       ,Himachal Pradesh,8.321421586897879,5799,1108.3,13.442282507029088,7.2132527113039195,1.192,20.421,30.858,11.068
Ginger,2011,Kharif     ,Himachal Pradesh,7.651595573857601,3736,1108.3,12.772225761354653,6.5438974569720685,1.825,20.421,30.858,11.068
Gram,2011,Rabi       ,Himachal Pradesh,6.418364935936212,614,1108.3,11.537844783568168,5.313008915291026,0.664,20.421,30.858,11.068
Groundnut,2011,Kharif     ,Himachal Pradesh,4.74493212836325,106,1108.3,9.857353557623743,3.653770277000368,0.88,20.421,30.858,11.068
Horse-gram,2011,Kharif     ,Himachal Pradesh,7.633853559681768,1030,1108.3,12.7544752861667,6.52617269933722,0.523,20.421,30.858,11.068
Linseed,2011,Rabi       ,Himachal Pradesh,6.947937068614969,309,1108.3,12.068084479083947,5.841222883777439,0.27,20.421,30.858,11.068
Masoor,2011,Rabi       ,Himachal Pradesh,6.395261598115449,550,1108.3,11.514703483358295,5.289982729757979,0.852,20.421,30.858,11.068
Moong(Green Gram),2011,Kharif     ,Himachal Pradesh,5.54907608489522,129,1108.3,10.666303509441196,4.448282430450947,0.479,20.421,30.858,11.068
Moth,2011,Kharif     ,Himachal Pradesh,2.833213344056216,4,1108.3,7.8940644895616465,1.8373699804801074,0.167,20.421,30.858,11.068
Other Kharif pulses,2011,Kharif     ,Himachal Pradesh,7.510977752014095,524,1108.3,12.631536570838346,6.403425180209709,0.353,20.421,30.858,11.068
Peas & beans (Pulses),2011,Kharif     ,Himachal Pradesh,7.16703787691222,1705,1108.3,12.287373330848704,6.059940618410053,1.332,20.421,30.858,11.068
Peas & beans (Pulses),2011,Rabi       ,Himachal Pradesh,6.927557906278317,1685,1108.3,12.04768563845977,5.820883796517047,1.396,20.421,30.858,11.068
Ragi,2011,Kharif     ,Himachal Pradesh,7.687080155783135,2446,1108.3,12.807726821593377,6.579348429506549,0.893,20.421,30.858,11.068
Rapeseed &Mustard,2011,Rabi       ,Himachal Pradesh,9.11679862756782,5110,1108.3,14.23779221856654,8.00835891693084,0.971,20.421,30.858,11.068
Sesamum,2011,Kharif     ,Himachal Pradesh,7.964503363551548,910,1108.3,13.085260541564795,6.856546191575395,0.318,20.421,30.858,11.068
Small millets,2011,Kharif     ,Himachal Pradesh,8.583542571957771,3226,1108.3,13.704459258244988,7.475259868337797,0.749,20.421,30.858,11.068
Soyabean,2011,Kharif     ,Himachal Pradesh,6.298949246855942,969,1108.3,11.418223060433093,5.194011849738723,1.503,20.421,30.858,11.068
Turmeric,2011,Kharif     ,Himachal Pradesh,5.288267030694535,98,1108.3,10.404336777109174,4.189806245700679,0.52,20.421,30.858,11.068
Urad,2011,Kharif     ,Himachal Pradesh,9.17626639164243,6150,1108.3,14.297266284994944,8.067813812626227,0.691,20.421,30.858,11.068
Castor seed,2011,Kharif     ,Madhya Pradesh,7.483806687665835,511,852.6,12.60435052057879,6.3762846732388585,0.259,25.701,36.72,15.082
Ginger,2011,Whole Year ,Madhya Pradesh,9.203013596589722,10714,852.6,14.324016204663396,8.094555474479357,0.947,25.701,36.72,15.082
Horse-gram,2011,Rabi       ,Madhya Pradesh,4.844187086458591,31,852.6,9.957432029431516,3.7513846594653333,0.238,25.701,36.72,15.082
Jowar,2011,Rabi       ,Madhya Pradesh,7.860956364876389,3994,852.6,12.981675834793407,6.753076126204311,1.733,25.701,36.72,15.082
Mesta,2011,Kharif     ,Madhya Pradesh,5.978885764901122,687,852.6,11.09746880715941,4.87534998330373,1.508,25.701,36.72,15.082
Moong(Green Gram),2011,Rabi       ,Madhya Pradesh,7.9724660159745655,695,852.6,13.093225935178184,6.864503250987336,0.213,25.701,36.72,15.082
Other Kharif pulses,2011,Kharif     ,Madhya Pradesh,9.220191688026556,1568,852.6,14.341196001691287,8.111730083306073,0.187,25.701,36.72,15.082
Ragi,2011,Kharif     ,Madhya Pradesh,5.572154032177765,68,852.6,10.689470034732492,4.471181545984774,0.13,25.701,36.72,15.082
Safflower,2011,Rabi       ,Madhya Pradesh,5.062595033026967,33,852.6,10.177386573636161,3.966700566718842,0.26,25.701,36.72,15.082
Sannhamp,2011,Kharif     ,Madhya Pradesh,8.096817470572319,4400,852.6,13.217617482909247,6.988772895892577,1.529,25.701,36.72,15.082
Sunflower,2011,Whole Year ,Madhya Pradesh,4.02535169073515,28,852.6,9.128544461674,2.952302715626655,0.355,25.701,36.72,15.082
Tobacco,2011,Whole Year ,Madhya Pradesh,5.209486152841421,50,852.6,10.32514223276271,4.111856987306732,0.173,25.701,36.72,15.082
Turmeric,2011,Whole Year ,Madhya Pradesh,6.903747257584598,720,852.6,12.023851483696477,5.797121015086702,0.793,25.701,36.72,15.082
Urad,2011,Rabi       ,Madhya Pradesh,8.774158291205957,1900,852.6,13.895107270812288,7.665809662708082,0.2,25.701,36.72,15.082
Castor seed,2011,Kharif     ,Maharashtra,8.999742789830492,3580,1174.095,14.120722824749953,7.891330757661889,0.445,25.435,35.858,15.694
Rapeseed &Mustard,2011,Rabi       ,Maharashtra,9.48044384215367,4570,1174.095,14.60147071199354,8.371936178759098,0.385,25.435,35.858,15.694
Sesamum,2011,Rabi       ,Maharashtra,8.071218539969863,970,1174.095,13.192010701357207,6.963189985870238,0.217,25.435,35.858,15.694
Small millets,2011,Rabi       ,Maharashtra,9.137877200242468,4220,1174.095,14.258873068138259,8.029432840581244,0.597,25.435,35.858,15.694
Sunflower,2011,Summer     ,Maharashtra,8.630700432209832,5200,1174.095,13.7516256898157,7.522400231387125,0.903,25.435,35.858,15.694
Arhar/Tur,2011,Kharif     ,Manipur,6.302618975744905,524,1533.562,11.421899494819954,5.197667958398107,0.969,20.686,29.842,12.928
Cowpea(Lobia),2011,Kharif     ,Manipur,6.802394763324311,980,1533.562,11.92239242165688,5.695985490353976,1.101,20.686,29.842,12.928
Gram,2011,Rabi       ,Manipur,6.415096959171596,521,1533.562,11.534571490203152,5.3097517441737,0.848,20.686,29.842,12.928
Groundnut,2011,Kharif     ,Manipur,8.118505067587098,2856,1533.562,13.239311575792144,7.010447237205683,0.853,20.686,29.842,12.928
Maize,2011,Rabi       ,Manipur,8.486940148245216,10500,1533.562,13.607837961864645,7.378695969049213,2.157,20.686,29.842,12.928
Masoor,2011,Rabi       ,Manipur,6.249975242259483,434,1533.562,11.36915716786281,5.145224460414211,0.833,20.686,29.842,12.928
Moong(Green Gram),2011,Kharif     ,Manipur,6.0867747269123065,420,1533.562,11.205615757910154,4.982715814098122,0.971,20.686,29.842,12.928
Other  Rabi pulses,2011,Rabi       ,Manipur,8.517193191416238,4328,1533.562,13.638097112661207,7.40893654508039,0.879,20.686,29.842,12.928
Other Kharif pulses,2011,Kharif     ,Manipur,7.2875606403097235,1623,1533.562,12.407983244721175,6.18028576857662,1.12,20.686,29.842,12.928
Soyabean,2011,Kharif     ,Manipur,8.526351129201004,4504,1533.562,13.64725686314739,7.418090782658897,0.891,20.686,29.842,12.928
Urad,2011,Kharif     ,Manipur,7.317876198626496,1650,1533.562,12.438319119243456,6.210559915575622,1.137,20.686,29.842,12.928
Wheat,2011,Rabi       ,Manipur,7.67368812926773,5370,1533.562,12.794328644722167,6.565968947537155,2.473,20.686,29.842,12.928
Arhar/Tur,2011,Kharif     ,Mizoram,4.762173934797756,114,2439.341,9.874744397563893,3.670715483486265,0.928,20.671,30.696,12.05
Cotton(lint),2011,Kharif     ,Mizoram,5.0689042022202315,109,2439.341,10.183735560679077,3.9729299403316674,0.63,20.671,30.696,12.05
Cowpea(Lobia),2011,Kharif     ,Mizoram,7.23561914106675,1458,2439.341,12.3560054712753,6.128418202106719,0.966,20.671,30.696,12.05
Cowpea(Lobia),2011,Rabi       ,Mizoram,5.429345628954441,283,2439.341,10.546079061334895,4.3295484280286765,1.13,20.671,30.696,12.05
Maize,2011,Kharif     ,Mizoram,8.80941494391005,8130,2439.341,13.930369250784045,7.70105543949192,1.32,20.671,30.696,12.05
Maize,2011,Rabi       ,Mizoram,5.3471075307174685,268,2439.341,10.463465560576212,4.248066578757805,1.327,20.671,30.696,12.05
Other  Rabi pulses,2011,Rabi       ,Mizoram,7.29776828253138,2815,2439.341,12.418197796608128,6.190479326843597,1.542,20.671,30.696,12.05
Other Kharif pulses,2011,Kharif     ,Mizoram,6.388057076712548,609,2439.341,11.50748694298278,5.282802633081452,0.911,20.671,30.696,12.05
Rapeseed &Mustard,2011,Kharif     ,Mizoram,2.3978952727983707,4,2439.341,7.4242846056648055,1.4586150226995167,0.4,20.671,30.696,12.05
Rapeseed &Mustard,2011,Rabi       ,Mizoram,5.902633333401366,340,2439.341,11.021016455191491,4.799502655448181,1.57,20.671,30.696,12.05
Rice,2011,Kharif     ,Mizoram,9.44943600950432,25304,2439.341,14.570460489603168,8.340933226000878,2.031,20.671,30.696,12.05
Rice,2011,Rabi       ,Mizoram,6.111467339502679,947,2439.341,11.230363595213019,5.0072963928307415,2.378,20.671,30.696,12.05
Sesamum,2011,Kharif     ,Mizoram,6.86171134048073,605,2439.341,11.981772675821885,5.755172431038497,0.512,20.671,30.696,12.05
Soyabean,2011,Kharif     ,Mizoram,7.0428978729244305,1433,2439.341,12.163131866303388,5.936007332466584,1.171,20.671,30.696,12.05
Tobacco,2011,Whole Year ,Mizoram,5.60947179518496,243,2439.341,10.72692675963507,4.508218659911641,0.912,20.671,30.696,12.05
Arhar/Tur,2011,Kharif     ,Nagaland,7.83241092718792,2150,1544.355,12.953119296448893,6.724553334760875,0.829,19.485,28.73,11.473
Bajra,2011,Kharif     ,Nagaland,6.478509642208569,560,1544.355,11.598084293718179,5.372960909543803,0.866,19.485,28.73,11.473
Barley,2011,Rabi       ,Nagaland,6.133398042996649,730,1544.355,11.252342213557004,5.02912987673242,1.585,19.485,28.73,11.473
Castor seed,2011,Kharif     ,Nagaland,5.638354669333745,190,1544.355,10.75591366948024,4.536891345234797,0.632,19.485,28.73,11.473
Cotton(lint),2011,Kharif     ,Nagaland,4.709530201312334,60,1544.355,9.82163737904662,3.6189933266497696,0.53,19.485,28.73,11.473
Gram,2011,Rabi       ,Nagaland,6.621405651764134,540,1544.355,11.741183912869555,5.5154428455366835,0.715,19.485,28.73,11.473
Groundnut,2011,Kharif     ,Nagaland,6.621405651764134,760,1544.355,11.741183912869555,5.5154428455366835,1.008,19.485,28.73,11.473
Horse-gram,2011,Kharif     ,Nagaland,5.802118375377063,330,1544.355,10.920213490620615,4.699570861409576,1.012,19.485,28.73,11.473
Jowar,2011,Kharif     ,Nagaland,4.795790545596741,110,1544.355,9.90864423397106,3.703768066607687,0.934,19.485,28.73,11.473
Jute,2011,Kharif     ,Nagaland,8.019941687677365,5480,1544.355,13.140717505150988,6.911946483600605,1.802,19.485,28.73,11.473
Linseed,2011,Rabi       ,Nagaland,8.655388690167637,4630,1544.355,13.776318276406812,7.547079652844576,0.808,19.485,28.73,11.473
Maize,2011,Rabi       ,Nagaland,8.521384396034705,9840,1544.355,13.642289148938069,7.413126052065164,1.957,19.485,28.73,11.473
Masoor,2011,Rabi       ,Nagaland,7.596392304064196,1520,1544.355,12.716995664553092,6.488748900307305,0.764,19.485,28.73,11.473
Mesta,2011,Kharif     ,Nagaland,7.365812837209472,3030,1544.355,12.48628665126046,6.258433577962221,1.879,19.485,28.73,11.473
Peas & beans (Pulses),2011,Kharif     ,Nagaland,7.692113339595466,2730,1544.355,12.812762295699143,6.584376941872082,1.249,19.485,28.73,11.473
Peas & beans (Pulses),2011,Rabi       ,Nagaland,8.845201135339584,6310,1544.355,13.966160660772056,7.736830976766327,0.905,19.485,28.73,11.473
Ragi,2011,Kharif     ,Nagaland,5.739792912179234,290,1544.355,10.857694300662747,4.637637376125593,0.963,19.485,28.73,11.473
Rice,2011,Rabi       ,Nagaland,7.836369760545124,5990,1544.355,12.95707968830207,6.72850898870511,2.34,19.485,28.73,11.473
Sesamum,2011,Kharif     ,Nagaland,8.160803920954665,2100,1544.355,13.281622700151559,7.052721049232323,0.604,19.485,28.73,11.473
Small millets,2011,Kharif     ,Nagaland,9.049114723476961,8040,1544.355,14.170100670150797,7.940690620974377,0.889,19.485,28.73,11.473
Sunflower,2011,Kharif     ,Nagaland,5.3981627015177525,180,1544.355,10.514757426908679,4.298645025734831,0.737,19.485,28.73,11.473
Sunflower,2011,Rabi       ,Nagaland,7.555381944240273,1000,1544.355,12.675964393517434,6.44778118537358,0.524,19.485,28.73,11.473
Urad,2011,Kharif     ,Nagaland,5.3981627015177525,210,1544.355,10.514757426908679,4.298645025734831,0.988,19.485,28.73,11.473
Urad,2011,Rabi       ,Nagaland,6.523562306149512,450,1544.355,11.643204323836914,5.417876601605676,0.645,19.485,28.73,11.473
Wheat,2011,Rabi       ,Nagaland,8.055475141757274,5390,1544.355,13.176262373999311,6.9474566458336895,1.711,19.485,28.73,11.473
Arhar/Tur,2011,Kharif     ,Punjab,8.03947991910045,2700,705.2,13.160262063218283,6.931471805599453,0.923,24.964,36.965,13.75
Bajra,2011,Kharif     ,Punjab,8.006700845440367,3000,705.2,13.127472304582655,6.898714534329988,1.0,24.964,36.965,13.75
Gram,2011,Rabi       ,Punjab,7.496097345175956,2200,705.2,12.616648007354586,6.38856140554563,1.162,24.964,36.965,13.75
Groundnut,2011,Kharif     ,Punjab,7.438971592395862,2900,705.2,12.559489788593595,6.331501849893691,1.375,24.964,36.965,13.75
Guar seed,2011,Kharif     ,Punjab,9.23024103368252,8500,705.2,14.35124633163329,8.121777419161074,0.833,24.964,36.965,13.75
Masoor,2011,Rabi       ,Punjab,6.90875477931522,720,705.2,12.028863995523032,5.802118375377063,0.715,24.964,36.965,13.75
Moong(Green Gram),2011,Kharif     ,Punjab,8.79497643168877,5600,705.2,13.915928579596407,7.68662133494462,0.895,24.964,36.965,13.75
Peas & beans (Pulses),2011,Rabi       ,Punjab,7.937731775260109,3500,705.2,13.058479575224851,6.829793737512425,1.16,24.964,36.965,13.75
Sesamum,2011,Kharif     ,Punjab,8.476579508530941,1600,705.2,13.597475187650037,7.368339686311381,0.39,24.964,36.965,13.75
Urad,2011,Kharif     ,Punjab,7.937731775260109,1100,705.2,13.058479575224851,6.829793737512425,0.488,24.964,36.965,13.75
Arhar/Tur,2011,Kharif     ,Tripura,7.3914152346753585,1212,2295.609,12.511904951415271,6.2840035555273435,0.75,24.552,33.258,16.629
Cotton(lint),2011,Kharif     ,Tripura,6.856461984594587,1348,2295.609,11.976517835951029,5.749934240677345,1.428,24.552,33.258,16.629
Gram,2011,Rabi       ,Tripura,4.997212273764115,115,2295.609,10.111575941487928,3.9021746693733315,0.795,24.552,33.258,16.629
Groundnut,2011,Kharif     ,Tripura,5.393627546352362,235,2295.609,10.510201734268088,4.294151248171873,1.085,24.552,33.258,16.629
Groundnut,2011,Rabi       ,Tripura,5.91350300563827,480,2295.609,11.03191556836655,4.8103126861927485,1.328,24.552,33.258,16.629
Maize,2011,Kharif     ,Tripura,8.227909837597483,5058,2295.609,13.348747049852124,7.119789347886517,1.338,24.552,33.258,16.629
Masoor,2011,Rabi       ,Tripura,6.054439346269371,335,2295.609,11.17320596168091,4.9505313700265505,0.775,24.552,33.258,16.629
Moong(Green Gram),2011,Kharif     ,Tripura,6.137727054086234,247,2295.609,11.256680558978685,5.033439946749519,0.535,24.552,33.258,16.629
Moong(Green Gram),2011,Rabi       ,Tripura,5.529429087511423,147,2295.609,10.646579468586687,4.428790938649766,0.585,24.552,33.258,16.629
Other  Rabi pulses,2011,Rabi       ,Tripura,7.0825485693553,966,2295.609,12.202816349548401,5.975589197949692,0.798,24.552,33.258,16.629
Other Kharif pulses,2011,Kharif     ,Tripura,7.576097340623111,1244,2295.609,12.696690459924813,6.468474822379242,0.63,24.552,33.258,16.629
Peas & beans (Pulses),2011,Rabi       ,Tripura,6.792344427470809,690,2295.609,11.912330917057925,5.685957889743649,0.78,24.552,33.258,16.629
Rapeseed &Mustard,2011,Rabi       ,Tripura,7.664815785285735,1683,2295.609,12.785452180454126,6.557105007347188,0.785,24.552,33.258,16.629
Sesamum,2011,Kharif     ,Tripura,7.57198844937744,1095,2295.609,12.69257946982896,6.464370211373735,0.558,24.552,33.258,16.629
Urad,2011,Kharif     ,Tripura,7.049254841255837,711,2295.609,12.169494342135165,5.942353081326715,0.62,24.552,33.258,16.629
Urad,2011,Rabi       ,Tripura,6.206575926724928,337,2295.609,11.32567256908585,5.101998300110228,0.632,24.552,33.258,16.629
Wheat,2011,Rabi       ,Tripura,5.616771097666572,536,2295.609,10.734252639537525,4.515464272903598,1.938,24.552,33.258,16.629
Coriander,2011,Rabi       ,Uttar Pradesh,8.781401907682376,3603,777.4,13.902351997181965,7.673051013288749,0.57,25.268,35.668,14.822
Cotton(lint),2011,Kharif     ,Uttar Pradesh,8.254008590564844,911,777.4,13.374852644181038,7.145874138539302,0.236,25.268,35.668,14.822
Dry chillies,2011,Kharif     ,Uttar Pradesh,9.494390858193913,11026,777.4,14.61541877898917,8.385881048719636,0.839,25.268,35.668,14.822
Ginger,2011,Kharif     ,Uttar Pradesh,6.742880635791903,2405,777.4,11.862810489490279,5.636609374951169,2.91,25.268,35.668,14.822
Guar seed,2011,Kharif     ,Uttar Pradesh,7.763446388727362,1924,777.4,12.88412659416324,6.655646249374912,0.812,25.268,35.668,14.822
Maize,2011,Rabi       ,Uttar Pradesh,9.089866218508309,21143,777.4,14.210856829556322,7.981432592359075,2.371,25.268,35.668,14.822
Sannhamp,2011,Kharif     ,Uttar Pradesh,7.68017564043659,593,777.4,12.800819145604427,6.572450360779597,0.256,25.268,35.668,14.822
Small millets,2011,Kharif     ,Uttar Pradesh,9.076694687106265,8097,777.4,14.197683811295937,7.968264096815938,0.978,25.268,35.668,14.822
Sunflower,2011,Summer     ,Uttar Pradesh,8.178358165605836,6080,777.4,13.299181886836934,7.0702652084394115,1.712,25.268,35.668,14.822
Tobacco,2011,Summer     ,Uttar Pradesh,6.0063531596017325,1251,777.4,11.12500455346949,4.902678819257608,3.065,25.268,35.668,14.822
Turmeric,2011,Rabi       ,Uttar Pradesh,7.511524648390866,5149,777.4,12.632083764687055,6.403971470005192,2.848,25.268,35.668,14.822
Arhar/Tur,2011,Kharif     ,Uttarakhand,7.853604813097837,1740,1564.7,12.974321454404004,6.745730345095494,0.637,18.21,27.638,9.845
Gram,2011,Rabi       ,Uttarakhand,6.580639137284949,574,1564.7,11.700362249981966,5.474788509663815,0.693,18.21,27.638,9.845
Groundnut,2011,Kharif     ,Uttarakhand,7.102499355774649,1538,1564.7,12.222783635893078,5.995506367934314,1.252,18.21,27.638,9.845
Horse-gram,2011,Kharif     ,Uttarakhand,9.212038928611765,8120,1564.7,14.333042436451993,8.103578969289451,0.848,18.21,27.638,9.845
Maize,2011,Summer     ,Uttarakhand,3.871201010907891,94,1564.7,8.971377350054208,2.8039662579320366,1.873,18.21,27.638,9.845
Masoor,2011,Rabi       ,Uttarakhand,9.303739636234733,9045,1564.7,14.424751839995485,8.19526192065979,0.745,18.21,27.638,9.845
Moong(Green Gram),2011,Summer     ,Uttarakhand,1.3862943611198906,2,1564.7,6.221702870898058,0.688134638736401,0.67,18.21,27.638,9.845
Moth,2011,Kharif     ,Uttarakhand,1.0986122886681098,2,1564.7,5.817230200496646,0.5068176023684519,1.0,18.21,27.638,9.845
Other  Rabi pulses,2011,Rabi       ,Uttarakhand,3.1780538303479458,14,1564.7,8.25685647009326,2.150598735996164,0.615,18.21,27.638,9.845
Other Cereals,2011,Rabi       ,Uttarakhand,6.169610732491456,412,1564.7,11.28863175247416,5.065186608700759,0.849,18.21,27.638,9.845
Other Kharif pulses,2011,Kharif     ,Uttarakhand,9.229162126216771,8848,1564.7,14.350167318967033,8.120698726503173,0.806,18.21,27.638,9.845
Peas & beans (Pulses),2011,Rabi       ,Uttarakhand,8.763584409450138,6576,1564.7,13.884531754383405,7.655239118195056,0.71,18.21,27.638,9.845
Rapeseed &Mustard,2011,Rabi       ,Uttarakhand,9.424806382096705,9733,1564.7,14.545828910494434,8.316307583973272,0.653,18.21,27.638,9.845
Rice,2011,Summer     ,Uttarakhand,9.523763287920113,45267,1564.7,14.644793374660988,8.415249055503873,3.31,18.21,27.638,9.845
Sesamum,2011,Kharif     ,Uttarakhand,7.465082736399547,400,1564.7,12.58561600263341,6.3575822673732985,0.226,18.21,27.638,9.845
Soyabean,2011,Kharif     ,Uttarakhand,9.109635667854551,14414,1564.7,14.230628474122232,8.001197559493182,1.134,18.21,27.638,9.845
Sunflower,2011,Kharif     ,Uttarakhand,3.2188758248682006,10,1564.7,8.299405273063076,2.188295946591918,0.38,18.21,27.638,9.845
Tobacco,2011,Whole Year ,Uttarakhand,1.9459101490553132,9,1564.7,6.913856627840113,1.091923300517313,1.39,18.21,27.638,9.845
Urad,2011,Kharif     ,Uttarakhand,9.306922469822426,8941,1564.7,14.42793496132248,8.19844416670284,0.696,18.21,27.638,9.845
Urad,2011,Summer     ,Uttarakhand,4.356708826689592,19,1564.7,9.46498569112015,3.273742726309041,0.25,18.21,27.638,9.845
other oilseeds,2011,Rabi       ,Uttarakhand,6.660575149839686,890,1564.7,11.780404319900278,5.554508771908447,1.068,18.21,27.638,9.845
Gram,2011,Rabi       ,Jharkhand,9.549309488795982,13022,1374.7,14.670341408289685,8.440791513807158,1.001,23.155,33.321,13.854
Masoor,2011,Rabi       ,Jharkhand,8.53660358493606,5038,1374.7,13.657511328628246,7.428339135943801,1.012,23.155,33.321,13.854
Rapeseed &Mustard,2011,Rabi       ,Jharkhand,8.920923462230686,6484,1374.7,14.041893432999652,7.81253197805824,0.852,23.155,33.321,13.854
Arhar/Tur,2011,Rabi       ,West Bengal,7.130098510125578,543,1686.5,12.250405079242473,6.023060108697733,0.43,25.545,35.011,16.364
Bajra,2011,Kharif     ,West Bengal,4.0943445622221,22,1686.5,9.19874136279949,3.018960399673198,0.37,25.545,35.011,16.364
Barley,2011,Rabi       ,West Bengal,7.745435610274381,3339,1686.5,12.866108134806366,6.637651138804425,1.489,25.545,35.011,16.364
Castor seed,2011,Kharif     ,West Bengal,4.2626798770413155,42,1686.5,9.369683263199727,3.1822118404966093,0.6,25.545,35.011,16.364
Cotton(lint),2011,Kharif     ,West Bengal,4.969813299576001,431,1686.5,10.08398912082195,3.8751515306522415,2.93,25.545,35.011,16.364
Groundnut,2011,Autumn     ,West Bengal,7.294377299288821,1268,1686.5,12.414804525795978,6.1870930063815495,1.016,25.545,35.011,16.364
Groundnut,2011,Rabi       ,West Bengal,8.955835144218959,14402,1686.5,14.076809670743678,7.8474343586288215,1.778,25.545,35.011,16.364
Horse-gram,2011,Kharif     ,West Bengal,7.624130585661289,984,1686.5,12.744747611242683,6.516459312788165,0.525,25.545,35.011,16.364
Jowar,2011,Kharif     ,West Bengal,3.1780538303479458,6,1686.5,8.25685647009326,2.150598735996164,0.26,25.545,35.011,16.364
Linseed,2011,Rabi       ,West Bengal,8.324093761450404,1478,1686.5,13.444955327000757,7.2159235685587335,0.357,25.545,35.011,16.364
Moong(Green Gram),2011,Kharif     ,West Bengal,6.693323668269949,577,1686.5,11.81319389585017,5.587173749227587,0.666,25.545,35.011,16.364
Moong(Green Gram),2011,Rabi       ,West Bengal,7.5688956634069955,1289,1686.5,12.68948509834061,6.461280658773395,0.7,25.545,35.011,16.364
Niger seed,2011,Kharif     ,West Bengal,8.180320874773685,2408,1686.5,13.301145143190558,7.07222680092992,0.545,25.545,35.011,16.364
Other  Rabi pulses,2011,Rabi       ,West Bengal,5.69035945432406,124,1686.5,10.80809833863523,4.5885325448350684,0.433,25.545,35.011,16.364
Other Kharif pulses,2011,Kharif     ,West Bengal,6.352629396319567,247,1686.5,11.471998881647423,5.247497644218062,0.442,25.545,35.011,16.364
Peas & beans (Pulses),2011,Rabi       ,West Bengal,9.400133943608838,10939,1686.5,14.521154468114856,8.291639237414152,0.876,25.545,35.011,16.364
Ragi,2011,Autumn     ,West Bengal,9.03884005381381,8242,1686.5,14.159824794144033,7.9304184143828635,0.708,25.545,35.011,16.364
Safflower,2011,Rabi       ,West Bengal,6.0473721790462776,362,1686.5,11.166122206642278,4.943497843108764,0.823,25.545,35.011,16.364
Sesamum,2011,Autumn     ,West Bengal,6.851184927493743,538,1686.5,11.971235236803333,5.744668467128544,0.563,25.545,35.011,16.364
Sesamum,2011,Winter     ,West Bengal,6.99117688712121,677,1686.5,12.11136474431968,5.8843803244983075,0.569,25.545,35.011,16.364
Small millets,2011,Kharif     ,West Bengal,6.928537818164665,678,1686.5,12.048666505772129,5.821861762721802,0.51,25.545,35.011,16.364
Small millets,2011,Rabi       ,West Bengal,6.2166061010848646,716,1686.5,11.335722784346121,5.111987788356544,1.0,25.545,35.011,16.364
Soyabean,2011,Kharif     ,West Bengal,6.366470447731438,474,1686.5,11.485863778338715,5.26129024571096,0.72,25.545,35.011,16.364
Sunflower,2011,Kharif     ,West Bengal,8.826587830773668,7939,1686.5,13.947544665216295,7.718223166118623,1.257,25.545,35.011,16.364
Urad,2011,Rabi       ,West Bengal,9.122492281402987,7766,1686.5,14.243486492166582,8.014051305318091,0.758,25.545,35.011,16.364
Bajra,2012,Kharif     ,Bihar,8.353497098745448,4838,924.1,13.369217517818228,7.182838315857403,1.141,25.631,36.71,14.802
Barley,2012,Rabi       ,Bihar,9.252824983582338,15231,924.1,14.268684229649764,8.081855301780191,1.465,25.631,36.71,14.802
Castor seed,2012,Kharif     ,Bihar,4.61512051684126,96,924.1,9.621190952360685,3.4657359027997265,0.987,25.631,36.71,14.802
Groundnut,2012,Kharif     ,Bihar,6.637258031284457,779,924.1,11.651909713715726,5.4689879806011295,1.011,25.631,36.71,14.802
Horse-gram,2012,Kharif     ,Bihar,8.988071438072634,7752,924.1,14.00390182341728,7.817166400511394,0.974,25.631,36.71,14.802
Jowar,2012,Kharif     ,Bihar,7.875499292445208,2819,924.1,12.89107625705937,6.705161624708119,1.084,25.631,36.71,14.802
Moong(Green Gram),2012,Kharif     ,Bihar,9.086589564540008,7179,924.1,14.10243159089893,7.9156584533580325,0.695,25.631,36.71,14.802
Other  Rabi pulses,2012,Rabi       ,Bihar,7.236339342754344,1528,924.1,12.251578374222662,6.066757531143414,1.093,25.631,36.71,14.802
Other Kharif pulses,2012,Kharif     ,Bihar,8.000684784514748,2416,924.1,13.016306174671968,6.83024768851513,0.862,25.631,36.71,14.802
Ragi,2012,Kharif     ,Bihar,8.979164648964709,9371,924.1,13.994993924236566,7.808262097700483,1.302,25.631,36.71,14.802
Safflower,2012,Rabi       ,Bihar,4.653960350157523,84,924.1,9.660409115179936,3.5037539699872475,0.933,25.631,36.71,14.802
Sannhamp,2012,Kharif     ,Bihar,7.116394144093465,990,924.1,12.131541968664786,5.947016193622247,0.807,25.631,36.71,14.802
Sesamum,2012,Kharif     ,Bihar,7.700295203420117,1948,924.1,12.715799866272372,6.530119322792649,0.906,25.631,36.71,14.802
Small millets,2012,Kharif     ,Bihar,7.967973179662935,2209,924.1,12.983583492652688,6.797560876674425,0.769,25.631,36.71,14.802
Sunflower,2012,Rabi       ,Bihar,9.665547571979161,22235,924.1,14.681439014549644,8.494505767091464,1.45,25.631,36.71,14.802
Tobacco,2012,Whole Year ,Bihar,9.297801647746176,20626,924.1,14.313665081338161,8.126822585935045,1.896,25.631,36.71,14.802
Urad,2012,Kharif     ,Bihar,9.55094690773585,12149,924.1,14.566830698649106,8.379922243935564,0.904,25.631,36.71,14.802
Bajra,2012,Kharif     ,Chhattisgarh,5.924255797414532,158,1366.8,10.937550653343111,4.759006530702958,0.607,26.0,36.635,14.278
Barley,2012,Rabi       ,Chhattisgarh,7.941651252930556,1332,1366.8,12.957252385531229,6.771259496893599,0.62,26.0,36.635,14.278
Castor seed,2012,Kharif     ,Chhattisgarh,4.51085950651685,30,1366.8,9.515837804297965,3.3638415951183864,0.376,26.0,36.635,14.278
Coconut ,2012,Whole Year ,Chhattisgarh,4.61512051684126,0,1366.8,9.621190952360685,3.4657359027997265,0.0,26.0,36.635,14.278
Coriander,2012,Whole Year ,Chhattisgarh,7.992944547318106,841,1366.8,13.008563349032634,6.8225132448727175,0.281,26.0,36.635,14.278
Cotton(lint),2012,Kharif     ,Chhattisgarh,4.882801922586371,138,1366.8,9.89120239810249,3.72834052299485,1.154,26.0,36.635,14.278
Dry chillies,2012,Whole Year ,Chhattisgarh,8.777555453213056,6552,1366.8,13.793356764842652,7.606715530856374,1.009,26.0,36.635,14.278
Garlic,2012,Whole Year ,Chhattisgarh,7.069874128458572,3141,1366.8,12.084983525795538,5.900582050630809,2.834,26.0,36.635,14.278
Ginger,2012,Whole Year ,Chhattisgarh,7.552762084214147,2282,1366.8,12.568195224125834,6.382746210699672,1.198,26.0,36.635,14.278
Horse-gram,2012,Rabi       ,Chhattisgarh,7.31986492980897,425,1366.8,12.335161308831541,6.1501549069772725,0.301,26.0,36.635,14.278
Jowar,2012,Kharif     ,Chhattisgarh,8.738094230177667,4458,1366.8,13.75388937724793,7.567268113543094,0.713,26.0,36.635,14.278
Jute,2012,Kharif     ,Chhattisgarh,5.247024072160486,0,1366.8,10.257736556259973,4.087487774758888,0.0,26.0,36.635,14.278
Masoor,2012,Rabi       ,Chhattisgarh,9.671870704017296,5147,1366.8,14.687762543782712,8.500828009329958,0.33,26.0,36.635,14.278
Mesta,2012,Kharif     ,Chhattisgarh,7.109062135687172,2273,1366.8,12.1242040218862,5.939697456286099,2.078,26.0,36.635,14.278
Moong(Green Gram),2012,Kharif     ,Chhattisgarh,9.052633375946147,2652,1366.8,14.068471518854968,7.881710963050691,0.287,26.0,36.635,14.278
Moong(Green Gram),2012,Rabi       ,Chhattisgarh,8.846065190692881,1585,1366.8,13.86187664357073,7.675202556095873,0.265,26.0,36.635,14.278
Onion,2012,Whole Year ,Chhattisgarh,8.599510233905452,18613,1366.8,13.615281698211682,7.428737152992502,3.12,26.0,36.635,14.278
Other  Rabi pulses,2012,Rabi       ,Chhattisgarh,7.811163385025279,394,1366.8,12.826715260101114,6.640881863556597,0.199,26.0,36.635,14.278
Other Kharif pulses,2012,Kharif     ,Chhattisgarh,9.446281681520253,1789,1366.8,14.462157675071232,8.275274484775693,0.26,26.0,36.635,14.278
Peas & beans (Pulses),2012,Rabi       ,Chhattisgarh,9.5227394469648,5131,1366.8,14.538621216155185,8.35171931211613,0.35,26.0,36.635,14.278
Ragi,2012,Kharif     ,Chhattisgarh,9.024733424190698,2344,1366.8,14.040568276091701,7.853818382523273,0.271,26.0,36.635,14.278
Safflower,2012,Rabi       ,Chhattisgarh,6.525029657843462,195,1366.8,11.539526499267346,5.357105008031125,0.285,26.0,36.635,14.278
Sannhamp,2012,Whole Year ,Chhattisgarh,7.122866658599083,420,1366.8,12.138019689327283,5.953477073202482,0.315,26.0,36.635,14.278
Sugarcane,2012,Whole Year ,Chhattisgarh,9.129997619293645,25800,1366.8,14.14584442183642,7.959055810098996,3.1,26.0,36.635,14.278
Sunflower,2012,Kharif     ,Chhattisgarh,8.065579427282092,1111,1366.8,13.081221748473103,6.895095480835346,0.452,26.0,36.635,14.278
Tobacco,2012,Whole Year ,Chhattisgarh,2.9444389791664403,8,1366.8,7.906694551166181,1.884034745337226,1.208,26.0,36.635,14.278
Turmeric,2012,Whole Year ,Chhattisgarh,6.953684210870537,945,1366.8,11.968689439853327,5.784624862500301,1.022,26.0,36.635,14.278
Urad,2012,Rabi       ,Chhattisgarh,8.12740456269308,850,1366.8,13.143065599943345,6.956878720941689,0.285,26.0,36.635,14.278
Dry chillies,2012,Whole Year ,Gujarat,8.77971129020447,6700,460.6,13.795512931657022,7.60887062919126,0.994,26.762,38.332,16.165
Garlic,2012,Whole Year ,Gujarat,8.881975184248867,34500,460.6,13.89779168159143,7.711101251840158,3.817,26.762,38.332,16.165
Maize,2012,Summer     ,Gujarat,8.294299608857235,8300,460.6,13.310005753499443,7.123672785204607,1.715,26.762,38.332,16.165
Moth,2012,Kharif     ,Gujarat,9.55400099583723,5400,460.6,14.56988500224495,8.382975849296429,0.621,26.762,38.332,16.165
Other Cereals,2012,Kharif     ,Gujarat,9.441531454869693,6300,460.6,14.457407074806916,8.27052509505507,0.606,26.762,38.332,16.165
Urad,2012,Summer     ,Gujarat,5.993961427306569,500,460.6,11.007435580793757,4.8283137373023015,1.25,26.762,38.332,16.165
Arhar/Tur,2012,Kharif     ,Haryana,9.437714959818209,13863,307.9,14.45359027829281,8.266709275307461,0.993,25.415,38.273,13.546
Castor seed,2012,Kharif     ,Haryana,7.141245122350491,606,307.9,12.156412753256879,5.971822906852693,0.464,25.415,38.273,13.546
Coriander,2012,Whole Year ,Haryana,5.68697535633982,307,307.9,10.699556778099442,4.523309159507771,1.002,25.415,38.273,13.546
Ginger,2012,Kharif     ,Haryana,4.219507705176107,0,307.9,9.220746044690063,3.080532875246456,0.0,25.415,38.273,13.546
Groundnut,2012,Kharif     ,Haryana,7.865955413933502,3071,307.9,12.881528757883089,6.695625848931027,1.058,25.415,38.273,13.546
Horse-gram,2012,Kharif     ,Haryana,5.840641657373398,136,307.9,10.853704235788289,4.675908200493433,0.26,25.415,38.273,13.546
Maize,2012,Kharif     ,Haryana,9.198166571044474,26000,307.9,14.21402046799428,8.027208871021895,1.236,25.415,38.273,13.546
Masoor,2012,Rabi       ,Haryana,7.8713112033234065,2574,307.9,12.886886583356228,6.700977081754192,0.944,25.415,38.273,13.546
Moong(Green Gram),2012,Kharif     ,Haryana,9.061492275239766,4167,307.9,14.077331444059242,7.890567564484604,0.442,25.415,38.273,13.546
Moth,2012,Kharif     ,Haryana,6.3835066348840055,222,307.9,11.39778169339033,5.216076411164126,0.436,25.415,38.273,13.546
Peas & beans (Pulses),2012,Rabi       ,Haryana,7.016609683894219,1524,307.9,12.031672828736127,5.847420951524005,1.235,25.415,38.273,13.546
Sannhamp,2012,Kharif     ,Haryana,4.3694478524670215,29,307.9,9.372748295313002,3.2260500286162013,0.352,25.415,38.273,13.546
Sesamum,2012,Kharif     ,Haryana,7.286191714702382,579,307.9,12.301465549185513,6.116532097257847,0.364,25.415,38.273,13.546
Sunflower,2012,Kharif     ,Haryana,8.266678443305896,8400,307.9,13.282377632823144,7.096067191050874,2.087,25.415,38.273,13.546
Tobacco,2012,Whole Year ,Haryana,2.4849066497880004,0,307.9,7.414452392164348,1.4838746894587547,0.0,25.415,38.273,13.546
Turmeric,2012,Whole Year ,Haryana,5.662960480135946,265,307.9,10.675459776640535,4.499476281429027,0.866,25.415,38.273,13.546
Urad,2012,Kharif     ,Haryana,7.676473646389156,816,307.9,12.691967463340005,6.506322031987343,0.322,25.415,38.273,13.546
other oilseeds,2012,Kharif     ,Haryana,3.9889840465642745,0,307.9,8.986371480162186,2.8581928595319295,0.0,25.415,38.273,13.546
Arhar/Tur,2012,Kharif     ,Himachal Pradesh,3.091042453358316,7,1035.0,8.06079261962832,2.0162354657760435,0.31,21.056,32.268,11.587
Bajra,2012,Kharif     ,Himachal Pradesh,7.798112628829788,1236,1035.0,12.813659214413217,6.627842943794716,0.504,21.056,32.268,11.587
Coriander,2012,Rabi       ,Himachal Pradesh,4.976733742420574,46,1035.0,9.985813804782158,3.8207845249938748,0.318,21.056,32.268,11.587
Cotton(lint),2012,Kharif     ,Himachal Pradesh,1.0986122886681098,1,1035.0,5.712411801354255,0.4824261492442927,0.25,21.056,32.268,11.587
Dry chillies,2012,Kharif     ,Himachal Pradesh,6.447305862541213,205,1035.0,11.461684800776633,5.279644101282416,0.322,21.056,32.268,11.587
Garlic,2012,Rabi       ,Himachal Pradesh,8.366137716496281,6026,1035.0,13.381861075655468,7.195472350821432,1.257,21.056,32.268,11.587
Gram,2012,Rabi       ,Himachal Pradesh,6.111467339502679,422,1035.0,11.125216774451276,4.945207488773801,0.95,21.056,32.268,11.587
Groundnut,2012,Kharif     ,Himachal Pradesh,3.1354942159291497,19,1035.0,8.107298286228687,2.05668455455722,0.888,21.056,32.268,11.587
Horse-gram,2012,Kharif     ,Himachal Pradesh,7.555381944240273,744,1035.0,12.570816448493183,6.385363018844681,0.622,21.056,32.268,11.587
Linseed,2012,Rabi       ,Himachal Pradesh,6.838405200847344,344,1035.0,11.853294385362606,5.669605022854615,0.365,21.056,32.268,11.587
Masoor,2012,Rabi       ,Himachal Pradesh,6.411818267709897,432,1035.0,11.426140244223529,5.244283478055551,0.846,21.056,32.268,11.587
Moong(Green Gram),2012,Kharif     ,Himachal Pradesh,5.645446897643238,133,1035.0,10.657885041482777,4.482098188398097,0.406,21.056,32.268,11.587
Moth,2012,Kharif     ,Himachal Pradesh,2.70805020110221,4,1035.0,7.655485337312374,1.6752256529721035,0.193,21.056,32.268,11.587
Other Kharif pulses,2012,Kharif     ,Himachal Pradesh,8.503297086224126,4522,1035.0,13.519050067700912,7.332565393354078,0.942,21.056,32.268,11.587
Peas & beans (Pulses),2012,Kharif     ,Himachal Pradesh,7.231287004327616,1785,1035.0,12.24652241078171,6.061713296316936,1.318,21.056,32.268,11.587
Peas & beans (Pulses),2012,Rabi       ,Himachal Pradesh,7.815207062189088,4783,1035.0,12.830760562209303,6.644921904499746,1.575,21.056,32.268,11.587
Ragi,2012,Kharif     ,Himachal Pradesh,7.757478766584179,2450,1035.0,12.773008433914821,6.587246938598806,0.847,21.056,32.268,11.587
Rapeseed &Mustard,2012,Rabi       ,Himachal Pradesh,9.098961783992793,3969,1035.0,14.114805192857903,7.928027576198995,0.46,21.056,32.268,11.587
Sesamum,2012,Kharif     ,Himachal Pradesh,7.87587915949631,929,1035.0,12.89145626750667,6.705541170848957,0.461,21.056,32.268,11.587
Small millets,2012,Kharif     ,Himachal Pradesh,8.536211197252,3432,1035.0,13.551970702760695,7.36546489559689,0.703,21.056,32.268,11.587
Soyabean,2012,Kharif     ,Himachal Pradesh,6.42648845745769,834,1035.0,11.440834227070978,5.258900634184245,1.494,21.056,32.268,11.587
Tobacco,2012,Kharif     ,Himachal Pradesh,0.6931471805599453,2,1035.0,5.02256386496153,0.27002713721306015,1.1,21.056,32.268,11.587
Turmeric,2012,Kharif     ,Himachal Pradesh,5.648974238161206,158,1035.0,10.661424785097104,4.485598050847247,0.515,21.056,32.268,11.587
Urad,2012,Kharif     ,Himachal Pradesh,9.161150127785412,3841,1035.0,14.177000232463193,7.9902009221534565,0.527,21.056,32.268,11.587
Castor seed,2012,Kharif     ,Madhya Pradesh,8.008032846969307,1064,1049.5,13.02365667594537,6.837590292265008,0.322,25.753,37.199,14.508
Ginger,2012,Whole Year ,Madhya Pradesh,9.266626182986775,18036,1049.5,14.282486734095002,8.095653577921224,1.279,25.753,37.199,14.508
Horse-gram,2012,Kharif     ,Madhya Pradesh,9.653550746326605,6560,1049.5,14.669441428364099,8.482510645188517,0.365,25.753,37.199,14.508
Horse-gram,2012,Rabi       ,Madhya Pradesh,4.356708826689592,27,1049.5,9.359845994495135,3.2136622578153133,0.29,25.753,37.199,14.508
Jowar,2012,Rabi       ,Madhya Pradesh,7.8119734296220225,4975,1049.5,12.827525630739542,6.641691178554823,3.059,25.753,37.199,14.508
Mesta,2012,Kharif     ,Madhya Pradesh,5.730099782973574,115,1049.5,10.742823803252637,4.56611745872439,0.343,25.753,37.199,14.508
Moong(Green Gram),2012,Rabi       ,Madhya Pradesh,9.467460138845324,3313,1049.5,14.483337776691457,8.296449258713004,0.291,25.753,37.199,14.508
Other  Rabi pulses,2012,Rabi       ,Madhya Pradesh,8.412499120301572,730,1049.5,13.42823295000696,7.241810310802022,0.314,25.753,37.199,14.508
Other Kharif pulses,2012,Kharif     ,Madhya Pradesh,9.373648989588206,1944,1049.5,14.38951907191527,8.202655034422124,0.211,25.753,37.199,14.508
Ragi,2012,Kharif     ,Madhya Pradesh,6.030685260261263,127,1049.5,11.044248954712396,4.864838511984673,0.194,25.753,37.199,14.508
Safflower,2012,Rabi       ,Madhya Pradesh,5.4680601411351315,143,1049.5,10.479814358932394,4.306224921257599,0.387,25.753,37.199,14.508
Sannhamp,2012,Kharif     ,Madhya Pradesh,7.944846711001996,5461,1049.5,12.96044897102798,6.774452431667717,1.99,25.753,37.199,14.508
Sunflower,2012,Whole Year ,Madhya Pradesh,3.8918202981106265,38,1049.5,8.887293609017433,2.7650604558189897,0.61,25.753,37.199,14.508
Tobacco,2012,Whole Year ,Madhya Pradesh,5.003946305945459,67,1049.5,10.013211534413497,3.8475911452687575,0.476,25.753,37.199,14.508
Turmeric,2012,Whole Year ,Madhya Pradesh,7.269616749608169,1542,1049.5,12.284879204871698,6.099982572580888,1.071,25.753,37.199,14.508
Urad,2012,Rabi       ,Madhya Pradesh,8.796187635470453,3434,1049.5,13.811991774300155,7.6253413814191005,0.358,25.753,37.199,14.508
Maize,2012,Summer     ,Maharashtra,9.401043372798053,14700,1003.4,14.416915735199838,8.230044310126114,1.124,25.826,36.264,15.258
Rapeseed &Mustard,2012,Rabi       ,Maharashtra,9.071193240566025,2460,1003.4,14.0870335224346,7.900266036767701,0.312,25.826,36.264,15.258
Sesamum,2012,Rabi       ,Maharashtra,6.803505257608338,290,1003.4,11.818356586981839,5.634789603169249,0.33,25.826,36.264,15.258
Sunflower,2012,Summer     ,Maharashtra,8.268988209506656,3500,1003.4,13.284687988023414,7.098375638590786,0.746,25.826,36.264,15.258
Arhar/Tur,2012,Kharif     ,Manipur,6.100318952020064,407,1176.7,11.114043639426223,4.934114156188513,0.922,21.012,30.607,13.144
Cowpea(Lobia),2012,Kharif     ,Manipur,6.734591659972948,831,1176.7,11.7493642417845,5.566051801190121,0.998,21.012,30.607,13.144
Gram,2012,Rabi       ,Manipur,6.566672429803241,604,1176.7,11.581228765424381,5.3986150878634005,0.847,21.012,30.607,13.144
Groundnut,2012,Kharif     ,Manipur,8.085178748074537,2562,1176.7,13.10082712825379,6.914681239052871,0.787,21.012,30.607,13.144
Maize,2012,Kharif     ,Manipur,9.444700778495557,25470,1176.7,14.46057664790271,8.273693859844954,1.999,21.012,30.607,13.144
Maize,2012,Rabi       ,Manipur,8.824824939175638,19000,1176.7,13.840633321928715,7.653969180478774,2.797,21.012,30.607,13.144
Masoor,2012,Rabi       ,Manipur,6.437751649736401,514,1176.7,11.452115450969725,5.270123632177254,0.817,21.012,30.607,13.144
Moong(Green Gram),2012,Kharif     ,Manipur,5.831882477283517,311,1176.7,10.844919576816615,4.667205576907544,0.914,21.012,30.607,13.144
Other  Rabi pulses,2012,Rabi       ,Manipur,8.716207971151853,5310,1176.7,13.731999592832985,7.545389749611823,0.877,21.012,30.607,13.144
Other Kharif pulses,2012,Kharif     ,Manipur,7.266128779556451,1479,1176.7,12.2813888160896,6.096500009941863,1.032,21.012,30.607,13.144
Soyabean,2012,Kharif     ,Manipur,8.487970332739334,3941,1176.7,13.50372020216853,7.317245608339922,0.793,21.012,30.607,13.144
Urad,2012,Kharif     ,Manipur,7.280008252884188,1584,1176.7,12.29527786428818,6.110358077048392,1.09,21.012,30.607,13.144
Wheat,2012,Rabi       ,Manipur,7.783640596221253,6000,1176.7,12.799181234947632,6.61338421837956,2.5,21.012,30.607,13.144
Arhar/Tur,2012,Kharif     ,Mizoram,5.327876168789581,200,2050.2,10.33899678199267,4.167440117292651,1.15,20.997,31.138,11.963
Cotton(lint),2012,Kharif     ,Mizoram,2.0794415416798357,6,2050.2,6.962811484730215,1.1537315878891892,0.79,20.997,31.138,11.963
Cowpea(Lobia),2012,Kharif     ,Mizoram,6.844815479208263,906,2050.2,11.859711474171013,5.676000093643749,0.8,20.997,31.138,11.963
Cowpea(Lobia),2012,Rabi       ,Mizoram,4.875197323201151,149,2050.2,9.883539914726432,3.720862499966987,1.11,20.997,31.138,11.963
Maize,2012,Kharif     ,Mizoram,8.698881214236584,7769,2050.2,13.71466998971417,7.528069366691976,1.375,20.997,31.138,11.963
Maize,2012,Rabi       ,Mizoram,5.198497031265826,295,2050.2,10.208948146339551,4.039536325727106,2.025,20.997,31.138,11.963
Other  Rabi pulses,2012,Rabi       ,Mizoram,6.842683282238422,1199,2050.2,11.85757701674829,5.673872944250057,1.234,20.997,31.138,11.963
Other Kharif pulses,2012,Kharif     ,Mizoram,6.79346613258001,833,2050.2,11.808306325553147,5.624775341701135,1.022,20.997,31.138,11.963
Rapeseed &Mustard,2012,Rabi       ,Mizoram,5.673323267171493,201,2050.2,10.685858244843748,4.509760001183433,0.67,20.997,31.138,11.963
Rice,2012,Kharif     ,Mizoram,9.570180302058072,29983,2050.2,14.586065439152403,8.399152622601036,2.292,20.997,31.138,11.963
Rice,2012,Rabi       ,Mizoram,5.726847747587197,589,2050.2,10.739561228205591,4.562888793731485,2.352,20.997,31.138,11.963
Sesamum,2012,Kharif     ,Mizoram,6.548219102762372,507,2050.2,11.562749380348999,5.380219882167671,0.625,20.997,31.138,11.963
Soyabean,2012,Kharif     ,Mizoram,6.981934677156389,1517,2050.2,11.996966359194564,5.812816235680323,1.326,20.997,31.138,11.963
Tobacco,2012,Whole Year ,Mizoram,4.2626798770413155,58,2050.2,9.264544425989694,3.122364924487357,0.715,20.997,31.138,11.963
Arhar/Tur,2012,Kharif     ,Nagaland,7.9658927350845286,2590,1296.6,12.981502331235827,6.795482036499351,0.896,19.918,29.529,11.661
Bajra,2012,Kharif     ,Nagaland,6.523562306149512,690,1296.6,11.538057005607833,5.355642433167306,0.989,19.918,29.529,11.661
Barley,2012,Rabi       ,Nagaland,6.2166061010848646,500,1296.6,11.230575816507569,5.049856007249537,0.982,19.918,29.529,11.661
Castor seed,2012,Kharif     ,Nagaland,5.707110264748875,200,1296.6,10.719759034318209,4.543294782270004,0.621,19.918,29.529,11.661
Gram,2012,Rabi       ,Nagaland,6.634633357861686,640,1296.6,11.649281614210555,5.466370951544286,0.824,19.918,29.529,11.661
Groundnut,2012,Kharif     ,Nagaland,6.698268054115413,820,1296.6,11.712996889996624,5.529825834193874,0.969,19.918,29.529,11.661
Horse-gram,2012,Kharif     ,Nagaland,6.042632833682381,440,1296.6,11.05622495553552,4.876722876509988,1.041,19.918,29.529,11.661
Jowar,2012,Kharif     ,Nagaland,5.198497031265826,170,1296.6,10.208948146339551,4.039536325727106,0.934,19.918,29.529,11.661
Jute,2012,Kharif     ,Nagaland,8.010027528481734,5730,1296.6,13.025652016403964,6.839583498878803,1.902,19.918,29.529,11.661
Linseed,2012,Rabi       ,Nagaland,8.655388690167637,4630,1296.6,13.671170100165499,7.4845933371417,0.808,19.918,29.529,11.661
Maize,2012,Rabi       ,Nagaland,8.545002892055505,10070,1296.6,13.56076410415837,7.374252768898585,1.96,19.918,29.529,11.661
Masoor,2012,Rabi       ,Nagaland,7.62608275807238,1670,1296.6,12.641552762481435,6.4559844179974615,0.813,19.918,29.529,11.661
Mesta,2012,Kharif     ,Nagaland,7.501634457883413,2000,1296.6,12.517040243528527,6.331679770008029,1.104,19.918,29.529,11.661
Peas & beans (Pulses),2012,Kharif     ,Nagaland,7.7279755421055585,2980,1296.6,12.743492487322454,6.557772180332977,1.311,19.918,29.529,11.661
Peas & beans (Pulses),2012,Rabi       ,Nagaland,8.85666093701725,7340,1296.6,13.872473897222859,7.685794926560045,1.045,19.918,29.529,11.661
Ragi,2012,Kharif     ,Nagaland,5.739792912179234,290,1296.6,10.752548144113725,4.575741375297279,0.963,19.918,29.529,11.661
Rice,2012,Rabi       ,Nagaland,8.174984532943087,8950,1296.6,13.19065920601333,7.0044281662423975,2.52,19.918,29.529,11.661
Sesamum,2012,Kharif     ,Nagaland,8.172164452111904,2130,1296.6,13.187838334948434,7.001609854453761,0.605,19.918,29.529,11.661
Small millets,2012,Kharif     ,Nagaland,9.057305735807121,9610,1296.6,14.073144420934321,7.886382108438664,1.117,19.918,29.529,11.661
Sunflower,2012,Kharif     ,Nagaland,5.564520407322694,210,1296.6,10.576661591263116,4.401829261970061,0.752,19.918,29.529,11.661
Sunflower,2012,Rabi       ,Nagaland,7.611347717403621,1230,1296.6,12.626810528785368,6.441265469036198,0.612,19.918,29.529,11.661
Urad,2012,Kharif     ,Nagaland,5.739792912179234,310,1296.6,10.752548144113725,4.575741375297279,1.0,19.918,29.529,11.661
Urad,2012,Rabi       ,Nagaland,6.594413459749778,580,1296.6,11.609008073647272,5.426270730858498,0.789,19.918,29.529,11.661
Wheat,2012,Rabi       ,Nagaland,8.092851027538384,5890,1296.6,13.108501747383507,6.922348281285037,1.798,19.918,29.529,11.661
Arhar/Tur,2012,Kharif     ,Punjab,7.783640596221253,2900,338.9,12.799181234947632,6.61338421837956,1.584,25.086,38.108,13.395
Bajra,2012,Kharif     ,Punjab,8.006700845440367,3000,338.9,13.022324233654905,6.836259277277067,1.0,25.086,38.108,13.395
Barley,2012,Rabi       ,Punjab,9.472781556562168,47000,338.9,14.488659602117378,8.301769763117166,3.5,25.086,38.108,13.395
Gram,2012,Rabi       ,Punjab,7.783640596221253,3100,338.9,12.799181234947632,6.61338421837956,1.133,25.086,38.108,13.395
Groundnut,2012,Kharif     ,Punjab,7.3783837129967145,2900,338.9,12.393717508355474,6.208590026096629,1.81,25.086,38.108,13.395
Masoor,2012,Rabi       ,Punjab,6.803505257608338,700,338.9,11.818356586981839,5.634789603169249,0.857,25.086,38.108,13.395
Moong(Green Gram),2012,Kharif     ,Punjab,8.476579508530941,4200,338.9,13.492327033989662,7.305860032684009,0.895,25.086,38.108,13.395
Peas & beans (Pulses),2012,Rabi       ,Punjab,6.803505257608338,1200,338.9,11.818356586981839,5.634789603169249,1.25,25.086,38.108,13.395
Sesamum,2012,Kharif     ,Punjab,8.594339400592892,1900,338.9,13.610109916143937,7.423568444259167,0.326,25.086,38.108,13.395
Sunflower,2012,Rabi       ,Punjab,9.441531454869693,23700,338.9,14.457407074806916,8.27052509505507,1.929,25.086,38.108,13.395
Urad,2012,Kharif     ,Punjab,7.824445930877619,1200,338.9,12.840003118946523,6.654152520183219,0.487,25.086,38.108,13.395
Castor seed,2012,Kharif     ,Tamil Nadu,9.40713994795079,1750,706.8,14.423012809337592,8.236139767517079,0.153,27.623,37.825,19.835
Gram,2012,Rabi       ,Tamil Nadu,8.85893722196655,4531,706.8,13.874750503912347,7.688070490927438,0.48,27.623,37.825,19.835
Sunflower,2012,Kharif     ,Tamil Nadu,9.285726098882073,11374,706.8,14.301588426619572,8.114749514185196,1.136,27.623,37.825,19.835
Arhar/Tur,2012,Kharif     ,Tripura,7.312553498102598,1124,1882.2,12.32784504641007,6.142854276158801,0.75,24.584,33.229,16.614
Cotton(lint),2012,Kharif     ,Tripura,6.827629234502852,1341,1882.2,11.842506871403646,5.658854841301066,1.352,24.584,33.229,16.614
Gram,2012,Rabi       ,Tripura,5.10594547390058,127,1882.2,10.11586131733507,3.9481620520440193,0.79,24.584,33.229,16.614
Groundnut,2012,Kharif     ,Tripura,5.4510384535657,252,1882.2,10.462720410020186,4.289362949810462,1.131,24.584,33.229,16.614
Groundnut,2012,Rabi       ,Tripura,5.902633333401366,480,1882.2,10.915869976935792,4.737513372975805,1.341,24.584,33.229,16.614
Maize,2012,Kharif     ,Tripura,8.28121766128665,5177,1882.2,13.296920535786338,7.11059815899684,1.318,24.584,33.229,16.614
Masoor,2012,Rabi       ,Tripura,6.16541785423142,324,1882.2,11.179283220142068,4.998900037877835,0.725,24.584,33.229,16.614
Moong(Green Gram),2012,Kharif     ,Tripura,5.958424693029782,207,1882.2,10.971809004424111,4.792976673012616,0.535,24.584,33.229,16.614
Moong(Green Gram),2012,Rabi       ,Tripura,5.641907070938114,163,1882.2,10.654332723560591,4.4785860338786385,0.596,24.584,33.229,16.614
Other  Rabi pulses,2012,Rabi       ,Tripura,7.194436851100335,1107,1882.2,12.209645256150196,6.0249235008516475,0.815,24.584,33.229,16.614
Other Kharif pulses,2012,Kharif     ,Tripura,7.564757012905729,1265,1882.2,12.580196370209249,6.394727231660946,0.656,24.584,33.229,16.614
Peas & beans (Pulses),2012,Rabi       ,Tripura,6.903747257584598,758,1882.2,11.918703857333089,5.73479652818537,0.756,24.584,33.229,16.614
Rapeseed &Mustard,2012,Rabi       ,Tripura,7.665284718471351,1701,1882.2,12.680773351220482,6.495144702713102,0.791,24.584,33.229,16.614
Sesamum,2012,Kharif     ,Tripura,7.643003635560718,1188,1882.2,12.658481770281188,6.472887106504657,0.554,24.584,33.229,16.614
Urad,2012,Kharif     ,Tripura,6.71901315438526,512,1882.2,11.733767169065683,5.550514738252984,0.575,24.584,33.229,16.614
Urad,2012,Rabi       ,Tripura,6.318968113746434,371,1882.2,11.333131112104619,5.15178757385214,0.64,24.584,33.229,16.614
Wheat,2012,Rabi       ,Tripura,5.814130531825066,827,1882.2,10.827115302544287,4.649569773284776,2.436,24.584,33.229,16.614
Coriander,2012,Rabi       ,Uttar Pradesh,8.806274284781725,3613,746.3,13.822079932294956,7.63542465191381,0.556,25.27,36.758,14.444
Cotton(lint),2012,Kharif     ,Uttar Pradesh,8.532081803909987,1184,746.3,13.547840502649796,7.361337308809869,0.218,25.27,36.758,14.444
Dry chillies,2012,Kharif     ,Uttar Pradesh,9.538492376981678,11154,746.3,14.554375282264651,8.367469697124955,0.81,25.27,36.758,14.444
Guar seed,2012,Kharif     ,Uttar Pradesh,7.79934339821592,1985,746.3,12.814890485586654,6.629072590327157,0.816,25.27,36.758,14.444
Maize,2012,Rabi       ,Uttar Pradesh,8.89041055197428,22734,746.3,13.906228208230058,7.719534023984958,3.109,25.27,36.758,14.444
Sannhamp,2012,Kharif     ,Uttar Pradesh,7.835579246669965,933,746.3,12.851140833977881,6.6652759913611845,0.351,25.27,36.758,14.444
Small millets,2012,Kharif     ,Uttar Pradesh,9.074062353683555,8529,746.3,14.089902962678549,7.903134417175256,1.018,25.27,36.758,14.444
Small millets,2012,Summer     ,Uttar Pradesh,3.9889840465642745,74,746.3,8.986371480162186,2.8581928595319295,1.388,25.27,36.758,14.444
Soyabean,2012,Kharif     ,Uttar Pradesh,9.523690191176541,19342,746.3,14.539572029442752,8.35266990158852,1.416,25.27,36.758,14.444
Sunflower,2012,Summer     ,Uttar Pradesh,7.909122183211411,2125,746.3,12.92471163143599,6.738756577503976,0.809,25.27,36.758,14.444
Tobacco,2012,Summer     ,Uttar Pradesh,6.0844994130751715,1406,746.3,11.098188505789427,4.91837379566995,3.173,25.27,36.758,14.444
Turmeric,2012,Rabi       ,Uttar Pradesh,7.470793774195062,4968,746.3,12.48618236998505,6.300877533574368,2.868,25.27,36.758,14.444
Arhar/Tur,2012,Kharif     ,Uttarakhand,7.836764783264067,1966,1309.8,12.85232683614705,6.666460486083478,0.72,18.81,29.205,9.987
Bajra,2012,Kharif     ,Uttarakhand,0.6931471805599453,1,1309.8,5.02256386496153,0.27002713721306015,1.0,18.81,29.205,9.987
Gram,2012,Rabi       ,Uttarakhand,6.396929655216146,506,1309.8,11.41122712424528,5.229449487249236,0.667,18.81,29.205,9.987
Groundnut,2012,Kharif     ,Uttarakhand,6.97354301952014,1235,1309.8,11.988566921757641,5.804441957755378,1.107,18.81,29.205,9.987
Horse-gram,2012,Kharif     ,Uttarakhand,9.293577970546238,8700,1309.8,14.30944101886011,8.12259977175916,0.804,18.81,29.205,9.987
Maize,2012,Summer     ,Uttarakhand,3.9512437185814275,102,1309.8,8.947910105330596,2.8219739474205245,1.453,18.81,29.205,9.987
Masoor,2012,Rabi       ,Uttarakhand,9.312535884290853,9039,1309.8,14.328400649249968,8.141553840205315,0.713,18.81,29.205,9.987
Moong(Green Gram),2012,Summer     ,Uttarakhand,2.5649493574615367,9,1309.8,7.50141356104134,1.551808799597464,0.725,18.81,29.205,9.987
Moth,2012,Kharif     ,Uttarakhand,3.044522437723423,8,1309.8,8.012018239159062,1.9740810260220096,0.37,18.81,29.205,9.987
Other  Rabi pulses,2012,Rabi       ,Uttarakhand,1.3862943611198906,1,1309.8,6.1167747380734285,0.6575200029167941,0.25,18.81,29.205,9.987
Other Cereals,2012,Rabi       ,Uttarakhand,6.448889394146858,432,1309.8,11.463270827251186,5.2812220711194,0.807,18.81,29.205,9.987
Other Kharif pulses,2012,Kharif     ,Uttarakhand,9.324829098460881,9750,1309.8,14.340694959305,8.15384459957338,0.835,18.81,29.205,9.987
Peas & beans (Pulses),2012,Rabi       ,Uttarakhand,8.718990524710849,6017,1309.8,13.734782598892952,7.54817128980179,0.768,18.81,29.205,9.987
Rapeseed &Mustard,2012,Rabi       ,Uttarakhand,9.490922297937656,12093,1309.8,14.506801717181721,8.319907427271312,0.65,18.81,29.205,9.987
Rice,2012,Summer     ,Uttarakhand,9.561067663645012,45552,1309.8,14.576952166156039,8.390041405755754,3.21,18.81,29.205,9.987
Sesamum,2012,Kharif     ,Uttarakhand,7.483806687665835,486,1309.8,12.499202601280647,6.31387408007882,0.282,18.81,29.205,9.987
Soyabean,2012,Kharif     ,Uttarakhand,9.11250701162742,19415,1309.8,14.128351914586109,7.941569457266747,1.275,18.81,29.205,9.987
Sunflower,2012,Kharif     ,Uttarakhand,1.3862943611198906,3,1309.8,6.1167747380734285,0.6575200029167941,1.0,18.81,29.205,9.987
Urad,2012,Kharif     ,Uttarakhand,9.37339415841248,9211,1309.8,14.389264219234963,8.202400251417785,0.752,18.81,29.205,9.987
Urad,2012,Summer     ,Uttarakhand,4.74493212836325,58,1309.8,9.752211071572502,3.592919062968025,0.628,18.81,29.205,9.987
other oilseeds,2012,Kharif     ,Uttarakhand,3.784189633918261,26,1309.8,8.777308775650212,2.6623552418400807,0.747,18.81,29.205,9.987
other oilseeds,2012,Rabi       ,Uttarakhand,6.62273632394984,357,1309.8,11.637368937258707,5.454508819722947,0.562,18.81,29.205,9.987
Masoor,2012,Rabi       ,Jharkhand,9.22078562983772,9830,1102.0,14.236641775908375,8.049822891912294,0.975,23.112,33.587,12.73
Arhar/Tur,2012,Rabi       ,West Bengal,7.268920128193722,2052,1566.0,12.284182101060061,6.099287029636728,1.427,25.506,36.134,15.652
Bajra,2012,Kharif     ,West Bengal,4.110873864173311,25,1566.0,9.110409533351133,2.975529566236472,0.805,25.506,36.134,15.652
Barley,2012,Rabi       ,West Bengal,7.778211474512493,3536,1566.0,12.793749859998368,6.607960138646554,1.471,25.506,36.134,15.652
Castor seed,2012,Kharif     ,West Bengal,4.290459441148391,43,1566.0,9.292712671734044,3.1493113614822916,0.6,25.506,36.134,15.652
Cotton(lint),2012,Kharif     ,West Bengal,6.037870919922137,1556,1566.0,11.051451752326207,4.871986065758487,2.82,25.506,36.134,15.652
Groundnut,2012,Autumn     ,West Bengal,7.547501682814967,1719,1566.0,12.562932072450874,6.377491961323671,1.03,25.506,36.134,15.652
Groundnut,2012,Rabi       ,West Bengal,9.43220310339067,23222,1566.0,14.448077984451212,8.26119839872629,1.7,25.506,36.134,15.652
Horse-gram,2012,Kharif     ,West Bengal,7.56734567601324,957,1566.0,12.582786365350403,6.397312915096029,0.518,25.506,36.134,15.652
Jowar,2012,Autumn     ,West Bengal,3.295836866004329,10,1566.0,8.274306011065416,2.203869120054888,0.38,25.506,36.134,15.652
Linseed,2012,Rabi       ,West Bengal,8.253748343328501,1344,1566.0,13.269444210369645,7.083144529435221,0.357,25.506,36.134,15.652
Moong(Green Gram),2012,Kharif     ,West Bengal,7.126890808898808,955,1566.0,12.14204705948557,5.957494027536828,0.689,25.506,36.134,15.652
Moong(Green Gram),2012,Rabi       ,West Bengal,7.571473648851271,1513,1566.0,12.586916455171721,6.401436152354007,0.702,25.506,36.134,15.652
Niger seed,2012,Kharif     ,West Bengal,8.09346227450118,2259,1566.0,13.109113179975287,6.92295911272441,0.56,25.506,36.134,15.652
Other  Rabi pulses,2012,Rabi       ,West Bengal,5.4116460518550396,97,1566.0,10.423155963361957,4.250350662548819,0.443,25.506,36.134,15.652
Other Kharif pulses,2012,Kharif     ,West Bengal,6.075346031088684,184,1566.0,11.089014269050006,4.909266799707967,0.445,25.506,36.134,15.652
Peas & beans (Pulses),2012,Rabi       ,West Bengal,9.423999084079178,13966,1566.0,14.439873309597322,8.25299584788543,1.005,25.506,36.134,15.652
Ragi,2012,Autumn     ,West Bengal,9.219894584780995,11064,1566.0,14.235750643210102,8.048932043168339,0.706,25.506,36.134,15.652
Safflower,2012,Rabi       ,West Bengal,6.1903154058531475,425,1566.0,11.204232195195639,5.023683132945513,0.842,25.506,36.134,15.652
Sesamum,2012,Autumn     ,West Bengal,7.067319848653476,716,1566.0,12.082427083800383,5.898032602315429,0.596,25.506,36.134,15.652
Sesamum,2012,Winter     ,West Bengal,6.93828448401696,723,1566.0,11.953274974931894,5.769258056615112,0.681,25.506,36.134,15.652
Small millets,2012,Autumn     ,West Bengal,6.964135612418245,763,1566.0,11.97915071512331,5.795054207870926,0.657,25.506,36.134,15.652
Small millets,2012,Rabi       ,West Bengal,6.26530121273771,713,1566.0,11.279365349132823,5.098340874515361,0.96,25.506,36.134,15.652
Soyabean,2012,Kharif     ,West Bengal,6.298949246855942,439,1566.0,11.31307598777159,5.131849473677249,0.7,25.506,36.134,15.652
Sunflower,2012,Kharif     ,West Bengal,8.901911226379612,9591,1566.0,13.917730447013248,7.7310311946881045,1.31,25.506,36.134,15.652
Tobacco,2012,Whole Year ,West Bengal,9.428913494775632,22051,1566.0,14.444788113625671,8.257909377485415,1.192,25.506,36.134,15.652
Urad,2012,Rabi       ,West Bengal,9.13259502335133,7898,1566.0,14.148442105164692,7.961652588622819,0.751,25.506,36.134,15.652
Bajra,2013,Kharif     ,Bihar,7.878155336503324,3001,1069.9,12.850989257817693,6.569846010324803,1.137,25.404,35.996,15.094
Barley,2013,Rabi       ,Bihar,9.229652683008556,14254,1069.9,14.202765570823678,7.920584526855821,1.393,25.404,35.996,15.094
Castor seed,2013,Kharif     ,Bihar,5.0689042022202315,151,1069.9,10.035849136200877,3.7764323511217976,0.974,25.404,35.996,15.094
Groundnut,2013,Kharif     ,Bihar,6.794586580876499,913,1069.9,11.766684192405407,5.488276350471202,1.01,25.404,35.996,15.094
Horse-gram,2013,Kharif     ,Bihar,9.014568767457824,7828,1069.9,13.987658278012812,7.705564231135124,0.957,25.404,35.996,15.094
Jowar,2013,Kharif     ,Bihar,7.1180162044653335,1313,1069.9,12.090421417206974,5.810871495587697,1.069,25.404,35.996,15.094
Linseed,2013,Rabi       ,Bihar,9.834941010001018,15874,1069.9,14.808098132665911,8.525752456175544,0.855,25.404,35.996,15.094
Moong(Green Gram),2013,Kharif     ,Bihar,9.120306249272202,7360,1069.9,14.093407880503607,7.8112687279368105,0.732,25.404,35.996,15.094
Other  Rabi pulses,2013,Rabi       ,Bihar,7.162397497355718,1302,1069.9,12.13483767312671,5.855157878393475,1.006,25.404,35.996,15.094
Other Kharif pulses,2013,Kharif     ,Bihar,7.633369649679584,1629,1069.9,12.606099157917642,6.325344140016857,0.848,25.404,35.996,15.094
Peas & beans (Pulses),2013,Rabi       ,Bihar,9.758981876426398,18347,1069.9,14.732134802216992,8.449804746434172,1.061,25.404,35.996,15.094
Ragi,2013,Kharif     ,Bihar,8.858652969548489,7138,1069.9,13.83172209795909,7.549703897509386,0.993,25.404,35.996,15.094
Safflower,2013,Rabi       ,Bihar,7.405495663199472,1324,1069.9,12.37810208640243,6.097804582879308,0.87,25.404,35.996,15.094
Sannhamp,2013,Kharif     ,Bihar,7.242797922793756,1124,1069.9,12.215297614362006,5.935396714838298,0.823,25.404,35.996,15.094
Sesamum,2013,Kharif     ,Bihar,7.731053144007127,1986,1069.9,12.703827406543859,6.422905996319896,0.894,25.404,35.996,15.094
Small millets,2013,Kharif     ,Bihar,7.926241523170962,2088,1069.9,12.899093118062996,6.617884145617218,0.784,25.404,35.996,15.094
Sunflower,2013,Rabi       ,Bihar,9.549024446393997,19789,1069.9,14.522163967394434,8.239883802858245,1.417,25.404,35.996,15.094
Tobacco,2013,Whole Year ,Bihar,9.40153907670774,23012,1069.9,14.37466734914823,8.092429049187562,1.911,25.404,35.996,15.094
Urad,2013,Kharif     ,Bihar,9.648853334130548,14142,1069.9,14.62199957999468,8.339694386436843,0.918,25.404,35.996,15.094
Barley,2013,Rabi       ,Chhattisgarh,7.902117546276448,2441,1418.3,12.874960380919193,6.593783986707386,1.097,25.835,36.348,15.42
Castor seed,2013,Rabi       ,Chhattisgarh,3.828641396489095,16,1418.3,8.780026576598628,2.5764217586237734,0.398,25.835,36.348,15.42
Coconut ,2013,Whole Year ,Chhattisgarh,3.258096538021482,0,1418.3,8.192362923328952,2.0476928433652555,0.0,25.835,36.348,15.42
Coriander,2013,Rabi       ,Chhattisgarh,2.8903717578961645,9,1418.3,7.806830673636691,1.7209792871670078,0.53,25.835,36.348,15.42
Coriander,2013,Whole Year ,Chhattisgarh,7.955074273262696,846,1418.3,12.927936064736764,6.64668917154408,0.297,25.835,36.348,15.42
Cotton(lint),2013,Whole Year ,Chhattisgarh,3.912023005428146,70,1418.3,8.865171831880687,2.655352412101761,1.737,25.835,36.348,15.42
Dry chillies,2013,Whole Year ,Chhattisgarh,8.765770543987257,4629,1418.3,13.738825930622333,7.4568588639581055,0.724,25.835,36.348,15.42
Garlic,2013,Whole Year ,Chhattisgarh,7.15305163493748,3393,1418.3,12.125484576674257,5.845831654381072,2.918,25.835,36.348,15.42
Ginger,2013,Whole Year ,Chhattisgarh,7.497207223203318,1987,1418.3,12.469866579840224,6.189372338353931,1.167,25.835,36.348,15.42
Guar seed,2013,Kharif     ,Chhattisgarh,3.295836866004329,21,1418.3,8.231572991842873,2.081938421878423,0.81,25.835,36.348,15.42
Horse-gram,2013,Rabi       ,Chhattisgarh,7.220373836723949,359,1418.3,12.192857407663816,5.91301640077884,0.321,25.835,36.348,15.42
Jowar,2013,Whole Year ,Chhattisgarh,8.54752839121231,3320,1418.3,13.520545992413412,7.23871951724957,0.642,25.835,36.348,15.42
Jute,2013,Kharif     ,Chhattisgarh,5.402677381872279,0,1418.3,10.371404318296184,4.105449341954206,0.0,25.835,36.348,15.42
Maize,2013,Rabi       ,Chhattisgarh,3.5263605246161616,117,1418.3,8.469927564549028,2.2935443483418965,3.55,25.835,36.348,15.42
Maize,2013,Summer     ,Chhattisgarh,4.852030263919617,233,1418.3,9.81745188120906,3.5635996376871786,1.83,25.835,36.348,15.42
Masoor,2013,Rabi       ,Chhattisgarh,9.6956020036109,5298,1418.3,14.668751175140898,8.386435092512388,0.32,25.835,36.348,15.42
Mesta,2013,Kharif     ,Chhattisgarh,7.002155954403621,2005,1418.3,11.974462226237444,5.695279762164452,2.092,25.835,36.348,15.42
Moong(Green Gram),2013,Kharif     ,Chhattisgarh,9.061608318175784,2551,1418.3,14.034703379412445,7.752588676502449,0.275,25.835,36.348,15.42
Moong(Green Gram),2013,Rabi       ,Chhattisgarh,8.789203094473724,1409,1418.3,13.762262069218815,7.480281651214875,0.254,25.835,36.348,15.42
Other  Rabi pulses,2013,Rabi       ,Chhattisgarh,7.792761720816526,2804,1418.3,12.765562082626522,6.4845436283860005,1.198,25.835,36.348,15.42
Other Kharif pulses,2013,Kharif     ,Chhattisgarh,9.001346243766392,2053,1418.3,13.974434146462489,7.692346082933098,0.338,25.835,36.348,15.42
Peas & beans (Pulses),2013,Rabi       ,Chhattisgarh,9.49702194409438,4821,1418.3,14.470157686832076,8.187891584271346,0.336,25.835,36.348,15.42
Ragi,2013,Kharif     ,Chhattisgarh,8.942330199321866,1936,1418.3,13.91541066066498,7.633350288407935,0.271,25.835,36.348,15.42
Safflower,2013,Rabi       ,Chhattisgarh,6.278521424165844,184,1418.3,11.249866799462131,4.974247896643866,0.408,25.835,36.348,15.42
Sannhamp,2013,Kharif     ,Chhattisgarh,7.293017679772782,448,1418.3,12.265552188464541,5.9855219246523035,0.312,25.835,36.348,15.42
Sesamum,2013,Kharif     ,Chhattisgarh,9.742085645994678,4799,1418.3,14.71523759409576,8.432911177234022,0.281,25.835,36.348,15.42
Sugarcane,2013,Whole Year ,Chhattisgarh,9.125871215349733,23831,1418.3,14.098973449677759,7.816832052718096,2.936,25.835,36.348,15.42
Sunflower,2013,Kharif     ,Chhattisgarh,8.016977746762262,123,1418.3,12.98986046143062,6.708535752287294,0.138,25.835,36.348,15.42
Sunflower,2013,Summer     ,Chhattisgarh,3.4657359027997265,50,1418.3,8.407420735224008,2.2375130962503307,1.61,25.835,36.348,15.42
Tobacco,2013,Whole Year ,Chhattisgarh,3.1354942159291497,15,1418.3,8.064567290991073,1.937301774518713,0.768,25.835,36.348,15.42
Turmeric,2013,Whole Year ,Chhattisgarh,7.024649030453636,958,1418.3,11.996975418587109,5.71771825239468,1.015,25.835,36.348,15.42
Urad,2013,Rabi       ,Chhattisgarh,8.146709052203319,912,1418.3,13.1196316295765,6.838158653844053,0.282,25.835,36.348,15.42
Dry chillies,2013,Whole Year ,Gujarat,8.744328763999984,6489,1006.5,13.717380792862672,7.435426220334907,0.977,26.046,37.44,15.654
Maize,2013,Summer     ,Gujarat,8.785998208098329,13374,1006.5,13.759056697045088,7.477078086701986,1.894,26.046,37.44,15.654
Other Cereals,2013,Kharif     ,Gujarat,9.401043372798053,7501,1006.5,14.374171604564914,8.091933455979893,0.588,26.046,37.44,15.654
Other Kharif pulses,2013,Kharif     ,Gujarat,9.886493976159556,9245,1006.5,14.859653770925725,8.577298148818743,0.468,26.046,37.44,15.654
Ragi,2013,Kharif     ,Gujarat,9.569901147893372,14082,1006.5,14.54304213128005,8.260756523981543,0.98,26.046,37.44,15.654
Urad,2013,Summer     ,Gujarat,7.134093721192866,801,1006.5,12.106511779345375,5.826914143799146,0.58,26.046,37.44,15.654
Arhar/Tur,2013,Kharif     ,Haryana,9.148571345578551,10500,452.2,14.121676005528682,7.839525581704678,1.097,24.982,36.915,13.262
Castor seed,2013,Kharif     ,Haryana,6.55250788703459,700,452.2,11.524300522991734,5.247024072160486,0.733,24.982,36.915,13.262
Coriander,2013,Whole Year ,Haryana,7.840312983320164,3072,452.2,12.813132385775878,6.532043129023321,1.62,24.982,36.915,13.262
Groundnut,2013,Kharif     ,Haryana,8.630700432209832,6700,452.2,13.603733413601958,7.321849713788356,1.146,24.982,36.915,13.262
Horse-gram,2013,Kharif     ,Haryana,6.398594934535208,400,452.2,11.370151490978774,5.093750200806762,0.723,24.982,36.915,13.262
Maize,2013,Kharif     ,Haryana,8.987321812850125,24000,452.2,13.960407986778891,7.6783263565068856,3.2,24.982,36.915,13.262
Masoor,2013,Rabi       ,Haryana,7.824445930877619,2400,452.2,12.797259080215651,6.516193076042964,1.092,24.982,36.915,13.262
Moong(Green Gram),2013,Kharif     ,Haryana,8.867990898182093,3600,452.2,13.841061338808279,7.559038255443384,0.439,24.982,36.915,13.262
Moth,2013,Kharif     ,Haryana,5.707110264748875,100,452.2,10.677015845042886,4.406719247264253,0.333,24.982,36.915,13.262
Peas & beans (Pulses),2013,Rabi       ,Haryana,6.90875477931522,1300,452.2,11.880972500857887,5.602118820879701,1.234,24.982,36.915,13.262
Sannhamp,2013,Kharif     ,Haryana,3.4965075614664802,0,452.2,8.439162458363654,2.265921108622454,0.0,24.982,36.915,13.262
Sesamum,2013,Kharif     ,Haryana,7.170888478512505,600,452.2,12.14333516820573,5.863631175598097,0.408,24.982,36.915,13.262
Sunflower,2013,Kharif     ,Haryana,8.268988209506656,11100,452.2,13.241943907709935,6.960347729101308,1.927,24.982,36.915,13.262
Urad,2013,Kharif     ,Haryana,7.3783837129967145,600,452.2,12.350973534782899,6.07073772800249,0.45,24.982,36.915,13.262
other oilseeds,2013,Rabi       ,Haryana,1.0986122886681098,2,452.2,5.669811955085048,0.43178241642553783,1.0,24.982,36.915,13.262
Arhar/Tur,2013,Kharif     ,Himachal Pradesh,4.276666119016055,23,1216.9,9.235987650679034,3.0041963519661206,0.347,20.797,30.795,11.608
Bajra,2013,Kharif     ,Himachal Pradesh,6.595780513961311,400,1216.9,11.567633228417975,5.2901339737400175,0.532,20.797,30.795,11.608
Coriander,2013,Rabi       ,Himachal Pradesh,4.976733742420574,43,1216.9,9.943071661191727,3.6858749450936377,0.294,20.797,30.795,11.608
Cotton(lint),2013,Kharif     ,Himachal Pradesh,1.6094379124341003,2,1216.9,6.361233390557873,0.7323678937132266,0.415,20.797,30.795,11.608
Dry chillies,2013,Kharif     ,Himachal Pradesh,6.040254711277414,143,1216.9,11.01109773843845,4.737338149565509,0.312,20.797,30.795,11.608
Garlic,2013,Rabi       ,Himachal Pradesh,8.509564164251746,7516,1216.9,13.482574308365901,7.200775577716521,1.433,20.797,30.795,11.608
Gram,2013,Rabi       ,Himachal Pradesh,6.16541785423142,448,1216.9,11.13653967523755,4.861748513388538,0.822,20.797,30.795,11.608
Groundnut,2013,Kharif     ,Himachal Pradesh,3.912023005428146,31,1216.9,8.865171831880687,2.655352412101761,0.708,20.797,30.795,11.608
Horse-gram,2013,Kharif     ,Himachal Pradesh,7.467942332285852,613,1216.9,12.440585322711934,6.160151912626133,0.352,20.797,30.795,11.608
Linseed,2013,Rabi       ,Himachal Pradesh,6.992096427415888,273,1216.9,11.964393555074427,5.685245046657743,0.228,20.797,30.795,11.608
Masoor,2013,Rabi       ,Himachal Pradesh,6.272877006546167,361,1216.9,11.244211815754003,4.968632046615798,0.689,20.797,30.795,11.608
Moong(Green Gram),2013,Kharif     ,Himachal Pradesh,5.707110264748875,142,1216.9,10.677015845042886,4.406719247264253,0.484,20.797,30.795,11.608
Moth,2013,Kharif     ,Himachal Pradesh,3.332204510175204,10,1216.9,8.269303463577135,2.1150499691472033,0.367,20.797,30.795,11.608
Other Kharif pulses,2013,Kharif     ,Himachal Pradesh,8.534640105019959,4499,1216.9,13.507655206333391,7.225838032205972,0.897,20.797,30.795,11.608
Peas & beans (Pulses),2013,Kharif     ,Himachal Pradesh,7.143617602704121,1677,1216.9,12.116043173214766,5.836417632448908,1.351,20.797,30.795,11.608
Peas & beans (Pulses),2013,Rabi       ,Himachal Pradesh,3.1354942159291497,7,1216.9,8.064567290991073,1.937301774518713,0.212,20.797,30.795,11.608
Ragi,2013,Kharif     ,Himachal Pradesh,7.564238475170491,1774,1216.9,12.536933560951672,6.256306508777867,0.799,20.797,30.795,11.608
Rapeseed &Mustard,2013,Rabi       ,Himachal Pradesh,9.04310445260027,4205,1216.9,14.016197361478508,7.734090668285753,0.461,20.797,30.795,11.608
Sesamum,2013,Kharif     ,Himachal Pradesh,7.497207223203318,589,1216.9,12.469866579840224,6.189372338353931,0.328,20.797,30.795,11.608
Small millets,2013,Kharif     ,Himachal Pradesh,8.334711621820917,3017,1216.9,13.307683517284357,7.026027084060172,0.737,20.797,30.795,11.608
Soyabean,2013,Kharif     ,Himachal Pradesh,6.270988431858299,798,1216.9,11.242319692380004,4.966753066279407,1.429,20.797,30.795,11.608
Sugarcane,2013,Whole Year ,Himachal Pradesh,7.27931883541462,3496,1216.9,12.25184401963928,5.9718484024228395,3.07,20.797,30.795,11.608
Turmeric,2013,Kharif     ,Himachal Pradesh,5.58724865840025,145,1216.9,10.556732627847918,4.287990642747287,0.541,20.797,30.795,11.608
Urad,2013,Kharif     ,Himachal Pradesh,8.947285869349132,3339,1216.9,13.92036697258452,7.638304211696083,0.54,20.797,30.795,11.608
Castor seed,2013,Kharif     ,Madhya Pradesh,7.807510042216193,1191,1451.4,12.780316406788309,6.499275631713101,0.48,25.477,36.615,14.649
Ginger,2013,Whole Year ,Madhya Pradesh,9.275097619191461,20629,1451.4,14.24821483505995,7.966017683890389,1.579,25.477,36.615,14.649
Horse-gram,2013,Kharif     ,Madhya Pradesh,9.564792848061815,7464,1451.4,14.537933476434992,8.255649190440646,0.404,25.477,36.615,14.649
Horse-gram,2013,Rabi       ,Madhya Pradesh,4.276666119016055,26,1451.4,9.235987650679034,3.0041963519661206,0.37,25.477,36.615,14.649
Jowar,2013,Rabi       ,Madhya Pradesh,8.166784289056151,5211,1451.4,13.13971258576335,6.858218336042837,1.62,25.477,36.615,14.649
Jute,2013,Kharif     ,Madhya Pradesh,6.961296045910167,0,1451.4,11.933564596398533,5.654522200002149,0.0,25.477,36.615,14.649
Mesta,2013,Kharif     ,Madhya Pradesh,5.703782474656201,656,1451.4,10.6736770209316,4.403421131528038,2.164,25.477,36.615,14.649
Other  Rabi pulses,2013,Rabi       ,Madhya Pradesh,8.309676895987726,826,1451.4,13.28264274695882,7.001008799858089,0.372,25.477,36.615,14.649
Other Kharif pulses,2013,Kharif     ,Madhya Pradesh,9.287949351303165,2464,1451.4,14.261067755877045,7.978866180810728,0.29,25.477,36.615,14.649
Ragi,2013,Kharif     ,Madhya Pradesh,5.820082930352362,192,1451.4,10.790342058655934,4.518740457989703,0.463,25.477,36.615,14.649
Safflower,2013,Rabi       ,Madhya Pradesh,3.091042453358316,11,1451.4,8.018062250823371,1.8976198599275322,0.515,25.477,36.615,14.649
Sannhamp,2013,Kharif     ,Madhya Pradesh,8.036573409707312,7033,1451.4,13.009462482182098,6.728114126692287,2.372,25.477,36.615,14.649
Sunflower,2013,Whole Year ,Madhya Pradesh,4.343805421853684,35,1451.4,9.30403470154284,3.0689827352935835,0.477,25.477,36.615,14.649
Tobacco,2013,Whole Year ,Madhya Pradesh,4.61512051684126,49,1451.4,9.578449693540579,3.332204510175204,0.546,25.477,36.615,14.649
Turmeric,2013,Whole Year ,Madhya Pradesh,7.239214973779806,1525,1451.4,12.211712113794263,5.931820694180467,1.168,25.477,36.615,14.649
Urad,2013,Rabi       ,Madhya Pradesh,9.259130536145614,4366,1451.4,14.232246253715804,7.9500546786063815,0.379,25.477,36.615,14.649
Castor seed,2013,Kharif     ,Maharashtra,9.53249633228804,5100,1409.8,14.505634673664762,8.223358899479258,0.347,25.28,35.399,15.612
Linseed,2013,Rabi       ,Maharashtra,9.401043372798053,3250,1409.8,14.374171604564914,8.091933455979893,0.344,25.28,35.399,15.612
Sesamum,2013,Rabi       ,Maharashtra,7.313886831633462,220,1409.8,12.286435302014631,6.0063531596017325,0.095,25.28,35.399,15.612
Small millets,2013,Rabi       ,Maharashtra,8.699681400989514,2300,1409.8,13.67272620269741,7.390798521735676,0.39,25.28,35.399,15.612
Sunflower,2013,Summer     ,Maharashtra,8.343077871169383,3700,1409.8,13.316051753107569,7.034387929915503,0.884,25.28,35.399,15.612
Tobacco,2013,Whole Year ,Maharashtra,7.313886831633462,1800,1409.8,12.286435302014631,6.0063531596017325,1.2,25.28,35.399,15.612
Arhar/Tur,2013,Kharif     ,Manipur,6.293419278846481,521,1428.8,11.264792256952413,4.9890711161804155,0.962,21.184,30.257,13.31
Cowpea(Lobia),2013,Kharif     ,Manipur,6.846943139585379,970,1428.8,11.819097538895848,5.540478923698008,1.039,21.184,30.257,13.31
Gram,2013,Rabi       ,Manipur,6.594413459749778,670,1428.8,11.566264315779973,5.288771953704505,0.917,21.184,30.257,13.31
Groundnut,2013,Kharif     ,Manipur,8.12296471523406,2861,1428.8,13.095880378027617,6.814433121750764,0.851,21.184,30.257,13.31
Maize,2013,Kharif     ,Manipur,9.882825556088033,42750,1428.8,14.855985165231138,8.573630234019397,2.187,21.184,30.257,13.31
Maize,2013,Rabi       ,Manipur,8.75004942158424,15190,1428.8,13.723102353353834,7.44114442115688,2.409,21.184,30.257,13.31
Masoor,2013,Rabi       ,Manipur,6.431331081933479,569,1428.8,11.402940941714903,5.126342101808226,0.914,21.184,30.257,13.31
Moong(Green Gram),2013,Kharif     ,Manipur,6.089044875446846,422,1428.8,11.060000757099075,4.785823685681349,0.958,21.184,30.257,13.31
Other  Rabi pulses,2013,Rabi       ,Manipur,8.691314551644853,5445,1428.8,13.664357962720011,7.382435456111774,0.912,21.184,30.257,13.31
Other Kharif pulses,2013,Kharif     ,Manipur,7.313886831633462,1652,1428.8,12.286435302014631,6.0063531596017325,1.104,21.184,30.257,13.31
Peas & beans (Pulses),2013,Rabi       ,Manipur,9.800402224452803,16546,1428.8,14.773557478263646,8.491218757644003,0.914,21.184,30.257,13.31
Soyabean,2013,Kharif     ,Manipur,8.527341522468053,4300,1428.8,13.500355193748081,7.218543340148393,0.841,21.184,30.257,13.31
Urad,2013,Kharif     ,Manipur,7.2868764117507,1643,1428.8,12.259406756035146,5.979391965873713,1.122,21.184,30.257,13.31
Wheat,2013,Rabi       ,Manipur,7.6783263565068856,5400,1428.8,12.651077005796273,6.37024338995364,2.495,21.184,30.257,13.31
Arhar/Tur,2013,Kharif     ,Mizoram,5.3981627015177525,196,1848.8,10.366869305472976,4.100989104940769,0.916,21.002,31.072,12.357
Cotton(lint),2013,Kharif     ,Mizoram,4.68213122712422,81,1848.8,9.646103814629699,3.3975239762958465,0.71,21.002,31.072,12.357
Cowpea(Lobia),2013,Kharif     ,Mizoram,7.187657164114956,1296,1848.8,12.160116556573024,5.880365374589262,0.942,21.002,31.072,12.357
Cowpea(Lobia),2013,Rabi       ,Mizoram,5.241747015059643,204,1848.8,10.20968907642479,3.946617650192645,1.018,21.002,31.072,12.357
Maize,2013,Kharif     ,Mizoram,8.633908991112198,7994,1848.8,13.606942540583185,7.325056727088474,1.656,21.002,31.072,12.357
Maize,2013,Rabi       ,Mizoram,5.170483995038151,227,1848.8,10.138035822113775,3.876395827784995,1.432,21.002,31.072,12.357
Other  Rabi pulses,2013,Rabi       ,Mizoram,7.122866658599083,2024,1848.8,12.09527576849007,5.815711371192059,1.355,21.002,31.072,12.357
Other Kharif pulses,2013,Kharif     ,Mizoram,6.799055862058796,1938,1848.8,11.771158438162873,5.492732171029375,1.42,21.002,31.072,12.357
Rapeseed &Mustard,2013,Rabi       ,Mizoram,5.726847747587197,338,1848.8,10.696818020003374,4.426282725928419,1.558,21.002,31.072,12.357
Rice,2013,Kharif     ,Mizoram,9.65637144183101,32440,1848.8,14.62951816747811,8.34721118821626,2.148,21.002,31.072,12.357
Rice,2013,Rabi       ,Mizoram,6.311734809152915,883,1848.8,11.283141162596829,5.0072963928307415,1.667,21.002,31.072,12.357
Sesamum,2013,Kharif     ,Mizoram,6.652863029353347,574,1848.8,11.624791116279017,5.347012288086795,0.656,21.002,31.072,12.357
Soyabean,2013,Kharif     ,Mizoram,6.8885724595653635,1458,1848.8,11.860769934782118,5.5819914176022785,1.388,21.002,31.072,12.357
Tobacco,2013,Whole Year ,Mizoram,5.003946305945459,259,1848.8,9.9704693364748,3.7125959807312525,1.28,21.002,31.072,12.357
Arhar/Tur,2013,Kharif     ,Nagaland,7.9966538754626075,2660,1350.9,12.96952986306695,6.688230173190639,0.882,20.357,29.936,12.088
Bajra,2013,Kharif     ,Nagaland,6.53813982376767,700,1350.9,11.509911928827941,5.2327116094500425,0.989,20.357,29.936,12.088
Barley,2013,Rabi       ,Nagaland,6.274762021241939,540,1350.9,11.246100365757334,4.970507503005476,1.01,20.357,29.936,12.088
Castor seed,2013,Kharif     ,Nagaland,5.707110264748875,200,1350.9,10.677015845042886,4.406719247264253,0.621,20.357,29.936,12.088
Cotton(lint),2013,Kharif     ,Nagaland,4.795790545596741,70,1350.9,9.76075971624264,3.5085558999826545,0.585,20.357,29.936,12.088
Cowpea(Lobia),2013,Kharif     ,Nagaland,6.175867270105761,700,1350.9,11.147010823333051,4.8721392168423305,1.463,20.357,29.936,12.088
Gram,2013,Rabi       ,Nagaland,6.608000625296087,620,1350.9,11.579869839719702,5.302309387817574,0.816,20.357,29.936,12.088
Groundnut,2013,Kharif     ,Nagaland,6.7580945044277305,880,1350.9,11.730150737772064,5.451896454476337,1.013,20.357,29.936,12.088
Jowar,2013,Kharif     ,Nagaland,5.442417710521793,220,1350.9,10.411319700320254,4.144720769547168,0.95,20.357,29.936,12.088
Jute,2013,Kharif     ,Nagaland,8.016647877057803,5770,1350.9,12.989530483629817,6.708206176521556,1.902,20.357,29.936,12.088
Maize,2013,Rabi       ,Nagaland,8.558527054909215,10280,1350.9,13.53154676413865,7.24971244583392,1.972,20.357,29.936,12.088
Masoor,2013,Rabi       ,Nagaland,7.635786861395585,1680,1350.9,12.608517530686486,6.327758196354847,0.812,20.357,29.936,12.088
Mesta,2013,Kharif     ,Nagaland,7.5126175446745105,2030,1350.9,12.485285328743222,6.204759762367377,1.106,20.357,29.936,12.088
Moong(Green Gram),2013,Kharif     ,Nagaland,5.802118375377063,330,1350.9,10.772323927652733,4.500920164614292,1.0,20.357,29.936,12.088
Peas & beans (Pulses),2013,Kharif     ,Nagaland,7.749753406274437,3080,1350.9,12.722535748805468,6.441584295756578,1.323,20.357,29.936,12.088
Peas & beans (Pulses),2013,Rabi       ,Nagaland,8.866581653303996,7640,1350.9,13.839651896679902,7.557629547308616,1.077,20.357,29.936,12.088
Ragi,2013,Kharif     ,Nagaland,5.771441123130016,300,1350.9,10.741552924359725,4.470495282661489,0.966,20.357,29.936,12.088
Rice,2013,Rabi       ,Nagaland,8.24564690087386,10000,1350.9,13.218596585632275,6.9370227766627055,2.633,20.357,29.936,12.088
Sesamum,2013,Kharif     ,Nagaland,8.18060094759445,2150,1350.9,13.153533114403146,6.872024469026338,0.604,20.357,29.936,12.088
Small millets,2013,Kharif     ,Nagaland,9.06773940337716,9750,1350.9,14.04083516903748,7.758717844697804,1.121,20.357,29.936,12.088
Sunflower,2013,Kharif     ,Nagaland,5.564520407322694,200,1350.9,10.53391855049054,4.26549281841793,0.722,20.357,29.936,12.088
Sunflower,2013,Rabi       ,Nagaland,7.62608275807238,1300,1350.9,12.598808749178216,6.318066806790422,0.64,20.357,29.936,12.088
Urad,2013,Rabi       ,Nagaland,6.634633357861686,610,1350.9,11.606537840684144,5.32884657158286,0.803,20.357,29.936,12.088
Wheat,2013,Rabi       ,Nagaland,8.006700845440367,5470,1350.9,12.979580175617832,6.698268054115413,1.824,20.357,29.936,12.088
Arhar/Tur,2013,Kharif     ,Punjab,7.972810784121404,2600,586.6,12.945678703492472,6.664409020350408,0.924,24.832,36.722,12.594
Bajra,2013,Kharif     ,Punjab,6.68586094706836,800,586.6,11.65783067975375,5.37989735354046,1.0,24.832,36.722,12.594
Barley,2013,Rabi       ,Punjab,9.392745258631441,46000,586.6,14.365872806516673,8.083637203141548,3.812,24.832,36.722,12.594
Gram,2013,Rabi       ,Punjab,7.550135342488429,2370,586.6,12.522823108729302,6.2422232654551655,1.224,24.832,36.722,12.594
Groundnut,2013,Kharif     ,Punjab,7.170888478512505,2400,586.6,12.14333516820573,5.863631175598097,1.85,24.832,36.722,12.594
Masoor,2013,Rabi       ,Punjab,6.803505257608338,630,586.6,11.775612754182685,5.497168225293202,0.664,24.832,36.722,12.594
Moong(Green Gram),2013,Kharif     ,Punjab,8.434028950155469,3800,586.6,13.407023388023788,7.1252830915107115,0.861,24.832,36.722,12.594
Peas & beans (Pulses),2013,Rabi       ,Punjab,6.803505257608338,1260,586.6,11.775612754182685,5.497168225293202,1.45,24.832,36.722,12.594
Sesamum,2013,Kharif     ,Punjab,8.31898612539206,1400,586.6,13.291954241719464,7.010311867307229,0.266,24.832,36.722,12.594
Urad,2013,Kharif     ,Punjab,7.696667081526462,1050,586.6,12.66942608620797,6.38856140554563,0.464,24.832,36.722,12.594
Arhar/Tur,2013,Rabi       ,Telangana,7.243512974665482,922,1348.7,12.216013174355105,5.936110386975904,0.61,25.647,34.879,16.562
Bajra,2013,Kharif     ,Telangana,8.362175469149628,4033,1348.7,13.335153823802786,7.053473361330307,0.964,25.647,34.879,16.562
Bajra,2013,Rabi       ,Telangana,9.098067129493398,8419,1348.7,14.071166316795718,7.789036259146825,0.97,25.647,34.879,16.562
Cashewnut,2013,Kharif     ,Telangana,8.351374706721296,2710,1348.7,13.324350542303842,7.042679451238658,0.635,25.647,34.879,16.562
Castor seed,2013,Rabi       ,Telangana,7.214504414151143,964,1348.7,12.18698370549864,5.907158598054726,0.713,25.647,34.879,16.562
Coriander,2013,Whole Year ,Telangana,7.229113877793302,978,1348.7,12.20160377498609,5.921739264616416,0.701,25.647,34.879,16.562
Cowpea(Lobia),2013,Kharif     ,Telangana,7.679251425953058,1209,1348.7,12.652002500353195,6.371167303992706,0.515,25.647,34.879,16.562
Cowpea(Lobia),2013,Rabi       ,Telangana,9.056373008678756,6669,1348.7,14.02946746498249,7.7473550132551265,0.75,25.647,34.879,16.562
Gram,2013,Kharif     ,Telangana,4.007333185232471,73,1348.7,8.962322504064428,2.7459880404426023,1.35,25.647,34.879,16.562
Horse-gram,2013,Kharif     ,Telangana,6.230481447578482,315,1348.7,11.201734955182388,4.92645626585365,0.61,25.647,34.879,16.562
Horse-gram,2013,Rabi       ,Telangana,7.798933310041217,1165,1348.7,12.771736194550444,6.490708359880545,0.481,25.647,34.879,16.562
Linseed,2013,Rabi       ,Telangana,5.438079308923196,112,1348.7,10.406962526348401,4.140432666414855,0.49,25.647,34.879,16.562
Masoor,2013,Rabi       ,Telangana,5.948034989180646,196,1348.7,10.918649026972005,4.645736147734753,0.51,25.647,34.879,16.562
Moong(Green Gram),2013,Rabi       ,Telangana,9.434842999328023,11549,1348.7,14.40797395875788,8.125725658551925,0.932,25.647,34.879,16.562
Other  Rabi pulses,2013,Rabi       ,Telangana,6.148468295917647,660,1348.7,11.119554378466487,4.8448954968939795,1.315,25.647,34.879,16.562
Other Kharif pulses,2013,Kharif     ,Telangana,5.849324779946859,109,1348.7,10.819669078447529,4.54775291511814,0.37,25.647,34.879,16.562
Ragi,2013,Kharif     ,Telangana,7.094234845924755,1727,1348.7,12.066620675108744,5.78714275003436,1.593,25.647,34.879,16.562
Ragi,2013,Rabi       ,Telangana,6.238324625039508,794,1348.7,11.209593434941734,4.9342580824984905,1.55,25.647,34.879,16.562
Rapeseed &Mustard,2013,Rabi       ,Telangana,6.738152494595957,644,1348.7,11.71018546881256,5.43201749493588,0.834,25.647,34.879,16.562
Safflower,2013,Rabi       ,Telangana,8.97055917950895,5573,1348.7,13.943643255071782,7.661569433402834,0.75,25.647,34.879,16.562
Sesamum,2013,Kharif     ,Telangana,8.65067458279072,1300,1348.7,13.6237110711583,7.3418143227032155,0.243,25.647,34.879,16.562
Sesamum,2013,Rabi       ,Telangana,9.824714871370732,7410,1348.7,14.797871447421823,8.515527805430503,0.393,25.647,34.879,16.562
Small millets,2013,Kharif     ,Telangana,6.78332520060396,665,1348.7,11.755410203800322,5.477049154491434,0.75,25.647,34.879,16.562
Soyabean,2013,Rabi       ,Telangana,2.70805020110221,23,1348.7,7.6127618580545295,1.5644405465033644,1.65,25.647,34.879,16.562
Sunflower,2013,Kharif     ,Telangana,7.621195162809845,1750,1348.7,12.593918780433214,6.313185661783185,0.847,25.647,34.879,16.562
Sunflower,2013,Rabi       ,Telangana,9.774574052442789,16867,1348.7,14.747727865924597,8.465394506182351,1.084,25.647,34.879,16.562
Tobacco,2013,Kharif     ,Telangana,7.704811922932594,3889,1348.7,12.677574589241974,6.396696294656356,3.107,25.647,34.879,16.562
Tobacco,2013,Rabi       ,Telangana,8.253227645581772,9718,1348.7,13.22617929879036,6.944598167349454,2.968,25.647,34.879,16.562
Urad,2013,Rabi       ,Telangana,9.156306483483696,9028,1348.7,14.129411957472383,7.847258504220187,0.913,25.647,34.879,16.562
Wheat,2013,Rabi       ,Telangana,8.859363449152088,4366,1348.7,13.83243267783439,7.550414104262002,0.74,25.647,34.879,16.562
Arhar/Tur,2013,Kharif     ,Tripura,8.25712628599743,2758,2043.5,13.230078945747337,6.94849407004108,0.73,24.823,33.552,17.013
Cotton(lint),2013,Kharif     ,Tripura,6.856461984594587,1395,2043.5,11.828626392417284,5.549970626307962,1.454,24.823,33.552,17.013
Gram,2013,Rabi       ,Tripura,4.836281906951478,95,2043.5,9.801579403928553,3.548179572010801,0.753,24.823,33.552,17.013
Groundnut,2013,Kharif     ,Tripura,5.572154032177765,284,2043.5,10.54158122004437,4.273048472104136,1.119,24.823,33.552,17.013
Groundnut,2013,Rabi       ,Tripura,5.863631175598097,441,2043.5,10.83401624192423,4.561949483533528,1.211,24.823,33.552,17.013
Maize,2013,Kharif     ,Tripura,8.422882511944996,5805,2043.5,13.395874529984386,7.1141432360763055,1.294,24.823,33.552,17.013
Masoor,2013,Rabi       ,Tripura,7.527255919373784,1275,2043.5,12.499931589273295,6.2193767104972935,0.68,24.823,33.552,17.013
Moong(Green Gram),2013,Kharif     ,Tripura,6.448889394146858,338,2043.5,11.42052713162316,5.143824961672758,0.528,24.823,33.552,17.013
Moong(Green Gram),2013,Rabi       ,Tripura,5.616771097666572,155,2043.5,10.586363665812476,4.317221411307766,0.578,24.823,33.552,17.013
Other  Rabi pulses,2013,Rabi       ,Tripura,6.810142450115136,825,2043.5,11.782257245975371,5.503785626182238,0.839,24.823,33.552,17.013
Other Kharif pulses,2013,Kharif     ,Tripura,7.475339236566737,1233,2043.5,12.4479864090305,6.167537455029179,0.701,24.823,33.552,17.013
Peas & beans (Pulses),2013,Rabi       ,Tripura,6.9363427358340495,897,2043.5,11.908587479385302,5.629633476019879,0.856,24.823,33.552,17.013
Rapeseed &Mustard,2013,Rabi       ,Tripura,7.870165946469845,2159,2043.5,12.84299684812299,6.561864829907646,0.811,24.823,33.552,17.013
Sesamum,2013,Kharif     ,Tripura,7.946263643580541,1706,2043.5,12.919122350357215,6.6378869291616915,0.595,24.823,33.552,17.013
Urad,2013,Kharif     ,Tripura,7.1891677384203225,817,2043.5,12.161628264750277,5.8818728704778875,0.588,24.823,33.552,17.013
Urad,2013,Rabi       ,Tripura,5.942799375126701,295,2043.5,10.913399766439518,4.640537329825382,0.783,24.823,33.552,17.013
Wheat,2013,Rabi       ,Tripura,5.017279836814924,300,2043.5,9.983891733331921,3.7256934272366524,1.934,24.823,33.552,17.013
Coriander,2013,Rabi       ,Uttar Pradesh,8.814776088545281,3684,995.2,13.787838884374835,7.5058442479910905,0.553,24.977,35.725,14.346
Cotton(lint),2013,Kharif     ,Uttar Pradesh,8.269244521183056,884,995.2,13.242200284643948,6.96060386327907,0.221,24.977,35.725,14.346
Dry chillies,2013,Kharif     ,Uttar Pradesh,9.530029703062944,11114,995.2,14.50316786671644,8.2208927539841,0.808,24.977,35.725,14.346
Guar seed,2013,Kharif     ,Uttar Pradesh,7.775695749915245,1960,995.2,12.74848905420558,6.467496842373167,0.829,24.977,35.725,14.346
Maize,2013,Rabi       ,Uttar Pradesh,9.504426892100957,47674,995.2,14.477563184920006,8.195295035070082,3.557,24.977,35.725,14.346
Sannhamp,2013,Kharif     ,Uttar Pradesh,7.611347717403621,573,995.2,12.584066517580139,6.30335130825658,0.283,24.977,35.725,14.346
Small millets,2013,Kharif     ,Uttar Pradesh,8.926251835034533,6031,995.2,13.89933019175643,7.617277651258265,0.776,24.977,35.725,14.346
Small millets,2013,Summer     ,Uttar Pradesh,3.9889840465642745,74,995.2,8.943632788941484,2.7285062096695922,1.423,24.977,35.725,14.346
Sunflower,2013,Summer     ,Uttar Pradesh,8.055157731819678,5042,995.2,13.02805271991111,6.746682362327214,1.574,24.977,35.725,14.346
Tobacco,2013,Summer     ,Uttar Pradesh,6.9930151229329605,3344,995.2,11.96531308951715,5.686161465898799,3.046,24.977,35.725,14.346
Turmeric,2013,Rabi       ,Uttar Pradesh,7.493317248862145,5195,995.2,12.46597445757182,6.185488199848339,2.929,24.977,35.725,14.346
Arhar/Tur,2013,Kharif     ,Uttarakhand,7.754052639035757,1880,1735.4,12.726836817901704,6.44587853694801,0.793,18.628,27.867,10.936
Bajra,2013,Kharif     ,Uttarakhand,0.6931471805599453,1,1735.4,4.980107355727298,0.23901690047049992,1.0,18.628,27.867,10.936
Gram,2013,Rabi       ,Uttarakhand,6.345636360828596,481,1735.4,11.317102898316543,5.041035166487339,0.729,18.628,27.867,10.936
Groundnut,2013,Kharif     ,Uttarakhand,7.105786129481271,1426,1735.4,12.078181431438349,5.798668322020006,1.153,18.628,27.867,10.936
Horse-gram,2013,Kharif     ,Uttarakhand,9.261413642160184,8474,1735.4,14.234529575438236,7.95233719755281,0.793,18.628,27.867,10.936
Linseed,2013,Rabi       ,Uttarakhand,1.0986122886681098,1,1735.4,5.669811955085048,0.43178241642553783,0.5,18.628,27.867,10.936
Maize,2013,Summer     ,Uttarakhand,3.8918202981106265,118,1735.4,8.844555486815118,2.6361960973342264,2.432,18.628,27.867,10.936
Masoor,2013,Rabi       ,Uttarakhand,9.1942109900463,8822,1735.4,14.167320363285429,7.885152398957653,0.836,18.628,27.867,10.936
Moong(Green Gram),2013,Kharif     ,Uttarakhand,2.772588722239781,8,1735.4,7.681721788644037,1.6193882432872684,0.525,18.628,27.867,10.936
Moong(Green Gram),2013,Summer     ,Uttarakhand,2.3978952727983707,5,1735.4,7.27648724403408,1.308332819650179,0.5,18.628,27.867,10.936
Moth,2013,Kharif     ,Uttarakhand,3.332204510175204,11,1735.4,8.269303463577135,2.1150499691472033,0.26,18.628,27.867,10.936
Other  Rabi pulses,2013,Rabi       ,Uttarakhand,2.1972245773362196,5,1735.4,7.053516580464289,1.1505720275988207,0.723,18.628,27.867,10.936
Other Kharif pulses,2013,Kharif     ,Uttarakhand,9.465525078835189,11101,1735.4,14.438658435755165,8.156401212679816,0.875,18.628,27.867,10.936
Peas & beans (Pulses),2013,Rabi       ,Uttarakhand,8.739536422559677,6163,1735.4,13.712587691047368,7.430635947828639,0.742,18.628,27.867,10.936
Rapeseed &Mustard,2013,Rabi       ,Uttarakhand,9.397815294010933,9167,1735.4,14.37094326041284,8.088706099440092,0.698,18.628,27.867,10.936
Rice,2013,Summer     ,Uttarakhand,9.427143867544194,41310,1735.4,14.400274213730691,8.118028195856553,3.353,18.628,27.867,10.936
Sesamum,2013,Kharif     ,Uttarakhand,7.4949862339505335,467,1735.4,12.467644365247796,6.18715467830748,0.275,18.628,27.867,10.936
Soyabean,2013,Kharif     ,Uttarakhand,9.124019665509655,14374,1735.4,14.097121699550646,7.814981047949229,1.109,18.628,27.867,10.936
Sunflower,2013,Kharif     ,Uttarakhand,3.713572066704308,39,1735.4,8.662262762507304,2.468099531471619,0.992,18.628,27.867,10.936
Tobacco,2013,Whole Year ,Uttarakhand,1.9459101490553132,22,1735.4,6.766122587847184,0.9631743177730056,3.67,18.628,27.867,10.936
Turmeric,2013,Whole Year ,Uttarakhand,6.555356891810665,1317,1735.4,11.527153563806351,5.249862146278633,1.918,18.628,27.867,10.936
Urad,2013,Kharif     ,Uttarakhand,9.317668949728708,8839,1735.4,14.290790045362765,8.008578455169628,0.793,18.628,27.867,10.936
Urad,2013,Summer     ,Uttarakhand,4.204692619390966,27,1735.4,9.16296989956733,2.9349201341572337,0.41,18.628,27.867,10.936
other oilseeds,2013,Kharif     ,Uttarakhand,4.127134385045092,36,1735.4,9.084197616024673,2.8604851241459652,0.6,18.628,27.867,10.936
other oilseeds,2013,Rabi       ,Uttarakhand,6.20455776256869,232,1735.4,11.175759828002551,4.900671607492004,0.474,18.628,27.867,10.936
Masoor,2013,Rabi       ,Jharkhand,9.267948684596496,8773,1253.6,14.24106523258978,7.958870566984355,0.774,22.755,32.85,13.276
Arhar/Tur,2013,Rabi       ,West Bengal,7.302496423727326,2124,1939.9,12.275037309952642,5.994983348857101,1.383,25.445,35.421,16.128
Bajra,2013,Kharif     ,West Bengal,4.976733742420574,42,1939.9,9.943071661191727,3.6858749450936377,0.33,25.445,35.421,16.128
Barley,2013,Rabi       ,West Bengal,7.767263996757308,3395,1939.9,12.740053769426922,6.45907468924738,1.401,25.445,35.421,16.128
Castor seed,2013,Kharif     ,West Bengal,4.343805421853684,45,1939.9,9.30403470154284,3.0689827352935835,0.59,25.445,35.421,16.128
Cotton(lint),2013,Kharif     ,West Bengal,5.8998973535824915,1318,1939.9,10.870383181907055,4.5979441408963515,3.43,25.445,35.421,16.128
Groundnut,2013,Autumn     ,West Bengal,7.55171221535131,1746,1939.9,12.524400805128572,6.2437979005527335,0.969,25.445,35.421,16.128
Groundnut,2013,Rabi       ,West Bengal,9.390158798552019,21546,1939.9,14.363286132113679,8.081051326388007,1.691,25.445,35.421,16.128
Horse-gram,2013,Kharif     ,West Bengal,7.566311014772463,981,1939.9,12.5390071675261,6.258376149054407,0.564,25.445,35.421,16.128
Jowar,2013,Kharif     ,West Bengal,3.258096538021482,7,1939.9,8.192362923328952,2.0476928433652555,0.28,25.445,35.421,16.128
Linseed,2013,Rabi       ,West Bengal,8.370084326378025,1554,1939.9,13.343064508436983,7.061377247637702,0.368,25.445,35.421,16.128
Moong(Green Gram),2013,Kharif     ,West Bengal,6.884486652042782,823,1939.9,11.856679978473572,5.577916862806462,0.688,25.445,35.421,16.128
Moong(Green Gram),2013,Rabi       ,West Bengal,7.602900462204755,1606,1939.9,12.575615091929562,6.294915386475868,0.733,25.445,35.421,16.128
Moth,2013,Rabi       ,West Bengal,2.772588722239781,13,1939.9,7.681721788644037,1.6193882432872684,0.87,25.445,35.421,16.128
Niger seed,2013,Kharif     ,West Bengal,8.124446855715847,2531,1939.9,13.09736295494536,6.815914075316557,0.565,25.445,35.421,16.128
Other  Rabi pulses,2013,Rabi       ,West Bengal,5.7430031878094825,144,1939.9,10.713025466616179,4.44229825301545,0.478,25.445,35.421,16.128
Other Kharif pulses,2013,Kharif     ,West Bengal,6.779921907472252,587,1939.9,11.75200307225945,5.473656267914107,0.537,25.445,35.421,16.128
Peas & beans (Pulses),2013,Rabi       ,West Bengal,9.446360661104071,15014,1939.9,14.419492529156551,8.137240847287208,1.247,25.445,35.421,16.128
Ragi,2013,Rabi       ,West Bengal,9.221082468508085,11068,1939.9,14.194194517842407,7.912016594326926,0.694,25.445,35.421,16.128
Safflower,2013,Rabi       ,West Bengal,6.159095388491933,390,1939.9,11.130203949394973,4.855461869221313,0.807,25.445,35.421,16.128
Sesamum,2013,Autumn     ,West Bengal,6.97166860472579,777,1939.9,11.943946877620117,5.6648683811569756,0.698,25.445,35.421,16.128
Sesamum,2013,Winter     ,West Bengal,6.945051063725834,743,1939.9,11.91730418317052,5.638319081511895,0.669,25.445,35.421,16.128
Small millets,2013,Autumn     ,West Bengal,6.894670039433482,657,1939.9,11.866873674745975,5.588072289160748,0.53,25.445,35.421,16.128
Small millets,2013,Rabi       ,West Bengal,6.236369590203704,716,1939.9,11.207634597012559,4.932313327320786,0.985,25.445,35.421,16.128
Soyabean,2013,Kharif     ,West Bengal,6.368187186350492,407,1939.9,11.33969264023701,5.063480716642781,0.622,25.445,35.421,16.128
Sunflower,2013,Kharif     ,West Bengal,8.769507120030227,8717,1939.9,13.742563084479103,7.46059386778137,1.243,25.445,35.421,16.128
Tobacco,2013,Whole Year ,West Bengal,9.43914785291483,22287,1939.9,14.412279153177902,8.130029584477986,1.162,25.445,35.421,16.128
Urad,2013,Rabi       ,West Bengal,9.172223049863055,8543,1939.9,14.145330179215186,7.863170565540342,0.694,25.445,35.421,16.128
Bajra,2014,Kharif     ,Bihar,8.098338846189057,3729,1061.0,13.115051671915397,6.990293332228107,1.117,25.673,36.338,15.231
Barley,2014,Rabi       ,Bihar,9.402034535016803,13434,1061.0,14.418967423655417,8.293539510007793,1.101,25.673,36.338,15.231
Castor seed,2014,Kharif     ,Bihar,4.574710978503383,92,1061.0,9.581432092973902,3.486763269991802,0.988,25.673,36.338,15.231
Groundnut,2014,Kharif     ,Bihar,6.354370040797351,587,1061.0,11.369655837855657,5.249232158857545,1.017,25.673,36.338,15.231
Horse-gram,2014,Kharif     ,Bihar,9.026297334283887,7960,1061.0,14.04319281774073,7.917878736125619,0.965,25.673,36.338,15.231
Jowar,2014,Kharif     ,Bihar,7.280697195384741,1550,1061.0,12.297027719248556,6.173431874503444,1.075,25.673,36.338,15.231
Moong(Green Gram),2014,Kharif     ,Bihar,9.307194813340065,9232,1061.0,14.324119542800425,8.198716460033198,0.718,25.673,36.338,15.231
Other  Rabi pulses,2014,Rabi       ,Bihar,6.956545443151569,1049,1061.0,11.972613824280629,5.849814573523068,1.0,25.673,36.338,15.231
Other Kharif pulses,2014,Kharif     ,Bihar,7.903596289614301,2143,1061.0,12.920244157781871,6.795683403558618,0.851,25.673,36.338,15.231
Ragi,2014,Kharif     ,Bihar,8.806723554725636,9843,1061.0,13.82358971351778,7.698364867096364,1.403,25.673,36.338,15.231
Safflower,2014,Rabi       ,Bihar,4.634728988229636,82,1061.0,9.642052656072376,3.54558628428746,0.9,25.673,36.338,15.231
Sannhamp,2014,Kharif     ,Bihar,7.217443431696533,1096,1061.0,12.233729251393262,6.110269282873232,0.821,25.673,36.338,15.231
Sesamum,2014,Kharif     ,Bihar,7.9817332866918855,2558,1061.0,12.998408746571954,6.8737640681147765,0.899,25.673,36.338,15.231
Small millets,2014,Kharif     ,Bihar,7.868254265520613,1978,1061.0,12.884888927545028,6.760368340067173,0.79,25.673,36.338,15.231
Sunflower,2014,Rabi       ,Bihar,9.362718052397065,16642,1061.0,14.379647652229698,8.254229747476574,1.402,25.673,36.338,15.231
Tobacco,2014,Whole Year ,Bihar,9.268043082104471,18669,1061.0,14.284964211000815,8.159572085721894,1.788,25.673,36.338,15.231
Urad,2014,Kharif     ,Bihar,9.663070672551461,14355,1061.0,14.680022403886166,8.554537144556658,0.917,25.673,36.338,15.231
Bajra,2014,Kharif     ,Chhattisgarh,4.990432586778736,91,1274.7,10.000666893460805,3.8954870367880465,0.518,25.855,36.971,15.177
Barley,2014,Rabi       ,Chhattisgarh,7.825644732219989,2703,1274.7,12.84226283902126,6.717792603052156,1.164,25.855,36.971,15.177
Castor seed,2014,Rabi       ,Chhattisgarh,3.8918202981106265,14,1274.7,8.888353908098994,2.8237570088141806,0.234,25.855,36.971,15.177
Coconut ,2014,Whole Year ,Chhattisgarh,4.0943445622221,0,1274.7,9.094664614448817,3.018960399673198,0.0,25.855,36.971,15.177
Coriander,2014,Whole Year ,Chhattisgarh,7.714677473800927,651,1274.7,12.731249003168994,6.606920419952056,0.268,25.855,36.971,15.177
Cotton(lint),2014,Whole Year ,Chhattisgarh,4.0943445622221,75,1274.7,9.094664614448817,3.018960399673198,0.977,25.855,36.971,15.177
Dry chillies,2014,Whole Year ,Chhattisgarh,8.83811659764782,3576,1274.7,13.854987353710225,7.729748518111292,0.497,25.855,36.971,15.177
Garlic,2014,Whole Year ,Chhattisgarh,6.970730078143525,2824,1274.7,11.986811796761424,5.863972026592705,2.71,25.855,36.971,15.177
Ginger,2014,Whole Year ,Chhattisgarh,7.471932078245122,2188,1274.7,12.488381759457319,6.364423680993219,1.637,25.855,36.971,15.177
Horse-gram,2014,Rabi       ,Chhattisgarh,7.24422751560335,417,1274.7,12.26053261071909,6.137014056983638,0.294,25.855,36.971,15.177
Jowar,2014,Whole Year ,Chhattisgarh,8.517393171418904,4230,1274.7,13.53420941732992,7.409136443920128,0.837,25.855,36.971,15.177
Jute,2014,Kharif     ,Chhattisgarh,4.941642422609304,0,1274.7,9.95153648968372,3.847377811934615,0.0,25.855,36.971,15.177
Masoor,2014,Rabi       ,Chhattisgarh,9.677088708501246,5427,1274.7,14.694041319201128,8.568553383566083,0.327,25.855,36.971,15.177
Mesta,2014,Kharif     ,Chhattisgarh,7.033506484287697,2059,1274.7,12.049645008736109,5.92663264960644,1.97,25.855,36.971,15.177
Moong(Green Gram),2014,Kharif     ,Chhattisgarh,9.082961442646353,2534,1274.7,14.099863505022489,7.974529402968079,0.271,25.855,36.971,15.177
Moong(Green Gram),2014,Rabi       ,Chhattisgarh,8.938925271988273,1621,1274.7,13.955809851592559,7.830528951114013,0.231,25.855,36.971,15.177
Other  Rabi pulses,2014,Rabi       ,Chhattisgarh,7.907651594711089,380,1274.7,12.924300948566604,6.799735675526338,0.184,25.855,36.971,15.177
Other Kharif pulses,2014,Kharif     ,Chhattisgarh,9.206131527202128,1827,1274.7,14.223046666736028,8.097672768525326,0.248,25.855,36.971,15.177
Peas & beans (Pulses),2014,Rabi       ,Chhattisgarh,9.498822124598528,5154,1274.7,14.515762579263008,8.390311639509594,0.367,25.855,36.971,15.177
Ragi,2014,Kharif     ,Chhattisgarh,8.941283763647567,1987,1274.7,13.958168650271706,7.832886815521774,0.235,25.855,36.971,15.177
Safflower,2014,Rabi       ,Chhattisgarh,7.1929342212158,393,1274.7,12.209201944163924,6.085796976342696,0.322,25.855,36.971,15.177
Sannhamp,2014,Kharif     ,Chhattisgarh,7.247080584585756,472,1274.7,12.263387702656479,6.139863000269876,0.314,25.855,36.971,15.177
Sunflower,2014,Kharif     ,Chhattisgarh,7.96693349840484,1001,1274.7,12.983603896396831,6.858974614767581,0.371,25.855,36.971,15.177
Tobacco,2014,Whole Year ,Chhattisgarh,3.5263605246161616,16,1274.7,8.513723177876955,2.4756977107026903,0.625,25.855,36.971,15.177
Turmeric,2014,Whole Year ,Chhattisgarh,7.53955882930103,1621,1274.7,12.556045480426661,6.431974996958947,1.03,25.855,36.971,15.177
Urad,2014,Rabi       ,Chhattisgarh,8.088561805276234,863,1274.7,13.105271662662023,6.980522352533018,0.272,25.855,36.971,15.177
Dry chillies,2014,Whole Year ,Gujarat,9.350015354048665,10702,605.6,14.366943863367155,8.241529277384497,0.944,26.972,38.854,16.465
Maize,2014,Summer     ,Gujarat,8.681181041521688,11341,605.6,13.698027302369358,7.572863002510837,1.848,26.972,38.854,16.465
Moth,2014,Kharif     ,Gujarat,9.227295812625597,4389,605.6,14.244213041456801,8.118832785038006,0.464,26.972,38.854,16.465
Other Cereals,2014,Kharif     ,Gujarat,8.344742754417545,2779,605.6,13.361521559232731,7.2365624999983424,0.593,26.972,38.854,16.465
Other Kharif pulses,2014,Kharif     ,Gujarat,9.213236175088209,4600,605.6,14.230152020915776,8.104775973295434,0.445,26.972,38.854,16.465
Small millets,2014,Rabi       ,Gujarat,9.628392595589819,19191,605.6,14.645342097821159,8.519863622638763,1.34,26.972,38.854,16.465
Urad,2014,Summer     ,Gujarat,7.20934025660291,877,605.6,12.225620142244098,6.102178209077058,0.715,26.972,38.854,16.465
Arhar/Tur,2014,Kharif     ,Haryana,8.699681400989514,6100,301.3,13.7165307533151,7.591357046698551,0.955,25.675,38.3,14.215
Castor seed,2014,Kharif     ,Haryana,6.2166061010848646,600,301.3,11.231636247937386,5.111987788356544,0.89,25.675,38.3,14.215
Coriander,2014,Whole Year ,Haryana,7.681099001536359,3904,301.3,12.697655386913567,6.573372857175998,2.171,25.675,38.3,14.215
Groundnut,2014,Kharif     ,Haryana,8.216358332386156,4300,301.3,13.233104790034611,7.108244139731541,1.16,25.675,38.3,14.215
Horse-gram,2014,Kharif     ,Haryana,5.707110264748875,300,301.3,10.72081945637715,4.605170185988092,1.0,25.675,38.3,14.215
Maize,2014,Kharif     ,Haryana,9.105090961257085,18000,301.3,14.121995493408528,7.9966538754626075,2.0,25.675,38.3,14.215
Masoor,2014,Rabi       ,Haryana,7.601402334583733,1600,301.3,12.617920672732557,6.493753839851686,0.871,25.675,38.3,14.215
Moong(Green Gram),2014,Kharif     ,Haryana,8.81001204797317,3300,301.3,13.826878695136077,7.701652362642226,0.44,25.675,38.3,14.215
Moth,2014,Kharif     ,Haryana,5.993961427306569,200,301.3,11.008496008709475,4.890349128221754,0.5,25.675,38.3,14.215
Peas & beans (Pulses),2014,Rabi       ,Haryana,7.244941546337007,2000,301.3,12.26124714827483,6.137727054086234,1.667,25.675,38.3,14.215
Sesamum,2014,Kharif     ,Haryana,7.438971592395862,800,301.3,12.455402327727205,6.331501849893691,0.385,25.675,38.3,14.215
Sunflower,2014,Kharif     ,Haryana,8.867990898182093,31900,301.3,13.884865897085229,7.759614150696903,3.083,25.675,38.3,14.215
Urad,2014,Kharif     ,Haryana,7.170888478512505,500,301.3,12.187139540090271,6.063785208687608,0.358,25.675,38.3,14.215
other oilseeds,2014,Rabi       ,Haryana,6.90875477931522,1000,301.3,11.924776804291822,5.802118375377063,1.0,25.675,38.3,14.215
Arhar/Tur,2014,Kharif     ,Himachal Pradesh,3.044522437723423,7,1019.9,8.013078333341689,2.028148247292285,0.243,21.114,31.945,12.314
Bajra,2014,Kharif     ,Himachal Pradesh,6.489204931325317,342,1019.9,11.50470900209884,5.383623123127137,0.518,21.114,31.945,12.314
Coriander,2014,Rabi       ,Himachal Pradesh,5.153291594497779,53,1019.9,10.164547890337541,4.05629649458457,0.24,21.114,31.945,12.314
Cotton(lint),2014,Kharif     ,Himachal Pradesh,1.6094379124341003,2,1019.9,6.404963960244468,0.8415671856782186,0.39,21.114,31.945,12.314
Dry chillies,2014,Kharif     ,Himachal Pradesh,6.1463292576688975,151,1019.9,11.161214750259434,5.042004753842313,0.335,21.114,31.945,12.314
Garlic,2014,Rabi       ,Himachal Pradesh,8.435766192720509,6519,1019.9,13.452565540993872,7.32754397956337,1.084,21.114,31.945,12.314
Gram,2014,Rabi       ,Himachal Pradesh,5.991464547107982,357,1019.9,11.005992919996128,4.887864841928826,0.813,21.114,31.945,12.314
Groundnut,2014,Kharif     ,Himachal Pradesh,3.8066624897703196,28,1019.9,8.801355075267939,2.7421295147550726,0.718,21.114,31.945,12.314
Horse-gram,2014,Kharif     ,Himachal Pradesh,7.29505641646263,607,1019.9,12.311396700523318,6.1877711884685995,0.375,21.114,31.945,12.314
Linseed,2014,Rabi       ,Himachal Pradesh,6.523562306149512,163,1019.9,11.539117440758483,5.417876601605676,0.235,21.114,31.945,12.314
Masoor,2014,Rabi       ,Himachal Pradesh,6.169610732491456,300,1019.9,11.184545279213486,5.065186608700759,0.604,21.114,31.945,12.314
Moong(Green Gram),2014,Kharif     ,Himachal Pradesh,5.407171771460119,97,1019.9,10.419722121547444,4.307572448748934,0.486,21.114,31.945,12.314
Moth,2014,Kharif     ,Himachal Pradesh,2.70805020110221,4,1019.9,7.656545281007468,1.7263316639055997,0.247,21.114,31.945,12.314
Other Kharif pulses,2014,Kharif     ,Himachal Pradesh,8.729235349659273,5244,1019.9,13.746089523400022,7.620901146048771,0.843,21.114,31.945,12.314
Peas & beans (Pulses),2014,Kharif     ,Himachal Pradesh,7.216709486709457,1693,1019.9,12.232994770908828,6.109536429932894,1.297,21.114,31.945,12.314
Peas & beans (Pulses),2014,Rabi       ,Himachal Pradesh,7.621195162809845,597,1019.9,12.637723235085113,6.51352680279996,0.328,21.114,31.945,12.314
Ragi,2014,Kharif     ,Himachal Pradesh,7.554334823725748,1895,1019.9,12.57082922490282,6.446735176751653,0.829,21.114,31.945,12.314
Rapeseed &Mustard,2014,Rabi       ,Himachal Pradesh,9.062652099076578,4723,1019.9,14.07955184621021,7.954224789746703,0.492,21.114,31.945,12.314
Sesamum,2014,Kharif     ,Himachal Pradesh,7.6004023345004,649,1019.9,12.616920175714414,6.492754853890634,0.349,21.114,31.945,12.314
Small millets,2014,Kharif     ,Himachal Pradesh,8.3243363327069,2987,1019.9,13.341110269562133,7.216166020409352,0.739,21.114,31.945,12.314
Soyabean,2014,Kharif     ,Himachal Pradesh,6.452048954437226,934,1019.9,11.467495788033332,5.346583583957525,1.289,21.114,31.945,12.314
Tobacco,2014,Kharif     ,Himachal Pradesh,0.5877866649021191,2,1019.9,4.802117594977366,0.2342812957246657,1.435,21.114,31.945,12.314
Turmeric,2014,Kharif     ,Himachal Pradesh,5.54907608489522,143,1019.9,10.562218221264962,4.448282430450947,0.513,21.114,31.945,12.314
Urad,2014,Kharif     ,Himachal Pradesh,8.90150275745161,3396,1019.9,13.918382367360106,7.793116589745699,0.454,21.114,31.945,12.314
Horse-gram,2014,Kharif     ,Madhya Pradesh,9.546884034617925,8000,891.2,14.563827982819816,8.438366410870266,0.526,26.012,37.9,15.118
Sesamum,2014,Rabi       ,Maharashtra,6.55250788703459,100,1001.6,11.56810469930368,5.44673737166631,0.062,25.685,36.496,15.428
Sunflower,2014,Summer     ,Maharashtra,7.550135342488429,2000,1001.6,12.566627552667343,6.4425401664681985,0.838,25.685,36.496,15.428
Tobacco,2014,Whole Year ,Maharashtra,7.170888478512505,2100,1001.6,12.187139540090271,6.063785208687608,1.62,25.685,36.496,15.428
Arhar/Tur,2014,Kharif     ,Manipur,6.238324625039508,507,987.5,11.253397454528958,5.133619594507631,0.99,21.589,31.038,13.551
Cashewnut,2014,Whole Year ,Manipur,3.4657359027997265,19,987.5,8.451215768889744,2.418588768750352,0.64,21.589,31.038,13.551
Cowpea(Lobia),2014,Kharif     ,Manipur,6.874198495453294,1019,987.5,11.890185592673038,5.767633259357274,1.076,21.589,31.038,13.551
Gram,2014,Rabi       ,Manipur,6.523562306149512,577,987.5,11.539117440758483,5.417876601605676,0.848,21.589,31.038,13.551
Groundnut,2014,Kharif     ,Manipur,8.121480374750751,2839,987.5,13.138200111717076,7.013420748136919,0.846,21.589,31.038,13.551
Maize,2014,Rabi       ,Manipur,8.79497643168877,15400,987.5,13.811840832751782,7.68662133494462,2.334,21.589,31.038,13.551
Masoor,2014,Rabi       ,Manipur,6.329720905522696,471,987.5,11.344963513775474,5.224670826379739,0.83,21.589,31.038,13.551
Moong(Green Gram),2014,Kharif     ,Manipur,6.061456918928017,417,987.5,11.076153573791784,4.957515771765594,0.971,21.589,31.038,13.551
Other  Rabi pulses,2014,Rabi       ,Manipur,8.699681400989514,5200,987.5,13.7165307533151,7.591357046698551,0.877,21.589,31.038,13.551
Other Kharif pulses,2014,Kharif     ,Manipur,7.349230824613334,1749,987.5,12.365606694701667,6.241873009570204,1.133,21.589,31.038,13.551
Soyabean,2014,Kharif     ,Manipur,8.528330935826693,4322,987.5,13.54514934295344,7.420069793799547,0.842,21.589,31.038,13.551
Urad,2014,Kharif     ,Manipur,7.259819610363186,1683,987.5,12.276135690843455,6.152583747441799,1.197,21.589,31.038,13.551
Wheat,2014,Rabi       ,Manipur,7.6783263565068856,5620,987.5,12.694881468526086,6.57060281105606,2.632,21.589,31.038,13.551
Arhar/Tur,2014,Kharif     ,Mizoram,5.5254529391317835,212,2029.9,10.538502315656821,4.42484663185681,0.92,21.339,31.474,12.986
Cotton(lint),2014,Kharif     ,Mizoram,4.5217885770490405,58,2029.9,9.527947199118218,3.434954478460289,0.644,21.339,31.474,12.986
Cowpea(Lobia),2014,Kharif     ,Mizoram,7.0909098220799835,1493,2029.9,12.107097257047258,5.983936280687191,1.038,21.339,31.474,12.986
Cowpea(Lobia),2014,Rabi       ,Mizoram,5.225746673713202,214,2029.9,10.237406532369624,4.127940511650616,0.868,21.339,31.474,12.986
Maize,2014,Kharif     ,Mizoram,8.622273667866745,8444,2029.9,13.639109695218773,7.5139765334468755,1.659,21.339,31.474,12.986
Maize,2014,Rabi       ,Mizoram,4.962844630259907,180,2029.9,9.972888607371587,3.868280082480227,2.23,21.339,31.474,12.986
Other  Rabi pulses,2014,Rabi       ,Mizoram,7.364736989876008,2245,2029.9,12.381122695549008,6.257359111189822,1.315,21.339,31.474,12.986
Other Kharif pulses,2014,Kharif     ,Mizoram,6.90875477931522,1800,2029.9,11.924776804291822,5.802118375377063,1.401,21.339,31.474,12.986
Rapeseed &Mustard,2014,Rabi       ,Mizoram,5.739792912179234,317,2029.9,10.753608566928374,4.637637376125593,1.203,21.339,31.474,12.986
Rice,2014,Rabi       ,Mizoram,6.18826412308259,1113,2029.9,11.20323715505582,5.08376183242036,2.063,21.339,31.474,12.986
Sesamum,2014,Kharif     ,Mizoram,6.666956792429207,608,2029.9,11.682707057369303,5.560873920219081,0.908,21.339,31.474,12.986
Soyabean,2014,Kharif     ,Mizoram,6.949856455000773,1472,2029.9,11.965918480619552,5.843138537571986,1.159,21.339,31.474,12.986
Tobacco,2014,Whole Year ,Mizoram,4.787491742782046,96,2029.9,9.796194058768153,3.695606774863363,0.68,21.339,31.474,12.986
Arhar/Tur,2014,Kharif     ,Nagaland,8.010027528481734,2710,1333.3,13.02671245955539,6.902038971986028,0.884,20.627,30.352,12.051
Bajra,2014,Kharif     ,Nagaland,6.53813982376767,700,1333.3,11.553716098998748,5.432411101028736,0.989,20.627,30.352,12.051
Barley,2014,Kharif     ,Nagaland,6.274762021241939,540,1333.3,11.289904406153507,5.169915651743512,1.01,20.627,30.352,12.051
Castor seed,2014,Kharif     ,Nagaland,5.739792912179234,210,1333.3,10.753608566928374,4.637637376125593,0.624,20.627,30.352,12.051
Cotton(lint),2014,Kharif     ,Nagaland,4.795790545596741,70,1333.3,9.804561844579837,3.703768066607687,0.585,20.627,30.352,12.051
Cowpea(Lobia),2014,Kharif     ,Nagaland,6.19644412779452,720,1333.3,11.211433810994668,5.091908014224992,1.473,20.627,30.352,12.051
Groundnut,2014,Kharif     ,Nagaland,6.7580945044277305,880,1333.3,11.773954992919265,5.651787179537821,1.013,20.627,30.352,12.051
Horse-gram,2014,Kharif     ,Nagaland,6.111467339502679,480,1333.3,11.126277204319269,5.0072963928307415,1.046,20.627,30.352,12.051
Jowar,2014,Kharif     ,Nagaland,5.484796933490655,230,1333.3,10.497681425151924,4.384523514872469,0.96,20.627,30.352,12.051
Jute,2014,Kharif     ,Nagaland,8.019941687677365,5790,1333.3,13.03662987449481,6.911946483600605,1.902,20.627,30.352,12.051
Linseed,2014,Rabi       ,Nagaland,8.662331957082475,4670,1333.3,13.679175008793765,7.554020473641952,0.805,20.627,30.352,12.051
Maize,2014,Rabi       ,Nagaland,8.560444233410552,10310,1333.3,13.57726885095367,7.452170405741683,1.975,20.627,30.352,12.051
Masoor,2014,Rabi       ,Nagaland,7.65491704784832,1730,1333.3,12.671461266990564,6.547215734226965,0.817,20.627,30.352,12.051
Mesta,2014,Kharif     ,Nagaland,7.518064181233078,2040,1333.3,12.534539351804307,6.4105037752432645,1.105,20.627,30.352,12.051
Moong(Green Gram),2014,Kharif     ,Nagaland,5.860786223465865,350,1333.3,10.874966981854165,4.757891273005756,1.0,20.627,30.352,12.051
Other  Rabi pulses,2014,Rabi       ,Nagaland,9.130322663990151,11640,1333.3,14.147229946246137,8.021879959280755,1.252,20.627,30.352,12.051
Other Kharif pulses,2014,Kharif     ,Nagaland,9.25540933534376,12520,1333.3,14.272329271974547,8.146940775063815,1.174,20.627,30.352,12.051
Peas & beans (Pulses),2014,Kharif     ,Nagaland,7.754052639035757,3160,1333.3,12.770641290650905,6.646260636284004,1.353,20.627,30.352,12.051
Peas & beans (Pulses),2014,Rabi       ,Nagaland,8.870803443982124,7800,1333.3,13.88767883584107,7.762425893698754,1.097,20.627,30.352,12.051
Ragi,2014,Kharif     ,Nagaland,5.771441123130016,300,1333.3,10.785356597487715,4.669083511731744,0.966,20.627,30.352,12.051
Rice,2014,Rabi       ,Nagaland,8.296795865770052,10740,1333.3,13.313563073297532,7.1886392969329185,2.683,20.627,30.352,12.051
Sesamum,2014,Kharif     ,Nagaland,8.18060094759445,2150,1333.3,13.197337631370445,7.0725067145826275,0.604,20.627,30.352,12.051
Small millets,2014,Kharif     ,Nagaland,9.068892008391808,9740,1333.3,14.0857924718793,7.960463235459272,1.119,20.627,30.352,12.051
Sunflower,2014,Kharif     ,Nagaland,5.707110264748875,240,1333.3,10.72081945637715,4.605170185988092,0.765,20.627,30.352,12.051
Sunflower,2014,Rabi       ,Nagaland,7.645397699428633,1280,1333.3,12.661937415521942,6.537705576094927,0.616,20.627,30.352,12.051
Urad,2014,Kharif     ,Nagaland,6.673297967767654,640,1333.3,11.689056231639789,5.5671988095361,0.821,20.627,30.352,12.051
Wheat,2014,Rabi       ,Nagaland,8.029758520440822,5600,1333.3,13.046449899382313,6.921756798617951,1.823,20.627,30.352,12.051
Arhar/Tur,2014,Kharif     ,Punjab,7.8636512654486515,2390,382.7,12.880284172863288,6.755768921984255,0.878,24.752,37.153,13.515
Barley,2014,Rabi       ,Punjab,9.305741456739435,39400,382.7,14.322666055047106,8.197263371414335,3.539,24.752,37.153,13.515
Gram,2014,Rabi       ,Punjab,7.496097345175956,1950,382.7,12.512560525088517,6.38856140554563,1.102,24.752,37.153,13.515
Groundnut,2014,Kharif     ,Punjab,7.244941546337007,2600,382.7,12.26124714827483,6.137727054086234,1.86,24.752,37.153,13.515
Masoor,2014,Rabi       ,Punjab,6.68586094706836,470,382.7,11.701634909033103,5.579729825986222,0.575,24.752,37.153,13.515
Moong(Green Gram),2014,Kharif     ,Punjab,8.216358332386156,3100,382.7,13.233104790034611,7.108244139731541,0.922,24.752,37.153,13.515
Peas & beans (Pulses),2014,Rabi       ,Punjab,7.696667081526462,2560,382.7,12.713230551434592,6.588926477533519,1.156,24.752,37.153,13.515
Sesamum,2014,Kharif     ,Punjab,8.45553053102413,1400,382.7,13.472334098176884,7.347299700743164,0.27,24.752,37.153,13.515
Urad,2014,Kharif     ,Punjab,7.696667081526462,1210,382.7,12.713230551434592,6.588926477533519,0.523,24.752,37.153,13.515
Arhar/Tur,2014,Rabi       ,Telangana,6.778784897685177,614,746.4,11.794669039395117,5.6724293969981785,0.529,26.286,36.682,16.969
Bajra,2014,Kharif     ,Telangana,7.588829878307813,1851,746.4,12.605341932451324,6.481194207579239,0.848,26.286,36.682,16.969
Bajra,2014,Rabi       ,Telangana,9.131729971394272,8659,746.4,14.148637405004608,8.023286957441728,0.923,26.286,36.682,16.969
Cashewnut,2014,Kharif     ,Telangana,8.316300249036848,2290,746.4,13.33307224144596,7.208133907955111,0.57,26.286,36.682,16.969
Castor seed,2014,Rabi       ,Telangana,6.90875477931522,576,746.4,11.924776804291822,5.802118375377063,0.502,26.286,36.682,16.969
Coriander,2014,Whole Year ,Telangana,7.37650812632622,382,746.4,12.392901197213686,6.269115222920853,0.241,26.286,36.682,16.969
Cowpea(Lobia),2014,Kharif     ,Telangana,7.404279118037268,1511,746.4,12.420689225334526,6.296851459803208,0.94,26.286,36.682,16.969
Cowpea(Lobia),2014,Rabi       ,Telangana,9.052399183907607,8385,746.4,14.069297744235401,7.943974299366996,0.97,26.286,36.682,16.969
Groundnut,2014,Kharif     ,Telangana,9.42569365781533,21533,746.4,14.442628464099256,8.31719471440907,1.361,26.286,36.682,16.969
Horse-gram,2014,Kharif     ,Telangana,6.272877006546167,274,746.4,11.288015855092233,5.168037823781117,0.51,26.286,36.682,16.969
Horse-gram,2014,Rabi       ,Telangana,7.483806687665835,679,746.4,12.500263042814117,6.3762846732388585,0.394,26.286,36.682,16.969
Linseed,2014,Rabi       ,Telangana,3.828641396489095,18,746.4,8.82382458602643,2.7631695003232895,0.4,26.286,36.682,16.969
Masoor,2014,Rabi       ,Telangana,4.007333185232471,21,746.4,9.006121611792311,2.9349201341572337,0.39,26.286,36.682,16.969
Other  Rabi pulses,2014,Rabi       ,Telangana,4.68213122712422,141,746.4,9.689905642683765,3.5920931854262443,1.11,26.286,36.682,16.969
Other Kharif pulses,2014,Kharif     ,Telangana,4.990432586778736,75,746.4,10.000666893460805,3.8954870367880465,0.603,26.286,36.682,16.969
Ragi,2014,Kharif     ,Telangana,7.087573705557973,1333,746.4,12.103758374243936,5.9806058037731065,1.38,26.286,36.682,16.969
Ragi,2014,Rabi       ,Telangana,5.805134968916488,415,746.4,10.819153289141424,4.702569091975224,1.268,26.286,36.682,16.969
Rapeseed &Mustard,2014,Rabi       ,Telangana,7.720905251936779,3962,746.4,12.737479534551586,6.613142578448728,1.62,26.286,36.682,16.969
Safflower,2014,Rabi       ,Telangana,8.332308352219117,3100,746.4,13.349084202637702,7.224134131755866,0.752,26.286,36.682,16.969
Sesamum,2014,Kharif     ,Telangana,8.609042845046117,1087,746.4,13.625876489810262,7.500750577591641,0.201,26.286,36.682,16.969
Small millets,2014,Kharif     ,Telangana,4.90527477843843,85,746.4,9.914904134650017,3.811539466849824,0.63,26.286,36.682,16.969
Soyabean,2014,Rabi       ,Telangana,4.812184355372417,165,746.4,9.821090241625491,3.7198935076431057,1.185,26.286,36.682,16.969
Sunflower,2014,Kharif     ,Telangana,7.222566018822171,1395,746.4,12.238855565103531,6.115384270277091,1.013,26.286,36.682,16.969
Tobacco,2014,Kharif     ,Telangana,7.336285660021297,3466,746.4,12.352653201277606,6.2289448345222445,3.017,26.286,36.682,16.969
Tobacco,2014,Rabi       ,Telangana,8.423321975806166,12509,746.4,13.440118624639782,7.315105276236786,2.821,26.286,36.682,16.969
Urad,2014,Rabi       ,Telangana,9.007612005404566,3316,746.4,14.024505236389913,7.899198009253475,0.41,26.286,36.682,16.969
Wheat,2014,Rabi       ,Telangana,8.67060073804555,6929,746.4,13.687445205003318,7.56228636357099,1.156,26.286,36.682,16.969
Arhar/Tur,2014,Kharif     ,Tripura,7.8336002236611035,1820,2015.7,12.850221475251347,6.72574167476592,0.726,25.075,33.968,17.505
Cotton(lint),2014,Kharif     ,Tripura,6.807934943699926,1347,2015.7,11.823851589159396,5.701513235212158,1.472,25.075,33.968,17.505
Gram,2014,Rabi       ,Tripura,5.087596335232384,131,2015.7,10.098460409740767,3.9913885608088866,0.853,25.075,33.968,17.505
Groundnut,2014,Kharif     ,Tripura,5.521460917862246,268,2015.7,10.534494400670454,4.420886705880596,1.068,25.075,33.968,17.505
Groundnut,2014,Rabi       ,Tripura,6.18826412308259,533,2015.7,11.20323715505582,5.08376183242036,1.008,25.075,33.968,17.505
Maize,2014,Kharif     ,Tripura,8.416267272826277,5963,2015.7,13.433062376341562,7.308053729538942,1.309,25.075,33.968,17.505
Masoor,2014,Rabi       ,Tripura,7.823645930834952,1902,2015.7,12.840263243572299,6.71579542264818,0.76,25.075,33.968,17.505
Moong(Green Gram),2014,Kharif     ,Tripura,6.345636360828596,312,2015.7,11.360906977071988,5.2405293427806425,0.54,25.075,33.968,17.505
Moong(Green Gram),2014,Rabi       ,Tripura,6.429719478039138,381,2015.7,11.445130875256822,5.324326185729087,0.604,25.075,33.968,17.505
Other  Rabi pulses,2014,Rabi       ,Tripura,6.315358001522335,462,2015.7,11.330574947756926,5.210360087788895,0.835,25.075,33.968,17.505
Other Kharif pulses,2014,Kharif     ,Tripura,7.170888478512505,792,2015.7,12.187139540090271,6.063785208687608,0.609,25.075,33.968,17.505
Peas & beans (Pulses),2014,Rabi       ,Tripura,7.629489916393995,1731,2015.7,12.646022011063598,6.5218133473627065,0.841,25.075,33.968,17.505
Rapeseed &Mustard,2014,Rabi       ,Tripura,8.688622307043769,4925,2015.7,13.705469818235233,7.580301713834118,0.822,25.075,33.968,17.505
Sesamum,2014,Kharif     ,Tripura,7.81156848934518,1543,2015.7,12.82818097014653,6.703727844860158,0.63,25.075,33.968,17.505
Urad,2014,Kharif     ,Tripura,6.7912214627261855,520,2015.7,11.807119587920262,5.684837479488428,0.572,25.075,33.968,17.505
Urad,2014,Rabi       ,Tripura,6.07993319509559,325,2015.7,11.09467233757678,4.9759058135751575,0.705,25.075,33.968,17.505
Wheat,2014,Rabi       ,Tripura,4.912654885736052,304,2015.7,9.922338746971416,3.8188106237059674,2.214,25.075,33.968,17.505
Coriander,2014,Rabi       ,Uttar Pradesh,8.834628222017367,3332,616.4,13.851498474333386,7.726261171606497,0.482,25.945,38.182,15.008
Cotton(lint),2014,Kharif     ,Uttar Pradesh,8.75115798136203,1886,616.4,13.768015640600415,7.642816657391073,0.294,25.945,38.182,15.008
Dry chillies,2014,Kharif     ,Uttar Pradesh,9.494315582496638,10951,616.4,14.511255700895628,8.385805784525173,0.829,25.945,38.182,15.008
Guar seed,2014,Kharif     ,Uttar Pradesh,7.62608275807238,1677,616.4,12.642613204539396,6.518409552753856,0.829,25.945,38.182,15.008
Maize,2014,Rabi       ,Uttar Pradesh,9.273690687476945,25493,616.4,14.290612344493447,8.16521861200736,2.444,25.945,38.182,15.008
Sannhamp,2014,Kharif     ,Uttar Pradesh,7.521859252201629,710,616.4,12.53833646775626,6.414294673432988,0.47,25.945,38.182,15.008
Small millets,2014,Kharif     ,Uttar Pradesh,8.834336974017637,5086,616.4,13.851207184195816,7.725970009691948,0.768,25.945,38.182,15.008
Small millets,2014,Summer     ,Uttar Pradesh,3.8501476017100584,43,616.4,8.845800293080018,2.7837759116303458,0.89,25.945,38.182,15.008
Sunflower,2014,Summer     ,Uttar Pradesh,7.841885928984623,4352,616.4,12.858510429397157,6.73402074792547,1.703,25.945,38.182,15.008
Tobacco,2014,Summer     ,Uttar Pradesh,6.016157159698354,1072,616.4,11.030746253234359,4.9124342731675945,2.661,25.945,38.182,15.008
Turmeric,2014,Rabi       ,Uttar Pradesh,7.352441100243583,4423,616.4,12.36881901916057,6.245079105837281,2.855,25.945,38.182,15.008
Arhar/Tur,2014,Kharif     ,Uttarakhand,8.055475141757274,2854,1287.4,13.072174735821042,6.9474566458336895,0.782,18.929,28.825,10.435
Bajra,2014,Kharif     ,Uttarakhand,1.0986122886681098,2,1287.4,5.713468744245622,0.5068176023684519,1.0,18.929,28.825,10.435
Gram,2014,Rabi       ,Uttarakhand,6.400257445308821,514,1287.4,11.41562085761684,5.2949617427346745,0.771,18.929,28.825,10.435
Groundnut,2014,Kharif     ,Uttarakhand,7.078341579557671,1306,1287.4,12.09451854471629,5.971389382676931,1.068,18.929,28.825,10.435
Horse-gram,2014,Kharif     ,Uttarakhand,9.401786836547139,9783,1287.4,14.418719704868053,8.293291853053935,0.807,18.929,28.825,10.435
Linseed,2014,Rabi       ,Uttarakhand,1.0986122886681098,1,1287.4,5.713468744245622,0.5068176023684519,0.5,18.929,28.825,10.435
Maize,2014,Summer     ,Uttarakhand,3.6109179126442243,80,1287.4,8.600717830126044,2.5556757206762075,2.205,18.929,28.825,10.435
Masoor,2014,Rabi       ,Uttarakhand,9.251290358305138,7352,1287.4,14.26820990295424,8.142822598941816,0.679,18.929,28.825,10.435
Moong(Green Gram),2014,Kharif     ,Uttarakhand,2.8903717578961645,10,1287.4,7.850617832237013,1.888583653863595,0.843,18.929,28.825,10.435
Moong(Green Gram),2014,Summer     ,Uttarakhand,2.8903717578961645,9,1287.4,7.850617832237013,1.888583653863595,0.75,18.929,28.825,10.435
Moth,2014,Kharif     ,Uttarakhand,3.6375861597263857,16,1287.4,8.628111832040055,2.580974118534234,0.43,18.929,28.825,10.435
Other  Rabi pulses,2014,Rabi       ,Uttarakhand,1.9459101490553132,5,1287.4,6.8098778065003245,1.091923300517313,0.918,18.929,28.825,10.435
Other Cereals,2014,Kharif     ,Uttarakhand,7.098375638590786,587,1287.4,12.114569230792691,5.991389544295341,0.498,18.929,28.825,10.435
Other Cereals,2014,Rabi       ,Uttarakhand,6.403574197934815,530,1287.4,11.418943083251733,5.2982673652979955,0.88,18.929,28.825,10.435
Other Kharif pulses,2014,Kharif     ,Uttarakhand,9.450773591827353,11859,1287.4,14.467710381979808,8.342270594683367,0.955,18.929,28.825,10.435
Peas & beans (Pulses),2014,Rabi       ,Uttarakhand,8.625688787569537,5393,1287.4,13.642525424809127,7.517390407313067,0.733,18.929,28.825,10.435
Rapeseed &Mustard,2014,Rabi       ,Uttarakhand,9.550591175100745,9963,1287.4,14.567535385857182,8.442073014848736,0.68,18.929,28.825,10.435
Rice,2014,Summer     ,Uttarakhand,9.42504844446929,39004,1287.4,14.441983199056251,8.316549606697698,3.15,18.929,28.825,10.435
Sesamum,2014,Kharif     ,Uttarakhand,7.340186835320115,408,1287.4,12.356556897933608,6.232840866683252,0.256,18.929,28.825,10.435
Soyabean,2014,Kharif     ,Uttarakhand,9.284798282894192,14327,1287.4,14.301720969944373,8.176324102792583,0.903,18.929,28.825,10.435
Sunflower,2014,Whole Year ,Uttarakhand,3.713572066704308,43,1287.4,8.706059948246196,2.653241964607215,1.038,18.929,28.825,10.435
Tobacco,2014,Whole Year ,Uttarakhand,1.791759469228055,10,1287.4,6.627776790915388,0.9745596399981308,2.0,18.929,28.825,10.435
Turmeric,2014,Whole Year ,Uttarakhand,6.806829360392176,1740,1287.4,11.822744790299023,5.700410128015343,1.877,18.929,28.825,10.435
Urad,2014,Kharif     ,Uttarakhand,9.442324727955874,9538,1287.4,14.459260855338021,8.333823085086307,0.75,18.929,28.825,10.435
Urad,2014,Summer     ,Uttarakhand,4.060443010546419,32,1287.4,9.060182377428866,2.9861868607104594,0.58,18.929,28.825,10.435
other oilseeds,2014,Kharif     ,Uttarakhand,4.90527477843843,91,1287.4,9.914904134650017,3.811539466849824,0.674,18.929,28.825,10.435
other oilseeds,2014,Rabi       ,Uttarakhand,6.042632833682381,198,1287.4,11.057285384287926,4.938781190328272,0.535,18.929,28.825,10.435
Masoor,2014,Rabi       ,Jharkhand,8.78462153484075,4850,1156.6,13.801484369276181,7.676269638561966,0.711,23.033,33.117,13.225
Peas & beans (Pulses),2014,Rabi       ,Jharkhand,8.625509334899697,5325,1156.6,13.642345940143647,7.517211020001792,0.9,23.033,33.117,13.225
Arhar/Tur,2014,Rabi       ,West Bengal,7.6255950721324535,2942,1483.5,12.642125282222876,6.517922349218637,1.377,25.575,35.836,16.354
Bajra,2014,Kharif     ,West Bengal,5.10594547390058,48,1483.5,10.116921719967117,4.009512626705403,0.32,25.575,35.836,16.354
Barley,2014,Rabi       ,West Bengal,7.809135398120538,3457,1483.5,12.825746898406813,6.701296755198198,1.42,25.575,35.836,16.354
Castor seed,2014,Kharif     ,West Bengal,4.406719247264253,48,1483.5,9.411545833516373,3.322514859627687,0.59,25.575,35.836,16.354
Cotton(lint),2014,Kharif     ,West Bengal,6.423246963533519,1574,1483.5,11.4386479399817,5.317874865763567,2.56,25.575,35.836,16.354
Groundnut,2014,Autumn     ,West Bengal,7.605392364814935,1864,1483.5,12.621912680806378,6.497739833775155,1.009,25.575,35.836,16.354
Groundnut,2014,Rabi       ,West Bengal,9.5078490052457,24379,1483.5,14.524790128929578,8.399337153095225,1.656,25.575,35.836,16.354
Horse-gram,2014,Rabi       ,West Bengal,7.595889917718538,1031,1483.5,12.612405510361878,6.488247025871836,0.639,25.575,35.836,16.354
Jowar,2014,Autumn     ,West Bengal,3.258096538021482,8,1483.5,8.236155661683124,2.224623551524334,0.32,25.575,35.836,16.354
Linseed,2014,Rabi       ,West Bengal,8.57602797713713,1931,1483.5,13.592855537299531,7.467748138674211,0.348,25.575,35.836,16.354
Moong(Green Gram),2014,Kharif     ,West Bengal,7.025538314638521,960,1483.5,12.041669824976395,5.918678777382329,0.733,25.575,35.836,16.354
Moong(Green Gram),2014,Rabi       ,West Bengal,7.85243908535751,1727,1483.5,12.869067684857805,6.744565536304208,0.778,25.575,35.836,16.354
Moth,2014,Kharif     ,West Bengal,2.833213344056216,14,1483.5,7.790017554576838,1.8373699804801074,0.88,25.575,35.836,16.354
Niger seed,2014,Kharif     ,West Bengal,8.3243363327069,2959,1483.5,13.341110269562133,7.216166020409352,0.552,25.575,35.836,16.354
Other  Rabi pulses,2014,Rabi       ,West Bengal,5.733341276897746,133,1483.5,10.747136191177038,4.631227720307381,0.443,25.575,35.836,16.354
Other Kharif pulses,2014,Kharif     ,West Bengal,6.858565034791365,636,1483.5,11.87453592916642,5.752032810604912,0.546,25.575,35.836,16.354
Peas & beans (Pulses),2014,Rabi       ,West Bengal,9.55499334068759,16778,1483.5,14.571937861961425,8.446474545923316,1.175,25.575,35.836,16.354
Ragi,2014,Autumn     ,West Bengal,9.223059144383958,11094,1483.5,14.239975958512177,8.114596964131284,0.71,25.575,35.836,16.354
Safflower,2014,Rabi       ,West Bengal,6.18826412308259,421,1483.5,11.20323715505582,5.08376183242036,0.847,25.575,35.836,16.354
Sesamum,2014,Autumn     ,West Bengal,7.0192966537150445,833,1483.5,12.035422630524918,5.912448395678571,0.665,25.575,35.836,16.354
Sesamum,2014,Winter     ,West Bengal,7.026426808699636,807,1483.5,12.042559103922661,5.9195656715641185,0.661,25.575,35.836,16.354
Small millets,2014,Autumn     ,West Bengal,6.928537818164665,700,1483.5,11.94457930170118,5.821861762721802,0.58,25.575,35.836,16.354
Small millets,2014,Rabi       ,West Bengal,6.261491684321042,709,1483.5,11.27660903095577,5.156696196880458,0.95,25.575,35.836,16.354
Soyabean,2014,Kharif     ,West Bengal,6.39024066706535,417,1483.5,11.405587439773077,5.284978802108856,0.592,25.575,35.836,16.354
Sunflower,2014,Kharif     ,West Bengal,8.83927669058535,9002,1483.5,13.856147613784422,7.730908269597621,1.265,25.575,35.836,16.354
Tobacco,2014,Whole Year ,West Bengal,9.56317796268366,23828,1483.5,14.580123057658584,8.45465799561513,1.175,25.575,35.836,16.354
Urad,2014,Rabi       ,West Bengal,9.214232786691527,9433,1483.5,14.231148731194395,8.10577238328279,0.891,25.575,35.836,16.354
Bajra,2015,Kharif     ,Bihar,8.317766166719343,4639,874.0,13.379548793216582,7.209599098840012,1.1,26.545,37.912,16.008
Barley,2015,Rabi       ,Bihar,9.273878392780171,13898,874.0,14.335810389353766,8.16540628155028,1.311,26.545,37.912,16.008
Castor seed,2015,Kharif     ,Bihar,3.784189633918261,41,874.0,8.823372627913928,2.7206373166076814,0.968,26.545,37.912,16.008
Groundnut,2015,Kharif     ,Bihar,6.20050917404269,501,874.0,11.260516838272517,5.095956354416355,1.008,26.545,37.912,16.008
Horse-gram,2015,Kharif     ,Bihar,8.957252944288902,7210,874.0,14.019150202640846,7.848851787775047,0.925,26.545,37.912,16.008
Jowar,2015,Kharif     ,Bihar,7.385230923066573,1713,874.0,12.446639564573418,6.277826999243745,1.067,26.545,37.912,16.008
Linseed,2015,Rabi       ,Bihar,9.618069581737414,12911,874.0,14.680028735360949,8.50954199552557,0.873,26.545,37.912,16.008
Moong(Green Gram),2015,Kharif     ,Bihar,9.410665553209713,8342,874.0,14.472609472235687,8.302169087990615,0.676,26.545,37.912,16.008
Other  Rabi pulses,2015,Rabi       ,Bihar,6.590301048196686,734,874.0,11.650960438732277,5.484423419759683,1.005,26.545,37.912,16.008
Other Kharif pulses,2015,Kharif     ,Bihar,7.430707082545968,1379,874.0,12.492143145095676,6.323247233528621,0.875,26.545,37.912,16.008
Ragi,2015,Kharif     ,Bihar,8.843037724962366,9893,874.0,13.904919496006045,7.734668199705076,1.276,26.545,37.912,16.008
Safflower,2015,Rabi       ,Bihar,4.672828834461906,85,874.0,9.725524085458648,3.582963228522387,0.933,26.545,37.912,16.008
Sannhamp,2015,Kharif     ,Bihar,7.122866658599083,999,874.0,12.184090243249733,6.015840036249296,0.834,26.545,37.912,16.008
Sesamum,2015,Kharif     ,Bihar,7.9211727215870145,2390,874.0,12.982837229227533,6.813246777747659,0.883,26.545,37.912,16.008
Small millets,2015,Kharif     ,Bihar,7.478734825567875,1338,874.0,12.540198524463003,6.371218607530096,0.819,26.545,37.912,16.008
Sunflower,2015,Rabi       ,Bihar,9.341807134718488,16203,874.0,14.403745255817972,8.233322513032109,1.39,26.545,37.912,16.008
Tobacco,2015,Whole Year ,Bihar,9.116578992161708,15805,874.0,14.17849510244209,8.008139330484429,1.744,26.545,37.912,16.008
Urad,2015,Kharif     ,Bihar,9.521641310026597,12048,874.0,14.583593772383054,8.413127392806013,0.907,26.545,37.912,16.008
Bajra,2015,Kharif     ,Chhattisgarh,3.9318256327243257,17,1136.0,8.974174902310109,2.8622008809294686,0.268,26.193,36.991,15.51
Barley,2015,Rabi       ,Chhattisgarh,6.964135612418245,666,1136.0,12.025221227552384,5.857390149940316,0.704,26.193,36.991,15.51
Castor seed,2015,Rabi       ,Chhattisgarh,4.007333185232471,17,1136.0,9.051126562781196,2.9349201341572337,0.279,26.193,36.991,15.51
Coconut ,2015,Whole Year ,Chhattisgarh,4.07753744390572,0,1136.0,9.122577439912503,3.0027078872904163,0.0,26.193,36.991,15.51
Coriander,2015,Whole Year ,Chhattisgarh,7.793586803371584,700,1136.0,12.855202210173077,6.6857610669244485,0.258,26.193,36.991,15.51
Cotton(lint),2015,Whole Year ,Chhattisgarh,3.912023005428146,94,1136.0,8.95397477944607,2.843163674909384,2.033,26.193,36.991,15.51
Dry chillies,2015,Whole Year ,Chhattisgarh,8.84505705350085,3039,1136.0,13.906939114005032,7.736686937063498,0.459,26.193,36.991,15.51
Garlic,2015,Whole Year ,Chhattisgarh,7.078341579557671,3086,1136.0,12.139528648102003,5.971389382676931,2.85,26.193,36.991,15.51
Ginger,2015,Whole Year ,Chhattisgarh,7.58629630715272,2392,1136.0,12.647817286784694,6.478663240242817,1.195,26.193,36.991,15.51
Horse-gram,2015,Rabi       ,Chhattisgarh,8.2482674474469,1036,1136.0,13.31003260985821,7.140136035648829,0.263,26.193,36.991,15.51
Jowar,2015,Whole Year ,Chhattisgarh,8.596928159435091,4358,1136.0,13.658769890345718,7.488640405181985,0.923,26.193,36.991,15.51
Jute,2015,Kharif     ,Chhattisgarh,4.90527477843843,0,1136.0,9.959912308425997,3.811539466849824,0.0,26.193,36.991,15.51
Mesta,2015,Kharif     ,Chhattisgarh,7.059617628291383,2115,1136.0,12.12078884814247,5.952697730927882,2.08,26.193,36.991,15.51
Moong(Green Gram),2015,Kharif     ,Chhattisgarh,9.201904893155081,4561,1136.0,14.263829930133321,8.093446997879758,0.371,26.193,36.991,15.51
Moong(Green Gram),2015,Rabi       ,Chhattisgarh,8.51197962436335,2002,1136.0,13.573805082613186,7.403725099716141,0.348,26.193,36.991,15.51
Other  Rabi pulses,2015,Rabi       ,Chhattisgarh,7.77863014732581,399,1136.0,12.840239376880815,6.670817016645738,0.18,26.193,36.991,15.51
Other Kharif pulses,2015,Kharif     ,Chhattisgarh,8.758255243232792,1569,1136.0,13.820124318185004,7.649911647343135,0.244,26.193,36.991,15.51
Peas & beans (Pulses),2015,Rabi       ,Chhattisgarh,9.460632055209405,4604,1136.0,14.522579938378861,8.352127492240122,0.347,26.193,36.991,15.51
Ragi,2015,Kharif     ,Chhattisgarh,8.99255742690407,1521,1136.0,14.054459125391464,7.884147201588929,0.195,26.193,36.991,15.51
Safflower,2015,Rabi       ,Chhattisgarh,6.5998704992128365,247,1136.0,11.660542906741368,5.493966383552854,0.328,26.193,36.991,15.51
Sannhamp,2015,Kharif     ,Chhattisgarh,7.180069874302796,621,1136.0,12.241338046740122,6.07295236395425,0.405,26.193,36.991,15.51
Sunflower,2015,Kharif     ,Chhattisgarh,7.812782818577581,808,1136.0,12.874406019281025,6.704941176953344,0.473,26.193,36.991,15.51
Turmeric,2015,Whole Year ,Chhattisgarh,7.496097345175956,1523,1136.0,12.557570712535046,6.38856140554563,1.093,26.193,36.991,15.51
Urad,2015,Rabi       ,Chhattisgarh,8.102283624480073,848,1136.0,13.16400790075498,6.99423568169654,0.264,26.193,36.991,15.51
Dry chillies,2015,Whole Year ,Gujarat,8.685077700412423,6165,584.3,13.746934917281587,7.576758321512036,0.962,27.345,39.528,16.322
Maize,2015,Summer     ,Gujarat,8.70334075304372,12876,584.3,13.765201011117348,7.595015163373194,2.067,27.345,39.528,16.322
Other Cereals,2015,Kharif     ,Gujarat,8.484049972822984,2806,584.3,13.545869771708071,7.375807004502628,0.598,27.345,39.528,16.322
Other Kharif pulses,2015,Kharif     ,Gujarat,8.615770754777232,2577,584.3,13.677615911606255,7.507476004413864,0.449,27.345,39.528,16.322
Sesamum,2015,Summer     ,Gujarat,9.279586544712997,5228,584.3,14.3415190721023,8.171113349204843,0.472,27.345,39.528,16.322
Small millets,2015,Rabi       ,Gujarat,9.587611745713565,18735,584.3,14.649568855128276,8.47908833546268,1.245,27.345,39.528,16.322
Urad,2015,Summer     ,Gujarat,7.9561263512135,2016,584.3,13.017803252459492,6.848175111533293,0.733,27.345,39.528,16.322
Arhar/Tur,2015,Kharif     ,Haryana,8.38958706681109,5000,426.8,13.45138650963868,7.2813856635702825,1.127,25.318,37.672,13.341
Castor seed,2015,Kharif     ,Haryana,6.2166061010848646,400,426.8,11.276646014262878,5.111987788356544,0.875,25.318,37.672,13.341
Coriander,2015,Whole Year ,Haryana,7.886081401775745,5697,426.8,12.947733023336324,6.778181757926243,2.556,25.318,37.672,13.341
Groundnut,2015,Kharif     ,Haryana,8.366602832783736,5300,426.8,13.428397024884974,7.258412150595307,1.18,25.318,37.672,13.341
Horse-gram,2015,Kharif     ,Haryana,5.303304908059076,100,426.8,10.36037428013116,4.204692619390966,0.5,25.318,37.672,13.341
Maize,2015,Kharif     ,Haryana,8.665785595466064,17900,426.8,13.727639538860943,7.557472901614746,2.93,25.318,37.672,13.341
Masoor,2015,Rabi       ,Haryana,7.496097345175956,1300,426.8,12.557570712535046,6.38856140554563,0.958,25.318,37.672,13.341
Moong(Green Gram),2015,Kharif     ,Haryana,9.19023970026918,5420,426.8,14.252163561333044,8.081784206935001,0.607,25.318,37.672,13.341
Moth,2015,Kharif     ,Haryana,5.707110264748875,100,426.8,10.765828833982527,4.605170185988092,0.25,25.318,37.672,13.341
Peas & beans (Pulses),2015,Rabi       ,Haryana,7.3783837129967145,2100,426.8,12.439788116649323,6.270988431858299,1.38,25.318,37.672,13.341
Sesamum,2015,Kharif     ,Haryana,8.131824785007195,1620,426.8,13.19355782364612,7.023758954738443,0.526,25.318,37.672,13.341
Sunflower,2015,Kharif     ,Haryana,9.036106025364846,21500,426.8,14.09801298920505,7.927685045615778,2.247,25.318,37.672,13.341
Urad,2015,Kharif     ,Haryana,7.3783837129967145,560,426.8,12.439788116649323,6.270988431858299,0.365,25.318,37.672,13.341
other oilseeds,2015,Rabi       ,Haryana,6.90875477931522,1000,426.8,11.969786862161808,5.802118375377063,1.0,25.318,37.672,13.341
Arhar/Tur,2015,Kharif     ,Himachal Pradesh,3.828641396489095,15,1223.2,8.868828457484854,2.7631695003232895,0.32,21.019,31.642,12.125
Bajra,2015,Kharif     ,Himachal Pradesh,4.382026634673881,46,1223.2,9.431553260760321,3.29842610362621,0.614,21.019,31.642,12.125
Coriander,2015,Rabi       ,Himachal Pradesh,4.77912349311153,43,1223.2,9.83276354063275,3.6873783279876693,0.514,21.019,31.642,12.125
Dry chillies,2015,Kharif     ,Himachal Pradesh,6.396929655216146,217,1223.2,11.45729742069366,5.291645156779972,0.348,21.019,31.642,12.125
Garlic,2015,Rabi       ,Himachal Pradesh,8.39049553837028,6537,1223.2,13.452295186267675,7.282293716409806,1.164,21.019,31.642,12.125
Gram,2015,Rabi       ,Himachal Pradesh,5.883322388488279,354,1223.2,10.94257592588808,4.7802992722005415,0.842,21.019,31.642,12.125
Groundnut,2015,Kharif     ,Himachal Pradesh,3.58351893845611,33,1223.2,8.617554230491802,2.529720665577793,0.905,21.019,31.642,12.125
Horse-gram,2015,Kharif     ,Himachal Pradesh,7.387090235656757,757,1223.2,12.448500022919813,6.279683975158379,0.452,21.019,31.642,12.125
Linseed,2015,Rabi       ,Himachal Pradesh,6.6895992691789665,235,1223.2,11.75038785072195,5.5834587140900656,0.29,21.019,31.642,12.125
Masoor,2015,Rabi       ,Himachal Pradesh,6.091309882077698,296,1223.2,11.151084485734247,4.987230185649934,0.564,21.019,31.642,12.125
Moong(Green Gram),2015,Kharif     ,Himachal Pradesh,4.875197323201151,64,1223.2,9.929608412987454,3.7819143200811256,0.5,21.019,31.642,12.125
Moth,2015,Kharif     ,Himachal Pradesh,2.8903717578961645,6,1223.2,7.895611038179039,1.888583653863595,0.217,21.019,31.642,12.125
Other Kharif pulses,2015,Kharif     ,Himachal Pradesh,8.780326390946605,5710,1223.2,13.842198875371341,7.671975831951972,0.895,21.019,31.642,12.125
Peas & beans (Pulses),2015,Kharif     ,Himachal Pradesh,7.228388451573604,1751,1223.2,12.289692348122681,6.121198112106161,1.307,21.019,31.642,12.125
Peas & beans (Pulses),2015,Rabi       ,Himachal Pradesh,7.763871287820222,5176,1223.2,12.825474330541507,6.656070782234342,2.08,21.019,31.642,12.125
Ragi,2015,Kharif     ,Himachal Pradesh,7.505492274737424,1877,1223.2,12.566970804130714,6.39794580542727,0.846,21.019,31.642,12.125
Rapeseed &Mustard,2015,Rabi       ,Himachal Pradesh,9.02725852623582,4405,1223.2,14.089164438829048,7.91883969366264,0.455,21.019,31.642,12.125
Sesamum,2015,Kharif     ,Himachal Pradesh,4.852030263919617,43,1223.2,9.906262199640201,3.7591048990034333,0.314,21.019,31.642,12.125
Small millets,2015,Kharif     ,Himachal Pradesh,8.318498320504338,2908,1223.2,13.380281124596157,7.21033089002391,0.773,21.019,31.642,12.125
Soyabean,2015,Kharif     ,Himachal Pradesh,6.318968113746434,925,1223.2,11.379201368065143,5.213957017929963,1.657,21.019,31.642,12.125
Turmeric,2015,Kharif     ,Himachal Pradesh,5.332718793265369,113,1223.2,10.389932160160532,4.233816607508695,0.522,21.019,31.642,12.125
Urad,2015,Kharif     ,Himachal Pradesh,8.842604480678025,3327,1223.2,13.904486189542126,7.734235082413207,0.579,21.019,31.642,12.125
Castor seed,2015,Kharif     ,Madhya Pradesh,8.294299608857235,2000,1000.7,13.356076473759618,7.186144304522325,0.5,25.88,37.675,14.656
Horse-gram,2015,Kharif     ,Madhya Pradesh,9.472781556562168,3376,1000.7,14.534730374054504,8.364275084991524,0.258,25.88,37.675,14.656
Jute,2015,Kharif     ,Madhya Pradesh,8.699681400989514,6000,1000.7,13.761541054141714,7.591357046698551,1.0,25.88,37.675,14.656
Safflower,2015,Rabi       ,Madhya Pradesh,8.853808274977197,4291,1000.7,13.915691583190046,7.745435610274381,0.616,25.88,37.675,14.656
Sunflower,2015,Rabi       ,Madhya Pradesh,6.90875477931522,1000,1000.7,11.969786862161808,5.802118375377063,1.0,25.88,37.675,14.656
Castor seed,2015,Kharif     ,Maharashtra,9.343734255146714,2136,875.7,14.405672544000613,8.235249290788195,0.239,26.046,37.116,15.631
Moong(Green Gram),2015,Summer     ,Maharashtra,7.845024417241484,591,875.7,12.906660376413967,6.737156738331694,0.204,26.046,37.116,15.631
Niger seed,2015,Kharif     ,Maharashtra,9.423110302862831,1867,875.7,14.485055227806843,8.314611782814906,0.168,26.046,37.116,15.631
Sesamum,2015,Rabi       ,Maharashtra,7.395107546562485,907,875.7,12.456522249958711,6.287691259922527,0.569,26.046,37.116,15.631
Small millets,2015,Rabi       ,Maharashtra,9.670356794688852,4856,875.7,14.732319315639891,8.561822329559442,0.404,26.046,37.116,15.631
Small millets,2015,Summer     ,Maharashtra,9.421492310438014,9870,875.7,14.48343710530549,8.312994056102966,0.629,26.046,37.116,15.631
Sunflower,2015,Summer     ,Maharashtra,6.928537818164665,1335,875.7,11.989589365287763,5.821861762721802,0.644,26.046,37.116,15.631
Tobacco,2015,Whole Year ,Maharashtra,7.382124365737512,2803,875.7,12.443531088141352,6.274724355749176,1.125,26.046,37.116,15.631
other oilseeds,2015,Rabi       ,Maharashtra,9.122055457108612,2364,875.7,14.183972163490148,8.01361457785555,0.317,26.046,37.116,15.631
other oilseeds,2015,Summer     ,Maharashtra,5.730099782973574,340,875.7,10.788893625609255,4.6280074198908485,0.68,26.046,37.116,15.631
Arhar/Tur,2015,Kharif     ,Manipur,6.280395838960195,581,1329.1,11.340558555851807,5.1755280704554165,1.089,21.072,29.929,13.601
Cashewnut,2015,Whole Year ,Manipur,3.5553480614894135,19,1329.1,8.588572014256131,2.503073953743449,0.555,21.072,29.929,13.601
Cowpea(Lobia),2015,Kharif     ,Manipur,6.870053411798126,1051,1329.1,11.931046283992831,5.76349687842828,1.108,21.072,29.929,13.601
Gram,2015,Rabi       ,Manipur,6.645090969505644,713,1329.1,11.705823229322919,5.539065051810604,0.927,21.072,29.929,13.601
Groundnut,2015,Kharif     ,Manipur,8.124446855715847,2977,1329.1,13.18617773014525,7.016385443507586,0.884,21.072,29.929,13.601
Maize,2015,Rabi       ,Manipur,8.853808274977197,17180,1329.1,13.915691583190046,7.745435610274381,2.462,21.072,29.929,13.601
Masoor,2015,Rabi       ,Manipur,6.51025834052315,623,1329.1,11.570803825142168,5.404612445365639,0.928,21.072,29.929,13.601
Moong(Green Gram),2015,Kharif     ,Manipur,6.113682179832232,500,1329.1,11.173506631393005,5.009501318055053,1.106,21.072,29.929,13.601
Other  Rabi pulses,2015,Rabi       ,Manipur,8.743850562030243,5793,1329.1,13.80571737086338,7.635511594155235,0.921,21.072,29.929,13.601
Other Kharif pulses,2015,Kharif     ,Manipur,7.3343293503005365,1718,1329.1,12.395705782457641,6.22699111146752,1.132,21.072,29.929,13.601
Soyabean,2015,Kharif     ,Manipur,8.53817159780143,4283,1329.1,13.600002221570412,7.429906525078042,0.836,21.072,29.929,13.601
Urad,2015,Kharif     ,Manipur,7.275172319452771,1618,1329.1,12.336509197822952,6.167914734430007,1.136,21.072,29.929,13.601
Wheat,2015,Rabi       ,Manipur,7.719129840906732,5620,1329.1,12.7807135602158,6.61136876590021,2.503,21.072,29.929,13.601
Arhar/Tur,2015,Kharif     ,Mizoram,5.594711379601839,250,2310.8,10.65303586026684,4.493568009406789,1.038,20.602,29.908,12.8
Cotton(lint),2015,Kharif     ,Mizoram,5.176149732573829,77,2310.8,10.232545226239676,4.078892457663179,0.612,20.602,29.908,12.8
Cowpea(Lobia),2015,Kharif     ,Mizoram,7.086737934510577,1363,2310.8,12.14793201417838,5.979771448516936,1.121,20.602,29.908,12.8
Cowpea(Lobia),2015,Rabi       ,Mizoram,4.68213122712422,117,2310.8,9.734913267499138,3.5920931854262443,0.997,20.602,29.908,12.8
Maize,2015,Kharif     ,Mizoram,8.643473357326567,9868,2310.8,13.70532343517811,7.5351685575547585,1.946,20.602,29.908,12.8
Maize,2015,Rabi       ,Mizoram,5.327876168789581,427,2310.8,10.385066120462614,4.229021132213981,2.57,20.602,29.908,12.8
Other  Rabi pulses,2015,Rabi       ,Mizoram,7.15305163493748,2038,2310.8,12.21429906556001,6.045976406354246,1.545,20.602,29.908,12.8
Other Kharif pulses,2015,Kharif     ,Mizoram,6.7580945044277305,1274,2310.8,11.818965003328262,5.651787179537821,1.341,20.602,29.908,12.8
Potato,2015,Kharif     ,Mizoram,1.9459101490553132,6,2310.8,6.854839616635521,1.091923300517313,1.0,20.602,29.908,12.8
Rapeseed &Mustard,2015,Rabi       ,Mizoram,6.612041034833092,694,2310.8,11.672729818337876,5.506103595541204,0.866,20.602,29.908,12.8
Rice,2015,Rabi       ,Mizoram,6.212606095751519,1275,2310.8,11.272638043729923,5.108003959824529,2.515,20.602,29.908,12.8
Sesamum,2015,Kharif     ,Mizoram,6.767343125265392,650,2310.8,11.828224260874006,5.661014142805263,0.762,20.602,29.908,12.8
Soyabean,2015,Kharif     ,Mizoram,6.955592608396297,1613,2310.8,12.016670158014154,5.8488635785089595,1.436,20.602,29.908,12.8
Tobacco,2015,Whole Year ,Mizoram,5.869296913133774,121,2310.8,10.928511246970963,4.766353223579481,0.452,20.602,29.908,12.8
Arhar/Tur,2015,Kharif     ,Nagaland,8.02322468471667,2750,1308.3,13.084924196379877,6.915227293820838,0.887,20.469,29.837,12.835
Bajra,2015,Kharif     ,Nagaland,6.53813982376767,700,1308.3,11.59872602588451,5.432411101028736,0.989,20.469,29.837,12.835
Barley,2015,Rabi       ,Nagaland,6.274762021241939,540,1308.3,11.334914205483846,5.169915651743512,1.01,20.469,29.837,12.835
Castor seed,2015,Kharif     ,Nagaland,5.802118375377063,220,1308.3,10.861137094819103,4.699570861409576,0.62,20.469,29.837,12.835
Cotton(lint),2015,Kharif     ,Nagaland,4.875197323201151,80,1308.3,9.929608412987454,3.7819143200811256,0.615,20.469,29.837,12.835
Cowpea(Lobia),2015,Kharif     ,Nagaland,6.255750041753367,770,1308.3,11.315866240289813,5.150976778649327,1.477,20.469,29.837,12.835
Gram,2015,Rabi       ,Nagaland,6.647688373563329,650,1308.3,11.70842398960567,5.541655625147766,0.822,20.469,29.837,12.835
Groundnut,2015,Kharif     ,Nagaland,6.792344427470809,920,1308.3,11.853253828596468,5.685957889743649,1.028,20.469,29.837,12.835
Horse-gram,2015,Kharif     ,Nagaland,6.19644412779452,520,1308.3,11.256443565420467,5.091908014224992,1.041,20.469,29.837,12.835
Jowar,2015,Kharif     ,Nagaland,5.5254529391317835,240,1308.3,10.583511498904658,4.42484663185681,0.96,20.469,29.837,12.835
Linseed,2015,Rabi       ,Nagaland,8.66406026722579,4680,1308.3,13.725913914779222,7.555748177534973,0.805,20.469,29.837,12.835
Maize,2015,Rabi       ,Nagaland,8.569975376855206,10440,1308.3,13.631812093668108,7.461697861821532,1.982,20.469,29.837,12.835
Masoor,2015,Rabi       ,Nagaland,7.664346632098617,1790,1308.3,12.725905482286134,6.556636300614086,0.829,20.469,29.837,12.835
Mesta,2015,Kharif     ,Nagaland,7.523481312573497,2050,1308.3,12.584969591637588,6.415914955127227,1.105,20.469,29.837,12.835
Moong(Green Gram),2015,Kharif     ,Nagaland,5.968707559985366,400,1308.3,11.028188227217004,4.865224091322398,1.009,20.469,29.837,12.835
Other  Rabi pulses,2015,Rabi       ,Nagaland,9.140025198061156,11780,1308.3,14.201943837634479,8.03158037012165,1.258,20.469,29.837,12.835
Other Kharif pulses,2015,Kharif     ,Nagaland,9.257319373170178,12740,1308.3,14.31924981262069,8.148850442609824,1.199,20.469,29.837,12.835
Peas & beans (Pulses),2015,Kharif     ,Nagaland,7.766840537085513,3210,1308.3,12.828444831851035,6.659037476548497,1.357,20.469,29.837,12.835
Peas & beans (Pulses),2015,Rabi       ,Nagaland,8.87640491500694,7870,1308.3,13.938291394891117,7.76802577257814,1.1,20.469,29.837,12.835
Ragi,2015,Kharif     ,Nagaland,5.802118375377063,320,1308.3,10.861137094819103,4.699570861409576,1.001,20.469,29.837,12.835
Rice,2015,Rabi       ,Nagaland,8.416488487294606,12220,1308.3,13.478293924348353,7.308274844697287,2.703,20.469,29.837,12.835
Sesamum,2015,Kharif     ,Nagaland,8.183397369998433,2160,1308.3,13.245145098788262,7.075301550193937,0.605,20.469,29.837,12.835
Small millets,2015,Kharif     ,Nagaland,9.075779878580487,9810,1308.3,14.13769144369551,7.967349500629518,1.116,20.469,29.837,12.835
Sunflower,2015,Kharif     ,Nagaland,5.831882477283517,280,1308.3,10.890989493565804,4.729156165769083,0.788,20.469,29.837,12.835
Sunflower,2015,Rabi       ,Nagaland,7.682943169878292,1330,1308.3,12.744510615313486,6.575215300888529,0.614,20.469,29.837,12.835
Urad,2015,Rabi       ,Nagaland,6.710523109452428,670,1308.3,11.771337313537725,5.604330395684541,0.825,20.469,29.837,12.835
Wheat,2015,Rabi       ,Nagaland,8.086717920303906,5950,1308.3,13.148437474330027,6.978679617318836,1.829,20.469,29.837,12.835
other oilseeds,2015,Kharif     ,Nagaland,7.771067086065406,1420,1308.3,12.832673156638409,6.663260401756892,0.596,20.469,29.837,12.835
Arhar/Tur,2015,Kharif     ,Punjab,7.8636512654486515,2630,512.6,12.925294410147147,6.755768921984255,1.006,24.686,36.911,13.464
Barley,2015,Rabi       ,Punjab,9.105090961257085,33300,512.6,14.167005810432347,7.9966538754626075,3.621,24.686,36.911,13.464
Gram,2015,Rabi       ,Punjab,7.438971592395862,2180,512.6,12.500412505646022,6.331501849893691,1.258,24.686,36.911,13.464
Groundnut,2015,Kharif     ,Punjab,6.90875477931522,1900,512.6,11.969786862161808,5.802118375377063,1.9,24.686,36.911,13.464
Masoor,2015,Rabi       ,Punjab,6.398594934535208,420,512.6,11.458965460174284,5.293304824724492,0.65,24.686,36.911,13.464
Moong(Green Gram),2015,Kharif     ,Punjab,8.764209507142004,4290,512.6,13.826079509313509,7.655864017616056,0.699,24.686,36.911,13.464
Peas & beans (Pulses),2015,Rabi       ,Punjab,8.160803920954665,5300,512.6,13.222545307303326,7.052721049232323,1.475,24.686,36.911,13.464
Sesamum,2015,Kharif     ,Punjab,8.45553053102413,1550,512.6,13.517344385563277,7.347299700743164,0.353,24.686,36.911,13.464
Urad,2015,Kharif     ,Punjab,7.601402334583733,1080,512.6,12.662930876376207,6.493753839851686,0.614,24.686,36.911,13.464
Arhar/Tur,2015,Rabi       ,Telangana,7.255591274253665,937,747.9,12.316914535967197,6.1483614526032655,0.522,27.095,37.84,17.201
Bajra,2015,Kharif     ,Telangana,7.398174092970465,1531,747.9,12.45959066633893,6.290753992601479,0.882,27.095,37.84,17.201
Bajra,2015,Rabi       ,Telangana,8.359134886757962,4003,747.9,13.420927346666941,7.250947741361486,0.864,27.095,37.84,17.201
Cashewnut,2015,Kharif     ,Telangana,8.01862546504575,2146,747.9,13.080323474868436,6.9106311397276015,0.71,27.095,37.84,17.201
Castor seed,2015,Rabi       ,Telangana,6.400257445308821,213,747.9,11.460630721931906,5.2949617427346745,0.338,27.095,37.84,17.201
Coriander,2015,Kharif     ,Telangana,2.4849066497880004,8,747.9,7.460496059548715,1.5325568680981427,0.73,27.095,37.84,17.201
Coriander,2015,Rabi       ,Telangana,6.906754778648554,382,747.9,11.967784872181879,5.800122427092944,0.403,27.095,37.84,17.201
Cowpea(Lobia),2015,Kharif     ,Telangana,7.681560362559537,1135,747.9,12.743127174355436,6.573833786445484,0.512,27.095,37.84,17.201
Cowpea(Lobia),2015,Rabi       ,Telangana,8.70317470904168,16132,747.9,13.765034939714772,7.594849175328982,2.523,27.095,37.84,17.201
Garlic,2015,Rabi       ,Telangana,5.655991810819852,1009,747.9,10.714536650574622,4.554403068934438,3.522,27.095,37.84,17.201
Groundnut,2015,Kharif     ,Telangana,9.508294505698569,21503,747.9,14.570245990018053,8.399782586398953,1.348,27.095,37.84,17.201
Horse-gram,2015,Kharif     ,Telangana,6.236369590203704,110,747.9,11.296448393220166,5.13167228913909,0.22,27.095,37.84,17.201
Horse-gram,2015,Rabi       ,Telangana,7.333676395657684,684,747.9,12.395052403889911,6.22633902129789,0.419,27.095,37.84,17.201
Linseed,2015,Rabi       ,Telangana,2.0794415416798357,3,747.9,7.0088396650154685,1.1969481893889715,0.43,27.095,37.84,17.201
Masoor,2015,Rabi       ,Telangana,3.8501476017100584,16,747.9,8.890804305343826,2.7837759116303458,0.35,27.095,37.84,17.201
Other  Rabi pulses,2015,Rabi       ,Telangana,4.007333185232471,21,747.9,9.051126562781196,2.9349201341572337,0.305,27.095,37.84,17.201
Other Kharif pulses,2015,Kharif     ,Telangana,4.61512051684126,37,747.9,9.667258761673263,3.5263605246161616,0.343,27.095,37.84,17.201
Ragi,2015,Kharif     ,Telangana,6.610696044717759,404,747.9,11.671383028274162,5.504762268239195,0.667,27.095,37.84,17.201
Ragi,2015,Rabi       ,Telangana,5.187385805840755,110,747.9,10.243844377223013,4.090001812787964,0.663,27.095,37.84,17.201
Rapeseed &Mustard,2015,Rabi       ,Telangana,7.2196420401307355,1665,747.9,12.28093959744302,6.112464624753488,1.023,27.095,37.84,17.201
Safflower,2015,Rabi       ,Telangana,8.257385655730436,2581,747.9,13.319153179203859,7.14924942350894,0.806,27.095,37.84,17.201
Sesamum,2015,Kharif     ,Telangana,8.297294370266917,148,747.9,13.35907197800409,7.18913754928539,0.069,27.095,37.84,17.201
Sesamum,2015,Rabi       ,Telangana,9.196849781793684,2770,747.9,14.258774310873346,8.088392923961015,0.243,27.095,37.84,17.201
Small millets,2015,Kharif     ,Telangana,7.1284959456800365,993,747.9,12.189724032253782,6.021460147143363,0.8,27.095,37.84,17.201
Small millets,2015,Rabi       ,Telangana,4.174387269895637,51,747.9,9.221007277711402,3.096482176654134,0.8,27.095,37.84,17.201
Soyabean,2015,Rabi       ,Telangana,5.978885764901122,420,747.9,11.03839223254369,4.87534998330373,1.055,27.095,37.84,17.201
Sunflower,2015,Kharif     ,Telangana,6.814542897259958,828,747.9,11.875476808999487,5.708106446136256,0.91,27.095,37.84,17.201
Sunflower,2015,Rabi       ,Telangana,9.272187775302262,12502,747.9,14.334119614078462,8.163715986399133,1.077,27.095,37.84,17.201
Tobacco,2015,Kharif     ,Telangana,7.321849713788356,3702,747.9,12.383217995516912,6.214528095222021,3.677,27.095,37.84,17.201
Tobacco,2015,Rabi       ,Telangana,8.361708288575842,11455,747.9,13.423501346847807,7.253519921443308,3.426,27.095,37.84,17.201
Urad,2015,Rabi       ,Telangana,9.002947130753205,6400,747.9,14.06485010634184,7.894534296986533,0.77,27.095,37.84,17.201
Wheat,2015,Rabi       ,Telangana,8.507748732588238,16902,747.9,13.56957334366308,7.399495937870659,2.948,27.095,37.84,17.201
Arhar/Tur,2015,Kharif     ,Tripura,8.343077871169383,2885,2334.4,13.40486656253963,7.234898420314831,0.692,24.614,32.255,17.474
Cotton(lint),2015,Kharif     ,Tripura,6.807934943699926,1365,2334.4,11.868861616068726,5.701513235212158,1.491,24.614,32.255,17.474
Cowpea(Lobia),2015,Kharif     ,Tripura,8.370084326378025,3356,2334.4,13.4318793216013,7.261892004367864,0.776,24.614,32.255,17.474
Gram,2015,Rabi       ,Tripura,5.5254529391317835,195,2334.4,10.583511498904658,4.42484663185681,0.786,24.614,32.255,17.474
Groundnut,2015,Kharif     ,Tripura,6.272877006546167,606,2334.4,11.333025653382721,5.168037823781117,1.141,24.614,32.255,17.474
Groundnut,2015,Rabi       ,Tripura,6.741700694652055,981,2334.4,11.802552095542776,5.635432253767968,1.145,24.614,32.255,17.474
Maize,2015,Kharif     ,Tripura,8.900412690577083,10101,2334.4,13.962302462583839,7.792026824350176,1.385,24.614,32.255,17.474
Maize,2015,Rabi       ,Tripura,7.253470382684528,2076,2334.4,12.31479215345169,6.146243600895535,1.462,24.614,32.255,17.474
Masoor,2015,Rabi       ,Tripura,8.064007347096661,2049,2334.4,13.125719878048306,6.955983380462021,0.654,24.614,32.255,17.474
Moong(Green Gram),2015,Kharif     ,Tripura,7.696667081526462,1111,2334.4,12.758240768330438,6.588926477533519,0.506,24.614,32.255,17.474
Moong(Green Gram),2015,Rabi       ,Tripura,6.9363427358340495,565,2334.4,11.99740185670929,5.829651250945378,0.539,24.614,32.255,17.474
Other  Rabi pulses,2015,Rabi       ,Tripura,6.405228458030842,495,2334.4,11.465609932996102,5.2999160879117335,0.816,24.614,32.255,17.474
Other Kharif pulses,2015,Kharif     ,Tripura,2.8903717578961645,17,2334.4,7.895611038179039,1.888583653863595,1.0,24.614,32.255,17.474
Peas & beans (Pulses),2015,Rabi       ,Tripura,7.988882253309227,2549,2334.4,13.050570382084372,6.880908096973157,0.861,24.614,32.255,17.474
Rapeseed &Mustard,2015,Rabi       ,Tripura,8.767017621311778,5166,2334.4,13.828888058860421,7.658671242624376,0.8,24.614,32.255,17.474
Sesamum,2015,Kharif     ,Tripura,8.268475388982598,2261,2334.4,13.33024575515253,7.160333352970845,0.584,24.614,32.255,17.474
Soyabean,2015,Kharif     ,Tripura,5.594711379601839,234,2334.4,10.65303586026684,4.493568009406789,0.876,24.614,32.255,17.474
Urad,2015,Kharif     ,Tripura,7.741099090035366,1281,2334.4,12.802692405749033,6.633318433280377,0.571,24.614,32.255,17.474
Urad,2015,Rabi       ,Tripura,7.162397497355718,960,2334.4,12.223652166300296,6.055307513903706,0.735,24.614,32.255,17.474
Wheat,2015,Rabi       ,Tripura,5.209486152841421,407,2334.4,10.266066732121274,4.111856987306732,2.221,24.614,32.255,17.474
Coriander,2015,Rabi       ,Uttar Pradesh,8.919319398258887,2575,596.7,13.981211707823752,7.810928349302819,0.346,26.528,38.649,15.095
Cotton(lint),2015,Kharif     ,Uttar Pradesh,8.94754601503218,2658,596.7,14.009442024843374,7.8391474085914306,0.308,26.528,38.649,15.095
Dry chillies,2015,Kharif     ,Uttar Pradesh,9.513994213937663,10260,596.7,14.575946117522172,8.405481438169735,0.767,26.528,38.649,15.095
Ginger,2015,Kharif     ,Uttar Pradesh,6.862757913051401,425,596.7,11.92374322205894,5.756216784504622,0.412,26.528,38.649,15.095
Guar seed,2015,Kharif     ,Uttar Pradesh,7.470793774195062,1444,596.7,12.532252994760139,6.363286690793554,0.823,26.528,38.649,15.095
Maize,2015,Rabi       ,Uttar Pradesh,9.27058845232154,23341,596.7,14.332520141575733,8.162116968841202,2.162,26.528,38.649,15.095
Sannhamp,2015,Kharif     ,Uttar Pradesh,7.597396320212795,568,596.7,12.658922867694935,6.489751894175868,0.281,26.528,38.649,15.095
Small millets,2015,Kharif     ,Uttar Pradesh,9.017968479328726,5322,596.7,14.07987327803461,7.9095519218671395,0.696,26.528,38.649,15.095
Small millets,2015,Summer     ,Uttar Pradesh,4.110873864173311,57,596.7,9.156475352483971,3.0349529867072724,0.962,26.528,38.649,15.095
Sunflower,2015,Summer     ,Uttar Pradesh,7.695757990554761,3534,596.7,12.7573312665668,6.588018224756646,1.624,26.528,38.649,15.095
Tobacco,2015,Summer     ,Uttar Pradesh,6.0473721790462776,660,596.7,11.10704557085024,4.943497843108764,1.594,26.528,38.649,15.095
Turmeric,2015,Rabi       ,Uttar Pradesh,6.775366090936392,971,596.7,11.8362563742056,5.669018482219861,1.08,26.528,38.649,15.095
Arhar/Tur,2015,Kharif     ,Uttarakhand,8.112227958349724,2740,1247.6,13.173955213223952,7.004173935108611,0.751,19.035,29.125,10.433
Bajra,2015,Kharif     ,Uttarakhand,1.0986122886681098,2,1247.6,5.758333789260704,0.5068176023684519,1.0,19.035,29.125,10.433
Gram,2015,Rabi       ,Uttarakhand,6.472346294500901,540,1247.6,11.532834557187053,5.366816782972729,0.794,19.035,29.125,10.433
Groundnut,2015,Kharif     ,Uttarakhand,6.835184586147301,1278,1247.6,11.896140805976552,5.728702703616424,1.08,19.035,29.125,10.433
Horse-gram,2015,Kharif     ,Uttarakhand,9.357121103184378,10292,1247.6,14.419060548472501,8.248633776571545,0.894,19.035,29.125,10.433
Jowar,2015,Kharif     ,Uttarakhand,1.791759469228055,4,1247.6,6.672728905756154,0.9745596399981308,0.8,19.035,29.125,10.433
Maize,2015,Summer     ,Uttarakhand,3.784189633918261,73,1247.6,8.823372627913928,2.7206373166076814,1.32,19.035,29.125,10.433
Masoor,2015,Rabi       ,Uttarakhand,9.214730720277476,7523,1247.6,14.276657034432398,8.106270216211293,0.729,19.035,29.125,10.433
Moong(Green Gram),2015,Kharif     ,Uttarakhand,1.3862943611198906,2,1247.6,6.162746221369518,0.688134638736401,0.75,19.035,29.125,10.433
Moong(Green Gram),2015,Summer     ,Uttarakhand,2.772588722239781,9,1247.6,7.7704975438986175,1.7833912195575383,0.847,19.035,29.125,10.433
Moth,2015,Kharif     ,Uttarakhand,2.772588722239781,8,1247.6,7.7704975438986175,1.7833912195575383,0.53,19.035,29.125,10.433
Moth,2015,Rabi       ,Uttarakhand,9.6714924414986,15520,1247.6,14.733455033650024,8.562957830917309,0.721,19.035,29.125,10.433
Other  Rabi pulses,2015,Rabi       ,Uttarakhand,1.6094379124341003,4,1247.6,6.449901539982252,0.8415671856782186,1.0,19.035,29.125,10.433
Other Kharif pulses,2015,Kharif     ,Uttarakhand,9.417191926513414,12055,1247.6,14.479136374631851,8.308694380496863,0.969,19.035,29.125,10.433
Peas & beans (Pulses),2015,Rabi       ,Uttarakhand,8.51398806046729,4666,1247.6,13.575813919624325,7.4057327171668295,0.737,19.035,29.125,10.433
Rapeseed &Mustard,2015,Rabi       ,Uttarakhand,9.415401415739627,11611,1247.6,14.477345719045106,8.30690416553823,0.71,19.035,29.125,10.433
Rice,2015,Summer     ,Uttarakhand,9.47608353690921,50137,1247.6,14.538032606375143,8.367576550614984,3.81,19.035,29.125,10.433
Sesamum,2015,Kharif     ,Uttarakhand,7.438971592395862,464,1247.6,12.500412505646022,6.331501849893691,0.236,19.035,29.125,10.433
Soyabean,2015,Kharif     ,Uttarakhand,9.387733135533384,15950,1247.6,14.449675167803662,8.27924052444832,0.995,19.035,29.125,10.433
Sunflower,2015,Kharif     ,Uttarakhand,4.634728988229636,97,1247.6,9.687060147337267,3.54558628428746,0.96,19.035,29.125,10.433
Turmeric,2015,Whole Year ,Uttarakhand,6.8885724595653635,1738,1247.6,11.949584284082668,5.781977322241258,1.767,19.035,29.125,10.433
Urad,2015,Kharif     ,Uttarakhand,9.387733135533384,7876,1247.6,14.449675167803662,8.27924052444832,0.832,19.035,29.125,10.433
Urad,2015,Summer     ,Uttarakhand,4.0943445622221,26,1247.6,9.139670022881486,3.018960399673198,0.465,19.035,29.125,10.433
other oilseeds,2015,Kharif     ,Uttarakhand,3.4339872044851463,19,1247.6,8.463433700569876,2.388762789235098,0.723,19.035,29.125,10.433
other oilseeds,2015,Rabi       ,Uttarakhand,6.4425401664681985,315,1247.6,11.502981891094231,5.337105293755297,0.568,19.035,29.125,10.433
Masoor,2015,Rabi       ,Jharkhand,9.080914824535725,6304,1085.6,14.142826971955627,7.972483257205245,0.698,23.589,34.244,14.137
Peas & beans (Pulses),2015,Rabi       ,Jharkhand,8.75384509275524,5689,1085.6,13.815713477374738,7.645502906710988,0.879,23.589,34.244,14.137
Arhar/Tur,2015,Rabi       ,West Bengal,7.950854857719988,2480,1717.0,13.012529917474255,6.842907376657808,0.843,26.047,35.465,16.827
Bajra,2015,Kharif     ,West Bengal,5.117993812416755,49,1717.0,10.174051187030155,4.021415382199343,0.32,26.047,35.465,16.827
Barley,2015,Rabi       ,West Bengal,7.824445930877619,3525,1717.0,12.886073794420104,6.716594773520978,1.409,26.047,35.465,16.827
Castor seed,2015,Kharif     ,West Bengal,4.04305126783455,34,1717.0,9.087490019126765,2.969388298214389,0.61,26.047,35.465,16.827
Cotton(lint),2015,Kharif     ,West Bengal,6.113682179832232,1326,1717.0,11.173506631393005,5.009501318055053,2.94,26.047,35.465,16.827
Groundnut,2015,Autumn     ,West Bengal,7.653494909661253,1900,1717.0,12.71504866984119,6.54579496347111,0.984,26.047,35.465,16.827
Groundnut,2015,Rabi       ,West Bengal,9.508442961755847,24593,1717.0,14.570394457025957,8.399931020086475,1.759,26.047,35.465,16.827
Horse-gram,2015,Rabi       ,West Bengal,7.641084249174914,1081,1717.0,12.702632119982006,6.533396319047419,0.663,26.047,35.465,16.827
Jowar,2015,Autumn     ,West Bengal,3.258096538021482,9,1717.0,8.281154352116294,2.224623551524334,0.36,26.047,35.465,16.827
Linseed,2015,Rabi       ,West Bengal,8.731013415269564,2275,1717.0,13.792878176888744,7.622678628319606,0.351,26.047,35.465,16.827
Moong(Green Gram),2015,Kharif     ,West Bengal,7.084226422097916,1029,1717.0,12.14541841077528,5.977264197706841,0.763,26.047,35.465,16.827
Moong(Green Gram),2015,Rabi       ,West Bengal,7.876258882303226,1800,1717.0,12.93790681510724,6.768366766873217,0.767,26.047,35.465,16.827
Moth,2015,Rabi       ,West Bengal,2.833213344056216,14,1717.0,7.835009689485267,1.8373699804801074,0.88,26.047,35.465,16.827
Niger seed,2015,Kharif     ,West Bengal,8.326758814511733,2959,1717.0,13.388543613321255,7.218587311332618,0.575,26.047,35.465,16.827
Other  Rabi pulses,2015,Rabi       ,West Bengal,5.926926025970411,186,1717.0,10.986297980159279,4.823662939086874,0.554,26.047,35.465,16.827
Other Kharif pulses,2015,Kharif     ,West Bengal,6.858565034791365,636,1717.0,11.919545972014568,5.752032810604912,0.546,26.047,35.465,16.827
Peas & beans (Pulses),2015,Rabi       ,West Bengal,9.617537312929105,11320,1717.0,14.679496431360818,8.509009798608218,0.725,26.047,35.465,16.827
Ragi,2015,Autumn     ,West Bengal,9.223552703448318,11127,1717.0,14.28547988662175,8.115090424298876,0.718,26.047,35.465,16.827
Safflower,2015,Kharif     ,West Bengal,6.18826412308259,424,1717.0,11.248246904584626,5.08376183242036,0.856,26.047,35.465,16.827
Sesamum,2015,Autumn     ,West Bengal,7.224753405767971,1122,1717.0,12.286054674439715,6.117568423903708,0.757,26.047,35.465,16.827
Sesamum,2015,Winter     ,West Bengal,7.1569563646156364,920,1717.0,12.218206827667068,6.049874954654404,0.696,26.047,35.465,16.827
Small millets,2015,Autumn     ,West Bengal,7.450660796211539,914,1717.0,12.512108502093907,6.3431771992169,0.528,26.047,35.465,16.827
Small millets,2015,Rabi       ,West Bengal,6.26530121273771,716,1717.0,11.325435575323464,5.160491049640633,0.965,26.047,35.465,16.827
Soyabean,2015,Kharif     ,West Bengal,6.398594934535208,436,1717.0,11.458965460174284,5.293304824724492,0.62,26.047,35.465,16.827
Sunflower,2015,Kharif     ,West Bengal,8.885440911707585,9407,1717.0,13.94732863996,7.777059219631956,1.298,26.047,35.465,16.827
Tobacco,2015,Whole Year ,West Bengal,9.620726684403415,25335,1717.0,14.682686013425739,8.512198739881324,1.188,26.047,35.465,16.827
Urad,2015,Rabi       ,West Bengal,9.321702839829644,10658,1717.0,14.383639191449058,8.213221832651632,0.9,26.047,35.465,16.827
Bajra,2016,Kharif     ,Bihar,8.178919332848396,4045,1205.6,13.210711194293527,7.129618010396625,1.13,26.602,37.408,16.644
Barley,2016,Rabi       ,Bihar,9.289521169850625,16290,1205.6,14.321499956020412,8.23987060702549,1.507,26.602,37.408,16.644
Castor seed,2016,Kharif     ,Bihar,4.356708826689592,74,1205.6,9.375960737046727,3.3304171996011083,0.988,26.602,37.408,16.644
Coriander,2016,Whole Year ,Bihar,7.9561263512135,2548,1205.6,12.987848644316152,6.906954958811368,0.891,26.602,37.408,16.644
Garlic,2016,Whole Year ,Bihar,7.532088143541722,2830,1205.6,12.563626453155052,6.483260244967167,1.526,26.602,37.408,16.644
Ginger,2016,Whole Year ,Bihar,5.940171252720432,697,1205.6,10.969623996862621,4.895224442584928,1.886,26.602,37.408,16.644
Groundnut,2016,Kharif     ,Bihar,6.887552571664617,994,1205.6,11.918608882580473,5.839623697567614,1.007,26.602,37.408,16.644
Horse-gram,2016,Kharif     ,Bihar,9.024131268455035,7626,1205.6,14.056082154779675,7.974532844130228,0.919,26.602,37.408,16.644
Jowar,2016,Kharif     ,Bihar,7.493873886783559,1912,1205.6,12.525391456904316,6.445084697103193,1.058,26.602,37.408,16.644
Linseed,2016,Rabi       ,Bihar,9.448175472033382,10561,1205.6,14.48016772492456,8.398499741458492,0.839,26.602,37.408,16.644
Moong(Green Gram),2016,Kharif     ,Bihar,9.273502946933823,8329,1205.6,14.305480250904635,8.2238551541083,0.765,26.602,37.408,16.644
Other  Rabi pulses,2016,Rabi       ,Bihar,7.758760544157663,2352,1205.6,12.790406829695693,6.709731078460892,1.002,26.602,37.408,16.644
Other Kharif pulses,2016,Kharif     ,Bihar,7.759614150696903,1858,1205.6,12.791260798333248,6.710584008937846,0.836,26.602,37.408,16.644
Ragi,2016,Kharif     ,Bihar,8.471777327885755,3456,1205.6,13.503639954185145,7.422343814108656,0.756,26.602,37.408,16.644
Safflower,2016,Rabi       ,Bihar,4.68213122712422,87,1205.6,9.70496039139524,3.649358695951653,0.912,26.602,37.408,16.644
Sannhamp,2016,Kharif     ,Bihar,7.091742115095153,971,1205.6,12.122985830091771,6.043463842218363,0.832,26.602,37.408,16.644
Sesamum,2016,Kharif     ,Bihar,7.617267813628347,1777,1205.6,12.648849594772077,6.568358770843678,0.919,26.602,37.408,16.644
Small millets,2016,Kharif     ,Bihar,8.314097335405807,3095,1205.6,13.345924441547925,7.264730177929867,0.79,26.602,37.408,16.644
Sunflower,2016,Rabi       ,Bihar,9.23863624113103,14685,1205.6,14.270610235536115,8.188994633327166,1.421,26.602,37.408,16.644
Tobacco,2016,Whole Year ,Bihar,9.215029361462314,17692,1205.6,14.24700104866676,8.165392065393618,1.755,26.602,37.408,16.644
Turmeric,2016,Whole Year ,Bihar,8.027476530860483,3082,1205.6,13.059222812004476,6.97826033986749,1.011,26.602,37.408,16.644
Urad,2016,Kharif     ,Bihar,9.471473109194427,11491,1205.6,14.503467165778734,8.421794007651178,0.904,26.602,37.408,16.644
Bajra,2016,Kharif     ,Chhattisgarh,4.51085950651685,50,1298.9,9.531952745690372,3.481240089335692,0.71,26.665,37.087,16.227
Barley,2016,Rabi       ,Chhattisgarh,7.633369649679584,1879,1298.9,12.664959240151004,6.584446028887205,0.964,26.665,37.087,16.227
Castor seed,2016,Kharif     ,Chhattisgarh,4.74493212836325,31,1298.9,9.768326260919034,3.711130063048756,0.22,26.665,37.087,16.227
Coriander,2016,Whole Year ,Chhattisgarh,7.756623334538858,677,1298.9,12.788268712119049,6.707595564058303,0.282,26.665,37.087,16.227
Cotton(lint),2016,Whole Year ,Chhattisgarh,4.382026634673881,147,1298.9,9.401601022422666,3.3551534431607486,2.162,26.665,37.087,16.227
Dry chillies,2016,Whole Year ,Chhattisgarh,8.821289805136113,4418,1298.9,13.853213774147376,7.771741679227003,0.646,26.665,37.087,16.227
Garlic,2016,Whole Year ,Chhattisgarh,7.1569563646156364,3212,1298.9,12.188252302210255,6.108580693776662,2.904,26.665,37.087,16.227
Ginger,2016,Whole Year ,Chhattisgarh,7.637234388789473,2473,1298.9,12.668825834997017,6.588307303766705,1.158,26.665,37.087,16.227
Horse-gram,2016,Rabi       ,Chhattisgarh,8.257385655730436,1122,1298.9,13.289198553493376,7.208045039473,0.274,26.665,37.087,16.227
Jowar,2016,Whole Year ,Chhattisgarh,8.297294370266917,5436,1298.9,13.32911735033887,7.247934920391672,1.407,26.665,37.087,16.227
Jute,2016,Kharif     ,Chhattisgarh,5.488937726156687,0,1298.9,10.516894583813798,4.4467604492404496,0.0,26.665,37.087,16.227
Mesta,2016,Kharif     ,Chhattisgarh,6.964135612418245,1717,1298.9,11.995266734069094,5.9160672826355345,2.142,26.665,37.087,16.227
Moong(Green Gram),2016,Kharif     ,Chhattisgarh,9.106645135637418,4071,1298.9,14.138605501972297,8.05702899578569,0.398,26.665,37.087,16.227
Moong(Green Gram),2016,Rabi       ,Chhattisgarh,8.72729202920964,2367,1298.9,13.759201547984588,7.67777090379866,0.331,26.665,37.087,16.227
Onion,2016,Whole Year ,Chhattisgarh,8.532278828834277,16342,1298.9,13.56415366449602,7.482822504809593,2.787,26.665,37.087,16.227
Other  Rabi pulses,2016,Rabi       ,Chhattisgarh,6.994849985833071,415,1298.9,12.026009536522032,5.94672865326659,0.352,26.665,37.087,16.227
Other Kharif pulses,2016,Kharif     ,Chhattisgarh,8.490233009833455,1718,1298.9,13.522099439154672,7.440792391113347,0.335,26.665,37.087,16.227
Peas & beans (Pulses),2016,Rabi       ,Chhattisgarh,9.557469903071384,5664,1298.9,14.589470265195677,8.50777901680562,0.386,26.665,37.087,16.227
Ragi,2016,Kharif     ,Chhattisgarh,8.879611609982035,1747,1298.9,13.911543885325274,7.830047963051927,0.201,26.665,37.087,16.227
Safflower,2016,Rabi       ,Chhattisgarh,5.389071729816501,75,1298.9,10.416595569659648,4.3476939555933765,0.344,26.665,37.087,16.227
Sannhamp,2016,Kharif     ,Chhattisgarh,7.081708586105575,565,1298.9,12.112943959537024,6.033445869348084,0.446,26.665,37.087,16.227
Sunflower,2016,Kharif     ,Chhattisgarh,7.729295674310482,7,1298.9,12.760929269445862,6.680289902018904,0.055,26.665,37.087,16.227
Tobacco,2016,Whole Year ,Chhattisgarh,1.791759469228055,3,1298.9,6.642812693499845,1.0116009116784799,0.6,26.665,37.087,16.227
Turmeric,2016,Whole Year ,Chhattisgarh,7.53689712956617,1636,1298.9,12.568437993367032,6.488064463609991,1.014,26.665,37.087,16.227
Urad,2016,Rabi       ,Chhattisgarh,8.37216741936598,1198,1298.9,13.40400826265973,7.322774599895113,0.302,26.665,37.087,16.227
Dry chillies,2016,Whole Year ,Gujarat,8.902455592206882,7595,710.5,13.934390991259546,7.852886108289455,1.155,27.297,39.266,17.192
Maize,2016,Summer     ,Gujarat,9.333619388136354,24059,710.5,14.365602134244845,8.283961424743229,2.081,27.297,39.266,17.192
Other Cereals,2016,Kharif     ,Gujarat,8.689127655323706,3499,710.5,13.721030908174397,7.639618237544757,0.688,27.297,39.266,17.192
Other Cereals,2016,Rabi       ,Gujarat,9.537339306804913,21025,710.5,14.569338241132234,8.48765108903525,1.428,27.297,39.266,17.192
Other Kharif pulses,2016,Kharif     ,Gujarat,8.474703139795285,2887,710.5,13.506566373686718,7.4252684908979445,0.614,27.297,39.266,17.192
Urad,2016,Summer     ,Gujarat,8.246171559857563,4616,710.5,13.277981551363734,7.196836372347625,0.806,27.297,39.266,17.192
Arhar/Tur,2016,Kharif     ,Haryana,8.630700432209832,4160,554.7,13.662593616768433,7.581209826196346,0.84,26.401,38.285,15.502
Castor seed,2016,Kharif     ,Haryana,7.496097345175956,2000,554.7,12.527616143852606,6.447305862541213,1.073,26.401,38.285,15.502
Coriander,2016,Whole Year ,Haryana,7.724004656676065,4004,554.7,12.755635933107587,6.675003213388817,1.896,26.401,38.285,15.502
Groundnut,2016,Kharif     ,Haryana,8.45553053102413,5700,554.7,13.48738975087212,7.406103381237015,1.152,26.401,38.285,15.502
Horse-gram,2016,Kharif     ,Haryana,5.303304908059076,100,554.7,10.330420567259534,4.2626798770413155,0.5,26.401,38.285,15.502
Maize,2016,Kharif     ,Haryana,8.748463629942055,19500,554.7,13.78037652295501,7.698936199813447,3.132,26.401,38.285,15.502
Masoor,2016,Rabi       ,Haryana,7.3783837129967145,1200,554.7,12.409833561339303,6.329720905522696,0.867,26.401,38.285,15.502
Moth,2016,Kharif     ,Haryana,6.398594934535208,100,554.7,11.429011105449131,5.351858133476067,0.21,26.401,38.285,15.502
Peas & beans (Pulses),2016,Rabi       ,Haryana,8.24301946898925,4700,554.7,13.274828637709714,7.193685818395112,1.257,26.401,38.285,15.502
Sesamum,2016,Kharif     ,Haryana,7.3783837129967145,1320,554.7,12.409833561339303,6.329720905522696,0.828,26.401,38.285,15.502
Sunflower,2016,Kharif     ,Haryana,9.059633754551479,12100,554.7,14.091588815811757,8.010027528481734,1.72,26.401,38.285,15.502
Urad,2016,Kharif     ,Haryana,7.186144304522325,600,554.7,12.21746253378261,6.137727054086234,1.582,26.401,38.285,15.502
other oilseeds,2016,Rabi       ,Haryana,7.170888478512505,1500,554.7,12.202195137703722,6.1224928095143865,1.067,26.401,38.285,15.502
Arhar/Tur,2016,Kharif     ,Himachal Pradesh,2.4849066497880004,2,1373.9,7.430558879507535,1.5789787049493917,0.37,22.007,32.359,13.414
Bajra,2016,Kharif     ,Himachal Pradesh,5.062595033026967,77,1373.9,10.088357941628844,4.024458434757935,0.58,22.007,32.359,13.414
Coriander,2016,Rabi       ,Himachal Pradesh,4.653960350157523,14,1373.9,9.676524215119054,3.6216707044204863,0.207,22.007,32.359,13.414
Cotton(lint),2016,Kharif     ,Himachal Pradesh,3.4339872044851463,12,1373.9,8.433485442342752,2.4423470353692043,0.37,22.007,32.359,13.414
Dry chillies,2016,Kharif     ,Himachal Pradesh,6.100318952020064,143,1373.9,11.130159520437932,5.05465217951303,0.306,22.007,32.359,13.414
Garlic,2016,Rabi       ,Himachal Pradesh,8.114623886420098,912,1373.9,13.146397236478874,7.065357139485627,0.418,22.007,32.359,13.414
Gram,2016,Rabi       ,Himachal Pradesh,6.148468295917647,204,1373.9,11.17841380516165,5.102606572635066,0.35,22.007,32.359,13.414
Groundnut,2016,Kharif     ,Himachal Pradesh,3.8918202981106265,39,1373.9,8.903407519932264,2.8791984572980396,0.815,22.007,32.359,13.414
Horse-gram,2016,Kharif     ,Himachal Pradesh,7.436617265234227,595,1373.9,12.46810223861683,6.387888910563998,0.353,22.007,32.359,13.414
Linseed,2016,Rabi       ,Himachal Pradesh,6.035481432524756,114,1373.9,11.065172444659312,4.990092392864926,0.195,22.007,32.359,13.414
Masoor,2016,Rabi       ,Himachal Pradesh,6.18826412308259,150,1373.9,11.218292625140016,5.1422481808981475,0.476,22.007,32.359,13.414
Moong(Green Gram),2016,Kharif     ,Himachal Pradesh,4.276666119016055,25,1373.9,9.294842353063904,3.2523106009544382,0.283,22.007,32.359,13.414
Moth,2016,Kharif     ,Himachal Pradesh,2.772588722239781,4,1373.9,7.740555700357267,1.8325814637483102,0.177,22.007,32.359,13.414
Other Kharif pulses,2016,Kharif     ,Himachal Pradesh,7.454719949364001,495,1373.9,12.486215431349308,6.405971983200375,0.35,22.007,32.359,13.414
Peas & beans (Pulses),2016,Kharif     ,Himachal Pradesh,6.418364935936212,914,1373.9,11.448813519502984,5.371567828287629,1.317,22.007,32.359,13.414
Peas & beans (Pulses),2016,Rabi       ,Himachal Pradesh,8.875846177738598,10189,1373.9,13.907777931306656,7.826283505796484,1.145,22.007,32.359,13.414
Ragi,2016,Kharif     ,Himachal Pradesh,7.532623618788788,1958,1373.9,12.564162213416468,6.483795188237728,0.853,22.007,32.359,13.414
Rapeseed &Mustard,2016,Rabi       ,Himachal Pradesh,8.872066513408342,1692,1373.9,13.90399774124921,7.822504823837463,0.3,22.007,32.359,13.414
Sannhamp,2016,Kharif     ,Himachal Pradesh,1.791759469228055,1,1373.9,6.642812693499845,1.0116009116784799,0.125,22.007,32.359,13.414
Sesamum,2016,Kharif     ,Himachal Pradesh,7.906915488678587,861,1373.9,12.938620210601535,6.857776909175896,0.322,22.007,32.359,13.414
Small millets,2016,Kharif     ,Himachal Pradesh,8.526351129201004,3656,1373.9,13.558224801019543,7.476896979570964,0.74,22.007,32.359,13.414
Soyabean,2016,Kharif     ,Himachal Pradesh,6.240275845170769,915,1373.9,11.27040794447282,5.194067345174237,1.523,22.007,32.359,13.414
Turmeric,2016,Kharif     ,Himachal Pradesh,4.919980925828125,81,1373.9,9.94477343944167,3.883623530906448,0.599,22.007,32.359,13.414
Urad,2016,Kharif     ,Himachal Pradesh,9.118773178450692,3682,1373.9,14.150734873398498,8.069154555749012,0.528,22.007,32.359,13.414
Horse-gram,2016,Kharif     ,Madhya Pradesh,9.472781556562168,6420,1048.4,14.504775713204905,8.423102268016642,0.484,26.328,37.36,15.668
Jute,2016,Kharif     ,Madhya Pradesh,8.699681400989514,6000,1048.4,13.731586410573502,7.650168700845001,1.0,26.328,37.36,15.668
Mesta,2016,Kharif     ,Madhya Pradesh,7.601402334583733,1439,1048.4,12.632976296995821,6.55250788703459,0.651,26.328,37.36,15.668
Other Cereals,2016,Rabi       ,Madhya Pradesh,8.343077871169383,3980,1048.4,13.374911932725974,7.293697720601438,0.725,26.328,37.36,15.668
Other Kharif pulses,2016,Kharif     ,Madhya Pradesh,7.601402334583733,2000,1048.4,12.632976296995821,6.55250788703459,1.0,26.328,37.36,15.668
Sunflower,2016,Rabi       ,Madhya Pradesh,7.327123292259293,1520,1048.4,12.358540481598403,6.278521424165844,1.0,26.328,37.36,15.668
Castor seed,2016,Kharif     ,Maharashtra,8.860782895806315,2074,1151.1,13.892712542293483,7.811224161136233,0.379,25.731,36.492,16.042
Linseed,2016,Rabi       ,Maharashtra,9.561278894062978,3354,1151.1,14.593279523127427,8.511587508895403,0.339,25.731,36.492,16.042
Niger seed,2016,Kharif     ,Maharashtra,9.550591175100745,2320,1151.1,14.58259105256896,8.50090119463926,0.175,25.731,36.492,16.042
Other Cereals,2016,Rabi       ,Maharashtra,9.269834943761822,4166,1151.1,14.301811904970622,8.220187791503573,0.437,25.731,36.492,16.042
Other Summer Pulses,2016,Summer     ,Maharashtra,7.682943169878292,1443,1151.1,12.714556028390305,6.633976111699347,0.689,25.731,36.492,16.042
Rapeseed &Mustard,2016,Rabi       ,Maharashtra,9.130647603066935,3317,1151.1,14.162610583323831,8.081026578430485,0.37,25.731,36.492,16.042
Sesamum,2016,Summer     ,Maharashtra,7.59337419312129,409,1151.1,12.624944151610105,6.544487219573761,0.189,25.731,36.492,16.042
Sunflower,2016,Summer     ,Maharashtra,6.523562306149512,869,1151.1,11.554172968948492,5.476463551931511,0.804,25.731,36.492,16.042
Tobacco,2016,Whole Year ,Maharashtra,6.68586094706836,1100,1151.1,11.716690459057835,5.638354669333745,1.38,25.731,36.492,16.042
other oilseeds,2016,Summer     ,Maharashtra,5.641907070938114,104,1151.1,10.670448465536966,4.598648968997826,0.326,25.731,36.492,16.042
Arhar/Tur,2016,Kharif     ,Manipur,6.280395838960195,603,2039.8,11.310604241469104,5.234045476527896,1.129,21.366,29.778,13.979
Cashewnut,2016,Whole Year ,Manipur,3.4657359027997265,19,2039.8,8.466268250230947,2.47232786758114,0.585,21.366,29.778,13.979
Cowpea(Lobia),2016,Kharif     ,Manipur,6.870053411798126,1090,2039.8,11.901091808500063,5.822157927391522,1.15,21.366,29.778,13.979
Gram,2016,Rabi       ,Manipur,6.674561391814426,738,2039.8,11.705376791962694,5.62708139972593,0.93,21.366,29.778,13.979
Groundnut,2016,Kharif     ,Manipur,8.125926802707886,2986,2039.8,13.157703493849356,7.076653815443951,0.886,21.366,29.778,13.979
Maize,2016,Rabi       ,Manipur,8.862341963516347,17000,2039.8,13.89427182956458,7.812782818577581,2.412,21.366,29.778,13.979
Masoor,2016,Rabi       ,Manipur,6.551080335043404,659,2039.8,11.581730652178921,5.503907758614657,0.94,21.366,29.778,13.979
Moong(Green Gram),2016,Kharif     ,Manipur,6.113682179832232,496,2039.8,11.143552382696551,5.067960360715525,1.094,21.366,29.778,13.979
Other  Rabi pulses,2016,Rabi       ,Manipur,8.751632702472298,5903,2039.8,13.78354609443857,7.70210434005105,0.931,21.366,29.778,13.979
Other Kharif pulses,2016,Kharif     ,Manipur,7.3343293503005365,1717,2039.8,12.365751232571702,6.285718725880145,1.139,21.366,29.778,13.979
Soyabean,2016,Kharif     ,Manipur,8.537191877922927,4326,2039.8,13.569067672995661,7.487733761436444,0.846,21.366,29.778,13.979
Urad,2016,Kharif     ,Manipur,7.275172319452771,1644,2039.8,12.306554655607329,6.22663547863491,1.144,21.366,29.778,13.979
Wheat,2016,Rabi       ,Manipur,7.719129840906732,5620,2039.8,12.750758970137461,6.670132406403093,2.503,21.366,29.778,13.979
Arhar/Tur,2016,Kharif     ,Mizoram,5.60947179518496,266,2626.8,10.637896630844713,4.566429357671661,1.191,20.958,30.242,13.025
Arhar/Tur,2016,Rabi       ,Mizoram,3.8501476017100584,41,2626.8,8.860853815277284,2.8390784635086144,0.89,20.958,30.242,13.025
Cotton(lint),2016,Kharif     ,Mizoram,4.276666119016055,24,2626.8,9.294842353063904,3.2523106009544382,0.427,20.958,30.242,13.025
Cowpea(Lobia),2016,Kharif     ,Mizoram,7.00033446027523,1233,2626.8,12.031498996034188,5.952203833154679,1.138,20.958,30.242,13.025
Cowpea(Lobia),2016,Rabi       ,Mizoram,4.7535901911063645,126,2626.8,9.777059443182706,3.71965111278069,1.152,20.958,30.242,13.025
Maize,2016,Kharif     ,Mizoram,8.60922527686273,8443,2626.8,13.641114610390005,7.559741866036994,1.665,20.958,30.242,13.025
Maize,2016,Rabi       ,Mizoram,5.700443573390687,468,2626.8,10.729185958013137,4.6568134191399295,1.73,20.958,30.242,13.025
Onion,2016,Rabi       ,Mizoram,3.58351893845611,127,2626.8,8.587605055656603,2.583997552432231,3.63,20.958,30.242,13.025
Other  Rabi pulses,2016,Rabi       ,Mizoram,7.1049654482698426,1964,2626.8,12.136220029568834,6.0566669103536155,1.769,20.958,30.242,13.025
Other Kharif pulses,2016,Kharif     ,Mizoram,6.665683717782408,1144,2626.8,11.696487918200308,5.618224586294555,1.336,20.958,30.242,13.025
Potato,2016,Kharif     ,Mizoram,4.672828834461906,437,2626.8,9.695571226330685,3.6402142821326553,3.75,20.958,30.242,13.025
Rapeseed &Mustard,2016,Rabi       ,Mizoram,5.7899601708972535,327,2626.8,10.81898797219584,4.745801315727837,0.91,20.958,30.242,13.025
Rice,2016,Rabi       ,Mizoram,5.978885764901122,872,2626.8,11.008438045615389,4.933754249760298,2.21,20.958,30.242,13.025
Sesamum,2016,Kharif     ,Mizoram,6.7464121285733745,572,2626.8,11.777314601077665,5.698769932832657,0.722,20.958,30.242,13.025
Soyabean,2016,Kharif     ,Mizoram,6.927557906278317,1604,2626.8,11.958654011635305,5.879554854554393,1.482,20.958,30.242,13.025
Tobacco,2016,Whole Year ,Mizoram,5.407171771460119,203,2626.8,10.434777349434473,4.365643155423357,0.69,20.958,30.242,13.025
Arhar/Tur,2016,Kharif     ,Nagaland,8.071218539969863,2890,1959.8,13.102978702753772,7.02197642307216,0.902,20.765,30.028,13.207
Bajra,2016,Kharif     ,Nagaland,6.53813982376767,700,1959.8,11.56877162929839,5.491001710377538,0.995,20.765,30.028,13.207
Barley,2016,Rabi       ,Nagaland,6.293419278846481,560,1959.8,11.323651798163635,5.247024072160486,1.028,20.765,30.028,13.207
Castor seed,2016,Kharif     ,Nagaland,5.831882477283517,230,1959.8,10.861035384258484,4.787491742782046,0.624,20.765,30.028,13.207
Cotton(lint),2016,Kharif     ,Nagaland,4.875197323201151,80,1959.8,9.899655218515903,3.8394523125933104,0.615,20.765,30.028,13.207
Cowpea(Lobia),2016,Kharif     ,Nagaland,6.274762021241939,770,1959.8,11.304959893146096,5.2284312390838705,1.453,20.765,30.028,13.207
Gram,2016,Rabi       ,Nagaland,6.621405651764134,620,1959.8,11.65215248168947,5.574053367981417,0.818,20.765,30.028,13.207
Groundnut,2016,Kharif     ,Nagaland,6.836259277277067,960,1959.8,11.867262177375009,5.788429948716486,1.02,20.765,30.028,13.207
Horse-gram,2016,Kharif     ,Nagaland,6.2166061010848646,530,1959.8,11.246691723724316,5.170483995038151,1.041,20.765,30.028,13.207
Jowar,2016,Kharif     ,Nagaland,5.564520407322694,250,1959.8,10.592777302768768,4.5217885770490405,0.96,20.765,30.028,13.207
Jute,2016,Kharif     ,Nagaland,8.029758520440822,5850,1959.8,13.061505540895462,6.980540948707785,1.905,20.765,30.028,13.207
Linseed,2016,Rabi       ,Nagaland,8.667507952075105,4710,1959.8,13.699407547774467,7.618005367441745,0.807,20.765,30.028,13.207
Maize,2016,Rabi       ,Nagaland,8.575650760987806,10500,1959.8,13.607533905541716,7.526178913346146,1.978,20.765,30.028,13.207
Masoor,2016,Rabi       ,Nagaland,7.640603826393634,1700,1959.8,12.672196884663245,6.591673732008658,0.818,20.765,30.028,13.207
Mesta,2016,Kharif     ,Nagaland,7.53955882930103,2090,1959.8,12.571101101530825,6.490723534502507,1.098,20.765,30.028,13.207
Moong(Green Gram),2016,Kharif     ,Nagaland,6.111467339502679,460,1959.8,11.141332658109956,5.065754593317335,1.009,20.765,30.028,13.207
Other  Rabi pulses,2016,Rabi       ,Nagaland,9.210440366976517,12650,1959.8,14.242411599320839,8.160803920954665,1.264,20.765,30.028,13.207
Other Kharif pulses,2016,Kharif     ,Nagaland,9.28461261635077,13110,1959.8,14.316590950842661,8.234962897642701,1.203,20.765,30.028,13.207
Peas & beans (Pulses),2016,Kharif     ,Nagaland,7.762596048540069,3190,1959.8,12.794243958667897,6.713563549617695,1.354,20.765,30.028,13.207
Peas & beans (Pulses),2016,Rabi       ,Nagaland,8.881975184248867,7920,1959.8,13.913907786109707,7.83241092718792,1.102,20.765,30.028,13.207
Ragi,2016,Kharif     ,Nagaland,5.802118375377063,320,1959.8,10.831183002673718,4.757891273005756,1.001,20.765,30.028,13.207
Rice,2016,Rabi       ,Nagaland,8.476579508530941,13400,1959.8,13.508443131145855,7.427144133408616,2.79,20.765,30.028,13.207
Sesamum,2016,Kharif     ,Nagaland,8.19450550976564,2200,1959.8,13.226301682199564,7.145196134997171,0.606,20.765,30.028,13.207
Small millets,2016,Kharif     ,Nagaland,9.082620630373812,9880,1959.8,14.114578316792057,8.033009498596668,1.12,20.765,30.028,13.207
Sunflower,2016,Kharif     ,Nagaland,5.860786223465865,300,1959.8,10.890022372798793,4.816241156068032,0.843,20.765,30.028,13.207
Sunflower,2016,Rabi       ,Nagaland,7.7057128238944275,1360,1959.8,12.73733598899611,6.656726524178391,0.616,20.765,30.028,13.207
Urad,2016,Rabi       ,Nagaland,6.710523109452428,670,1959.8,11.74138287270818,5.662960480135946,0.806,20.765,30.028,13.207
Wheat,2016,Rabi       ,Nagaland,8.125926802707886,6220,1959.8,13.157703493849356,7.076653815443951,1.839,20.765,30.028,13.207
other oilseeds,2016,Kharif     ,Nagaland,7.796057974316123,1460,1959.8,12.827719796449976,6.746999500102743,0.6,20.765,30.028,13.207
Arhar/Tur,2016,Kharif     ,Punjab,8.648396877031582,4900,635.9,13.680293173425234,7.59890045687141,0.903,26.031,38.17,14.788
Bajra,2016,Kharif     ,Punjab,7.0909098220799835,700,635.9,12.12215284831553,6.042632833682381,0.55,26.031,38.17,14.788
Barley,2016,Rabi       ,Punjab,9.024131268455035,31500,635.9,14.056082154779675,7.974532844130228,3.753,26.031,38.17,14.788
Gram,2016,Rabi       ,Punjab,7.3783837129967145,2200,635.9,12.409833561339303,6.329720905522696,1.404,26.031,38.17,14.788
Groundnut,2016,Kharif     ,Punjab,7.0909098220799835,2300,635.9,12.12215284831553,6.042632833682381,1.95,26.031,38.17,14.788
Masoor,2016,Rabi       ,Punjab,6.55250788703459,400,635.9,11.583160231652679,5.5053315359323625,0.542,26.031,38.17,14.788
Moong(Green Gram),2016,Kharif     ,Punjab,8.476579508530941,4000,635.9,13.508443131145855,7.427144133408616,0.802,26.031,38.17,14.788
Peas & beans (Pulses),2016,Rabi       ,Punjab,8.03947991910045,4200,635.9,13.071230070218144,6.990256500493881,1.375,26.031,38.17,14.788
Sesamum,2016,Kharif     ,Punjab,8.006700845440367,1100,635.9,13.038440317559363,6.957497370876951,0.308,26.031,38.17,14.788
Sunflower,2016,Rabi       ,Punjab,8.665785595466064,9600,635.9,13.69768489639942,7.616283561580385,1.595,26.031,38.17,14.788
Urad,2016,Kharif     ,Punjab,7.650168700845001,1100,635.9,12.681766305801808,6.601230118728877,0.684,26.031,38.17,14.788
Arhar/Tur,2016,Rabi       ,Telangana,7.162397497355718,1118,942.6,12.193697640027786,6.1140139831864895,0.728,26.382,36.543,17.154
Bajra,2016,Kharif     ,Telangana,8.050384453067021,2723,942.6,13.08213807982504,7.001154543240687,0.89,26.382,36.543,17.154
Bajra,2016,Rabi       ,Telangana,9.515174503245529,11791,942.6,14.547171831888223,8.4654892864239,0.879,26.382,36.543,17.154
Cashewnut,2016,Kharif     ,Telangana,7.518607216815252,773,942.6,12.550138300467605,6.469792805281196,0.395,26.382,36.543,17.154
Castor seed,2016,Rabi       ,Telangana,6.1463292576688975,272,942.6,11.176270211602473,5.100475998096045,0.522,26.382,36.543,17.154
Coriander,2016,Kharif     ,Telangana,3.8501476017100584,20,942.6,8.860853815277284,2.8390784635086144,0.575,26.382,36.543,17.154
Coriander,2016,Rabi       ,Telangana,7.549609165154532,1212,942.6,12.581156721791993,6.500764006877926,0.627,26.382,36.543,17.154
Cowpea(Lobia),2016,Kharif     ,Telangana,6.9650803456014065,647,942.6,11.996212354782164,5.917010361183034,0.55,26.382,36.543,17.154
Cowpea(Lobia),2016,Rabi       ,Telangana,8.497194544909547,5230,942.6,13.529062390605066,7.447751280047908,1.1,26.382,36.543,17.154
Garlic,2016,Rabi       ,Telangana,5.2574953720277815,451,942.6,10.284378166077712,4.217299386280878,2.74,26.382,36.543,17.154
Horse-gram,2016,Kharif     ,Telangana,5.869296913133774,135,942.6,10.89855711680676,4.8247072417081895,0.396,26.382,36.543,17.154
Horse-gram,2016,Rabi       ,Telangana,7.1785454837637,500,942.6,12.209857972133067,6.1301389417957415,0.361,26.382,36.543,17.154
Moong(Green Gram),2016,Rabi       ,Telangana,9.30782999325344,9955,942.6,14.339810444749476,8.25817631817822,0.91,26.382,36.543,17.154
Ragi,2016,Kharif     ,Telangana,6.732210706467206,971,942.6,11.763096462004938,5.684599655239428,1.094,26.382,36.543,17.154
Ragi,2016,Rabi       ,Telangana,5.6937321388027,341,942.6,10.72245207378078,4.650143551630823,1.108,26.382,36.543,17.154
Safflower,2016,Kharif     ,Telangana,1.791759469228055,5,942.6,6.642812693499845,1.0116009116784799,1.0,26.382,36.543,17.154
Safflower,2016,Rabi       ,Telangana,8.381373468273702,2892,942.6,13.413216417021482,7.331976715572745,0.731,26.382,36.543,17.154
Sesamum,2016,Kharif     ,Telangana,8.092239406724211,438,942.6,13.124006027515604,7.042985228242241,0.151,26.382,36.543,17.154
Small millets,2016,Kharif     ,Telangana,6.747586526829315,799,942.6,11.778490371145821,5.699941775270263,0.943,26.382,36.543,17.154
Small millets,2016,Rabi       ,Telangana,0.6931471805599453,1,942.6,5.038574662785497,0.3001045924503381,1.0,26.382,36.543,17.154
Soyabean,2016,Rabi       ,Telangana,3.5263605246161616,32,942.6,8.528775852659304,2.529720665577793,0.985,26.382,36.543,17.154
Sunflower,2016,Kharif     ,Telangana,6.858565034791365,719,942.6,11.889591498837099,5.810691790303878,0.862,26.382,36.543,17.154
Sunflower,2016,Rabi       ,Telangana,8.505525386548555,8865,942.6,13.537394914301855,7.456078979168212,1.781,26.382,36.543,17.154
Tobacco,2016,Kharif     ,Telangana,7.8632667240095735,7080,942.6,12.894955120145495,6.8141586302445525,3.134,26.382,36.543,17.154
Urad,2016,Rabi       ,Telangana,9.296884973376368,9010,942.6,14.328864433007848,8.247233151952074,0.82,26.382,36.543,17.154
Wheat,2016,Rabi       ,Telangana,8.596004371840527,7413,942.6,13.627891293062595,7.546525468075751,1.224,26.382,36.543,17.154
Arhar/Tur,2016,Kharif     ,Tripura,8.585038738311304,3772,2475.3,13.616923634385158,7.535563618233742,0.709,25.064,32.628,17.837
Cotton(lint),2016,Kharif     ,Tripura,6.769641976852503,1358,2475.3,11.800571286764962,5.72194977861165,1.551,25.064,32.628,17.837
Cowpea(Lobia),2016,Kharif     ,Tripura,8.265392930852224,2476,2475.3,13.297207883930238,7.216048475338027,0.638,25.064,32.628,17.837
Gram,2016,Rabi       ,Tripura,5.5254529391317835,150,2475.3,10.553557593479864,4.483002552013883,0.604,25.064,32.628,17.837
Groundnut,2016,Kharif     ,Tripura,6.726233402358747,1091,2475.3,11.75711205042845,5.6786355922342455,1.305,25.064,32.628,17.837
Groundnut,2016,Rabi       ,Tripura,6.90875477931522,1584,2475.3,11.939832379062649,5.860786223465865,1.591,25.064,32.628,17.837
Jowar,2016,Kharif     ,Tripura,6.52795791762255,546,2475.3,11.558574988200156,5.48084723497695,0.796,25.064,32.628,17.837
Linseed,2016,Rabi       ,Tripura,5.017279836814924,105,2475.3,10.042749369869604,3.979681653901961,0.694,25.064,32.628,17.837
Maize,2016,Kharif     ,Tripura,9.40894529884324,16608,2475.3,14.44093441795921,8.359275425019735,1.384,25.064,32.628,17.837
Maize,2016,Rabi       ,Tripura,7.824445930877619,3887,2475.3,12.8561191957834,6.775366090936392,1.56,25.064,32.628,17.837
Masoor,2016,Rabi       ,Tripura,8.24301946898925,2535,2475.3,13.274828637709714,7.193685818395112,0.668,25.064,32.628,17.837
Moong(Green Gram),2016,Kharif     ,Tripura,7.709308333385869,1234,2475.3,12.740933104622888,6.660319035098882,0.55,25.064,32.628,17.837
Moong(Green Gram),2016,Rabi       ,Tripura,7.0909098220799835,734,2475.3,12.12215284831553,6.042632833682381,0.614,25.064,32.628,17.837
Other  Rabi pulses,2016,Rabi       ,Tripura,6.311734809152915,468,2475.3,11.34200071712788,5.2652775124698366,0.85,25.064,32.628,17.837
Other Kharif pulses,2016,Kharif     ,Tripura,3.1780538303479458,22,2475.3,8.16784845857235,2.2027647577118348,0.966,25.064,32.628,17.837
Peas & beans (Pulses),2016,Rabi       ,Tripura,8.071218539969863,2816,2475.3,13.102978702753772,7.02197642307216,0.869,25.064,32.628,17.837
Rapeseed &Mustard,2016,Rabi       ,Tripura,8.922791623969637,6188,2475.3,13.954729744378408,7.873217054862741,0.818,25.064,32.628,17.837
Sesamum,2016,Kharif     ,Tripura,8.628913441026645,3276,2475.3,13.660806308278824,7.579423427864958,0.591,25.064,32.628,17.837
Small millets,2016,Kharif     ,Tripura,5.8664680569332965,282,2475.3,10.89572028798544,4.821893169499378,0.801,25.064,32.628,17.837
Soyabean,2016,Rabi       ,Tripura,5.707110264748875,264,2475.3,10.735874800187577,4.663439094112067,0.859,25.064,32.628,17.837
Urad,2016,Kharif     ,Tripura,7.85979918056211,1496,2475.3,12.891486248921975,6.810693566139006,0.565,25.064,32.628,17.837
Urad,2016,Rabi       ,Tripura,7.1316985104669115,969,2475.3,12.162974625327427,6.083359811812238,0.762,25.064,32.628,17.837
Wheat,2016,Rabi       ,Tripura,5.303304908059076,460,2475.3,10.330420567259534,4.2626798770413155,2.256,25.064,32.628,17.837
Coriander,2016,Rabi       ,Uttar Pradesh,8.854093907655518,3652,965.3,13.886022608247876,7.804536940468067,0.533,26.392,37.618,15.982
Cotton(lint),2016,Kharif     ,Uttar Pradesh,8.636929873018572,2018,965.3,13.668824159281627,7.587437208588512,0.357,26.392,37.618,15.982
Dry chillies,2016,Kharif     ,Uttar Pradesh,9.487593248937424,12170,965.3,14.519588529163626,8.437911860488517,0.933,26.392,37.618,15.982
Guar seed,2016,Kharif     ,Uttar Pradesh,7.513163545234075,1312,965.3,12.54469168326683,6.464354631530935,0.733,26.392,37.618,15.982
Maize,2016,Rabi       ,Uttar Pradesh,9.419060402624668,34521,965.3,14.451050341553486,8.369388996647842,2.64,26.392,37.618,15.982
Sannhamp,2016,Kharif     ,Uttar Pradesh,7.764296006450518,551,965.3,12.795944634631631,6.715262166866686,0.238,26.392,37.618,15.982
Small millets,2016,Kharif     ,Uttar Pradesh,9.12347443895452,5583,965.3,14.155436644601284,8.073854861879898,0.516,26.392,37.618,15.982
Small millets,2016,Summer     ,Uttar Pradesh,4.406719247264253,75,965.3,9.426600285324067,3.3792925462741055,0.96,26.392,37.618,15.982
Soyabean,2016,Kharif     ,Uttar Pradesh,9.261128538808288,7081,965.3,14.293104681382115,8.211482916445066,0.692,26.392,37.618,15.982
Sunflower,2016,Summer     ,Uttar Pradesh,8.109525659752872,3913,965.3,13.141297490396223,7.060261750696906,1.163,26.392,37.618,15.982
Tobacco,2016,Summer     ,Uttar Pradesh,7.005789019253503,2167,965.3,12.03695848582334,5.957649198613251,1.976,26.392,37.618,15.982
Turmeric,2016,Rabi       ,Uttar Pradesh,7.044905117129371,1512,965.3,12.076109166041183,5.996700813903228,1.253,26.392,37.618,15.982
Arhar/Tur,2016,Kharif     ,Uttarakhand,7.819636302367592,2253,1580.9,12.85130765137512,6.770560039804292,0.722,19.958,29.705,11.653
Gram,2016,Rabi       ,Uttarakhand,6.612041034833092,598,1580.9,11.64277540184475,5.564711959856561,0.687,19.958,29.705,11.653
Groundnut,2016,Kharif     ,Uttarakhand,6.841615476477592,1214,1580.9,11.872624082995609,5.793775513182905,1.296,19.958,29.705,11.653
Horse-gram,2016,Kharif     ,Uttarakhand,9.372714290960442,9536,1580.9,14.404700404612933,8.323050034035484,0.832,19.958,29.705,11.653
Linseed,2016,Rabi       ,Uttarakhand,3.258096538021482,10,1580.9,8.251207377046217,2.277267285009756,0.253,19.958,29.705,11.653
Maize,2016,Summer     ,Uttarakhand,4.51085950651685,133,1580.9,9.531952745690372,3.481240089335692,1.705,19.958,29.705,11.653
Masoor,2016,Rabi       ,Uttarakhand,9.239122173401634,7667,1580.9,14.271096214729122,8.189480477908104,0.741,19.958,29.705,11.653
Moong(Green Gram),2016,Kharif     ,Uttarakhand,3.6375861597263857,18,1580.9,8.643164830978174,2.6354795082673745,0.333,19.958,29.705,11.653
Moong(Green Gram),2016,Summer     ,Uttarakhand,1.3862943611198906,3,1580.9,6.132855596549932,0.7178397931503169,1.0,19.958,29.705,11.653
Moth,2016,Kharif     ,Uttarakhand,2.1972245773362196,3,1580.9,7.112327444710911,1.33500106673234,0.215,19.958,29.705,11.653
Other  Rabi pulses,2016,Rabi       ,Uttarakhand,2.995732273553991,15,1580.9,7.9768529311000504,2.0347056478384444,0.816,19.958,29.705,11.653
Other Cereals,2016,Kharif     ,Uttarakhand,7.305860032684009,726,1580.9,12.337263175472243,6.257284372702628,0.547,19.958,29.705,11.653
Other Cereals,2016,Rabi       ,Uttarakhand,6.683360945766275,678,1580.9,11.714187349282174,5.635860458170742,1.424,19.958,29.705,11.653
Other Kharif pulses,2016,Kharif     ,Uttarakhand,9.40943710213184,11329,1580.9,14.441426261299775,8.359767153455058,0.912,19.958,29.705,11.653
Other Summer Pulses,2016,Summer     ,Uttarakhand,2.5649493574615367,7,1580.9,7.517520850603031,1.6486586255873816,0.58,19.958,29.705,11.653
Peas & beans (Pulses),2016,Rabi       ,Uttarakhand,8.350666240520924,4149,1580.9,13.382502090244921,7.3012827495172585,0.681,19.958,29.705,11.653
Rapeseed &Mustard,2016,Rabi       ,Uttarakhand,9.510741216835738,11534,1580.9,14.542738220024338,8.461056608270614,0.738,19.958,29.705,11.653
Rice,2016,Summer     ,Uttarakhand,9.595874844595468,55577,1580.9,14.627877852200278,8.546179014002306,3.77,19.958,29.705,11.653
Sesamum,2016,Kharif     ,Uttarakhand,7.5310163320779155,544,1580.9,12.562554070745366,6.48218949916697,0.258,19.958,29.705,11.653
Soyabean,2016,Kharif     ,Uttarakhand,9.344171719609703,13612,1580.9,14.376155387683113,8.294512033181869,0.904,19.958,29.705,11.653
Sunflower,2016,Kharif     ,Uttarakhand,2.0794415416798357,4,1580.9,6.9789124732984655,1.2383742310432684,0.57,19.958,29.705,11.653
Tobacco,2016,Whole Year ,Uttarakhand,2.302585092994046,17,1580.9,7.230019921164154,1.423108334242607,1.89,19.958,29.705,11.653
Turmeric,2016,Whole Year ,Uttarakhand,6.752270376141742,1749,1580.9,11.783179675636802,5.704615460960093,1.975,19.958,29.705,11.653
Urad,2016,Kharif     ,Uttarakhand,9.432042885493988,10194,1580.9,14.464033864552158,8.38236953560777,0.862,19.958,29.705,11.653
Urad,2016,Summer     ,Uttarakhand,4.532599493153256,53,1580.9,9.55393007636626,3.502549875922443,0.717,19.958,29.705,11.653
other oilseeds,2016,Kharif     ,Uttarakhand,2.70805020110221,10,1580.9,7.671593887664615,1.7749523509116738,0.743,19.958,29.705,11.653
other oilseeds,2016,Rabi       ,Uttarakhand,6.206575926724928,317,1580.9,11.236641519693036,5.160491049640633,0.855,19.958,29.705,11.653
Arhar/Tur,2016,Rabi       ,West Bengal,7.993957547573565,3700,1795.8,13.025692772641463,6.944762004611233,1.273,26.445,36.472,17.732
Bajra,2016,Kharif     ,West Bengal,5.123963979403259,49,1795.8,10.15010346003548,4.085135623136791,0.315,26.445,36.472,17.732
Barley,2016,Rabi       ,West Bengal,7.842671474979457,3615,1795.8,12.874351916886194,6.793578233919738,1.429,26.445,36.472,17.732
Castor seed,2016,Kharif     ,West Bengal,4.143134726391533,39,1795.8,9.159310200863404,3.122364924487357,0.63,26.445,36.472,17.732
Cotton(lint),2016,Kharif     ,West Bengal,5.62040086571715,872,1795.8,10.648865400512221,4.577284982498556,3.17,26.445,36.472,17.732
Groundnut,2016,Autumn     ,West Bengal,7.716015266642587,2162,1795.8,12.747643018509953,6.6670204036375225,1.142,26.445,36.472,17.732
Groundnut,2016,Rabi       ,West Bengal,9.528648637969724,25293,1795.8,14.560646946957409,8.478961588931679,1.801,26.445,36.472,17.732
Horse-gram,2016,Rabi       ,West Bengal,7.6783263565068856,1185,1795.8,12.70993709645547,6.6293632534374485,0.683,26.445,36.472,17.732
Jowar,2016,Autumn     ,West Bengal,3.295836866004329,10,1795.8,8.290418053867977,2.312535423847214,0.38,26.445,36.472,17.732
Linseed,2016,Rabi       ,West Bengal,8.795733605950735,2447,1795.8,13.827653779703445,7.746192571651428,0.376,26.445,36.472,17.732
Moong(Green Gram),2016,Kharif     ,West Bengal,7.122059881629142,1106,1795.8,12.153328298875309,6.073735539540777,0.791,26.445,36.472,17.732
Moong(Green Gram),2016,Rabi       ,West Bengal,7.923348211930154,1919,1795.8,12.955058897758592,6.874198495453294,0.779,26.445,36.472,17.732
Moth,2016,Rabi       ,West Bengal,2.833213344056216,15,1795.8,7.8050670442584895,1.8870696490323797,0.94,26.445,36.472,17.732
Niger seed,2016,Kharif     ,West Bengal,8.327242607457793,3009,1795.8,13.3590728935003,7.277869509787376,0.62,26.445,36.472,17.732
Other  Rabi pulses,2016,Rabi       ,West Bengal,5.961005339623274,194,1795.8,10.990512128906747,4.9159582471543475,0.562,26.445,36.472,17.732
Other Kharif pulses,2016,Kharif     ,West Bengal,6.9726062513017535,695,1795.8,12.003745300804315,5.924523141354101,0.563,26.445,36.472,17.732
Peas & beans (Pulses),2016,Rabi       ,West Bengal,9.52405562147478,15338,1795.8,14.556053597768823,8.474369194225309,1.133,26.445,36.472,17.732
Ragi,2016,Autumn     ,West Bengal,9.201904893155081,10989,1795.8,14.233875273892592,8.15227003862101,0.815,26.445,36.472,17.732
Safflower,2016,Kharif     ,West Bengal,6.212606095751519,439,1795.8,11.242683754738025,5.1664987919271885,0.869,26.445,36.472,17.732
Sesamum,2016,Autumn     ,West Bengal,7.226209010100671,1143,1795.8,12.25755679670341,6.177736623646287,0.781,26.445,36.472,17.732
Sesamum,2016,Winter     ,West Bengal,7.200424892944957,993,1795.8,12.231753793748405,6.151987736440525,0.694,26.445,36.472,17.732
Small millets,2016,Autumn     ,West Bengal,7.5883236773352225,1019,1795.8,12.619891100420029,6.539441436504766,0.468,26.445,36.472,17.732
Small millets,2016,Rabi       ,West Bengal,6.253828811575473,714,1795.8,11.283987030707568,5.207571753241291,0.98,26.445,36.472,17.732
Soyabean,2016,Kharif     ,West Bengal,6.406879986069314,443,1795.8,11.437309818384835,5.360117767453484,0.628,26.445,36.472,17.732
Sunflower,2016,Kharif     ,West Bengal,8.886270902072013,9486,1795.8,13.918204095395163,7.836705539803046,1.326,26.445,36.472,17.732
Urad,2016,Rabi       ,West Bengal,9.407632639699958,11681,1795.8,14.43962165181779,8.357962965845681,0.939,26.445,36.472,17.732
Arhar/Tur,2017,Kharif     ,Arunachal Pradesh,6.693323668269949,665,2745.5,11.751136056208821,5.7277593840376495,0.778,21.158,30.785,13.195
Dry chillies,2017,Whole Year ,Arunachal Pradesh,8.191740021277457,10289,2745.5,13.250509244082512,7.224607728733698,2.792,21.158,30.785,13.195
Groundnut,2017,Kharif     ,Arunachal Pradesh,6.824373670043086,901,2745.5,11.882337467089519,5.858561528443754,1.265,21.158,30.785,13.195
Masoor,2017,Rabi       ,Arunachal Pradesh,6.0844994130751715,252,2745.5,11.141277845004506,5.120625078137745,0.581,21.158,30.785,13.195
Moong(Green Gram),2017,Kharif     ,Arunachal Pradesh,7.1459844677143876,1299,2745.5,12.204245577457352,6.179685335832926,1.166,21.158,30.785,13.195
Other  Rabi pulses,2017,Rabi       ,Arunachal Pradesh,7.1459844677143876,815,2745.5,12.204245577457352,6.179685335832926,0.765,21.158,30.785,13.195
Other Kharif pulses,2017,Kharif     ,Arunachal Pradesh,7.818027938530729,2279,2745.5,12.876672433369349,6.851100267825558,0.888,21.158,30.785,13.195
Peas & beans (Pulses),2017,Kharif     ,Arunachal Pradesh,6.4967749901858625,640,2745.5,11.554319583796156,5.5316488442497365,0.953,21.158,30.785,13.195
Peas & beans (Pulses),2017,Rabi       ,Arunachal Pradesh,8.208219383496834,5239,2745.5,13.266993105039349,7.241079709312619,1.538,21.158,30.785,13.195
Sesamum,2017,Kharif     ,Arunachal Pradesh,7.62608275807238,1828,2745.5,12.684642603785752,6.659293919683638,0.831,21.158,30.785,13.195
Soyabean,2017,Kharif     ,Arunachal Pradesh,8.048788283534199,4435,2745.5,13.10751520689279,7.081725392687033,1.517,21.158,30.785,13.195
Sunflower,2017,Kharif     ,Arunachal Pradesh,6.349138991379798,466,2745.5,11.40644476658638,5.3844033154611655,0.781,21.158,30.785,13.195
Urad,2017,Kharif     ,Arunachal Pradesh,7.034387929915503,988,2745.5,12.092556518657098,6.068240385910031,0.949,21.158,30.785,13.195
Urad,2017,Rabi       ,Arunachal Pradesh,7.2682230211595655,1285,2745.5,12.32657429352007,6.301776129807547,0.96,21.158,30.785,13.195
Wheat,2017,Rabi       ,Arunachal Pradesh,8.27664912542186,7742,2745.5,13.335440754355771,7.309480067474579,2.102,21.158,30.785,13.195
other oilseeds,2017,Kharif     ,Arunachal Pradesh,6.573680166960646,649,2745.5,11.631335859351523,5.608372289851543,1.14,21.158,30.785,13.195
Bajra,2017,Kharif     ,Bihar,8.384804003370492,4966,1112.0,13.443621550578374,7.417592414354413,1.128,26.629,37.413,15.85
Barley,2017,Rabi       ,Bihar,9.24753981296529,16468,1112.0,14.306488505259386,8.280112974363155,1.568,26.629,37.413,15.85
Castor seed,2017,Kharif     ,Bihar,2.995732273553991,19,1112.0,8.003817652712009,2.1065702090680882,1.0,26.629,37.413,15.85
Coriander,2017,Whole Year ,Bihar,7.639642287858013,1886,1112.0,12.698208661563843,6.672842744067928,0.897,26.629,37.413,15.85
Garlic,2017,Whole Year ,Bihar,7.43307534889858,2560,1112.0,12.491531999572588,6.466455717864757,1.532,26.629,37.413,15.85
Ginger,2017,Whole Year ,Bihar,5.560681631015528,488,1112.0,10.615897018355353,4.599353300666526,1.864,26.629,37.413,15.85
Groundnut,2017,Kharif     ,Bihar,6.345636360828596,580,1112.0,11.402936030155345,5.38091066485189,1.012,26.629,37.413,15.85
Horse-gram,2017,Kharif     ,Bihar,9.058121158998672,7978,1112.0,14.117049883655438,8.090727098267985,0.915,26.629,37.413,15.85
Jowar,2017,Kharif     ,Bihar,7.214504414151143,1448,1112.0,12.272817418603116,6.24812024095464,1.09,26.629,37.413,15.85
Linseed,2017,Rabi       ,Bihar,9.402364704231523,10308,1112.0,14.4613271296855,8.43491532095979,0.846,26.629,37.413,15.85
Moong(Green Gram),2017,Kharif     ,Bihar,8.914357274485015,5526,1112.0,13.973268108064431,7.94699258138064,1.01,26.629,37.413,15.85
Other  Rabi pulses,2017,Rabi       ,Bihar,7.258412150595307,1426,1112.0,12.316756586582239,6.291976463997863,1.003,26.629,37.413,15.85
Other Kharif pulses,2017,Kharif     ,Bihar,7.493873886783559,1450,1112.0,12.552365218699933,6.527197394580073,0.866,26.629,37.413,15.85
Ragi,2017,Kharif     ,Bihar,8.345692873253865,4184,1112.0,13.404501369806225,7.378496136408384,1.075,26.629,37.413,15.85
Safflower,2017,Rabi       ,Bihar,4.605170185988092,81,1112.0,9.654228439219056,3.653770277000368,0.905,26.629,37.413,15.85
Sannhamp,2017,Kharif     ,Bihar,6.71174039505618,663,1112.0,11.769575279177134,5.746139290735026,0.86,26.629,37.413,15.85
Sesamum,2017,Kharif     ,Bihar,7.360103972989152,1378,1112.0,12.41851611459787,6.393557308575288,0.886,26.629,37.413,15.85
Small millets,2017,Kharif     ,Bihar,8.390041405755754,3312,1112.0,13.448860138284815,7.422827871595451,0.788,26.629,37.413,15.85
Sunflower,2017,Rabi       ,Bihar,9.144627828610801,13379,1112.0,14.203566142617698,8.177218026699919,1.377,26.629,37.413,15.85
Tobacco,2017,Whole Year ,Bihar,9.29596745794362,19130,1112.0,14.354920676478665,8.328533189051102,1.759,26.629,37.413,15.85
Turmeric,2017,Whole Year ,Bihar,7.9102237070973445,2829,1112.0,12.96890343229824,6.943238246227469,1.032,26.629,37.413,15.85
Urad,2017,Kharif     ,Bihar,8.977777598745481,7055,1112.0,14.036696642690213,8.010399428763618,0.885,26.629,37.413,15.85
Bajra,2017,Kharif     ,Chhattisgarh,4.1588830833596715,25,1124.5,9.202279974074111,3.2164729402518906,0.272,26.549,37.314,16.002
Barley,2017,Rabi       ,Chhattisgarh,7.540090320145325,1960,1124.5,12.598606639327617,6.573372857175998,0.927,26.549,37.314,16.002
Castor seed,2017,Kharif     ,Chhattisgarh,1.9459101490553132,2,1124.5,6.851861946941597,1.1878434223960523,0.33,26.549,37.314,16.002
Coriander,2017,Whole Year ,Chhattisgarh,7.43307534889858,464,1124.5,12.491531999572588,6.466455717864757,0.265,26.549,37.314,16.002
Cotton(lint),2017,Whole Year ,Chhattisgarh,6.171700597410915,802,1124.5,11.228668453627652,5.20751700222154,1.992,26.549,37.314,16.002
Dry chillies,2017,Whole Year ,Chhattisgarh,8.807022955925477,2356,1124.5,13.8659186506764,7.839683111635691,0.683,26.549,37.314,16.002
Garlic,2017,Whole Year ,Chhattisgarh,7.057036981697891,3236,1124.5,12.115225192929032,6.090857290986017,2.96,26.549,37.314,16.002
Ginger,2017,Whole Year ,Chhattisgarh,7.580189417944541,2361,1124.5,12.638726500324795,6.6134379082134025,1.188,26.549,37.314,16.002
Horse-gram,2017,Rabi       ,Chhattisgarh,8.088561805276234,944,1124.5,13.147301111169563,7.1214785989156235,0.256,26.549,37.314,16.002
Jowar,2017,Whole Year ,Chhattisgarh,8.224163512637862,4703,1124.5,13.282941516786762,7.257016811364963,1.263,26.549,37.314,16.002
Jute,2017,Kharif     ,Chhattisgarh,4.61512051684126,0,1124.5,9.664278133535126,3.6635616461296463,0.0,26.549,37.314,16.002
Masoor,2017,Rabi       ,Chhattisgarh,9.448727152703086,4510,1124.5,14.507693293596688,8.481271669940055,0.336,26.549,37.314,16.002
Mesta,2017,Kharif     ,Chhattisgarh,6.96979066990159,2024,1124.5,12.027900786817142,6.0037389079833705,1.816,26.549,37.314,16.002
Moong(Green Gram),2017,Kharif     ,Chhattisgarh,9.035391569511642,4072,1124.5,14.094317633883637,8.068001875640428,0.413,26.549,37.314,16.002
Moong(Green Gram),2017,Rabi       ,Chhattisgarh,8.178919332848396,848,1124.5,13.237685004055237,7.211792867793484,0.316,26.549,37.314,16.002
Other  Rabi pulses,2017,Rabi       ,Chhattisgarh,8.058010800802085,417,1124.5,13.116740639398705,7.090943127104049,0.196,26.549,37.314,16.002
Other Kharif pulses,2017,Kharif     ,Chhattisgarh,9.023167064451204,1559,1124.5,14.082091672853775,8.055779760541917,0.202,26.549,37.314,16.002
Peas & beans (Pulses),2017,Rabi       ,Chhattisgarh,9.3940775929113,4522,1124.5,14.45303933590509,8.426629330001143,0.36,26.549,37.314,16.002
Ragi,2017,Kharif     ,Chhattisgarh,8.892199092039693,1651,1124.5,13.951106932046265,7.9248393126530345,0.195,26.549,37.314,16.002
Safflower,2017,Rabi       ,Chhattisgarh,6.144185634125646,167,1124.5,11.2010954982088,5.180096735160606,0.281,26.549,37.314,16.002
Sannhamp,2017,Kharif     ,Chhattisgarh,6.990256500493881,550,1124.5,12.048385553294564,6.024173721517687,0.396,26.549,37.314,16.002
Sunflower,2017,Kharif     ,Chhattisgarh,7.143617602704121,7,1124.5,12.201876855501192,6.177321513636175,0.051,26.549,37.314,16.002
Tobacco,2017,Whole Year ,Chhattisgarh,2.6390573296152584,6,1124.5,7.624482258062538,1.7817091333745536,0.418,26.549,37.314,16.002
Turmeric,2017,Whole Year ,Chhattisgarh,7.486613313139955,1536,1124.5,12.545100613486042,6.51994343111129,1.403,26.549,37.314,16.002
Urad,2017,Rabi       ,Chhattisgarh,7.818430272070656,738,1124.5,12.87707492781773,6.851502337431339,0.28,26.549,37.314,16.002
Dry chillies,2017,Whole Year ,Gujarat,8.625509334899697,5292,814.8,13.68437542344725,7.658218083246135,1.078,26.714,38.416,16.162
Maize,2017,Summer     ,Gujarat,8.441822884391462,9848,814.8,13.500653007828655,7.474590657131324,2.029,26.714,38.416,16.162
Other Cereals,2017,Kharif     ,Gujarat,7.968665700466235,2152,814.8,13.027366132630728,7.001646270396665,0.775,26.714,38.416,16.162
Other Kharif pulses,2017,Kharif     ,Gujarat,8.722254235179681,3876,814.8,13.78113677066497,7.754935989650438,0.641,26.714,38.416,16.162
Ragi,2017,Kharif     ,Gujarat,9.382695764458287,10646,814.8,14.441656560869092,8.415249055503873,0.877,26.714,38.416,16.162
Small millets,2017,Rabi       ,Gujarat,9.218407743053941,17290,814.8,14.277353605050733,8.250985550631,1.39,26.714,38.416,16.162
Urad,2017,Summer     ,Gujarat,8.973478148521036,9914,814.8,14.032396652165849,8.006100865421702,0.816,26.714,38.416,16.162
Arhar/Tur,2017,Kharif     ,Haryana,8.39185670010494,5040,417.1,13.450675842021806,7.424642494126723,1.108,25.876,38.545,13.702
Castor seed,2017,Kharif     ,Haryana,6.803505257608338,900,417.1,11.86144625396559,5.8377304471659395,1.0,25.876,38.545,13.702
Coriander,2017,Whole Year ,Haryana,7.701652362642226,5287,417.1,12.760247486896303,6.734805667987176,2.691,25.876,38.545,13.702
Groundnut,2017,Kharif     ,Haryana,8.03947991910045,3600,417.1,13.0982038726867,7.072421900537371,1.417,25.876,38.545,13.702
Horse-gram,2017,Kharif     ,Haryana,5.673323267171493,80,417.1,10.728947258203291,4.711330381816482,0.145,25.876,38.545,13.702
Maize,2017,Kharif     ,Haryana,8.79497643168877,20600,417.1,13.853870323685575,7.827639546366422,2.711,25.876,38.545,13.702
Masoor,2017,Rabi       ,Haryana,7.333676395657684,1290,417.1,12.392071599071361,6.367157496882476,0.846,25.876,38.545,13.702
Moong(Green Gram),2017,Kharif     ,Haryana,9.526682784921174,6330,417.1,14.585654797530214,8.55921766267147,0.417,25.876,38.545,13.702
Moth,2017,Kharif     ,Haryana,6.78105762593618,240,417.1,11.838973558506984,5.815323849389109,0.362,25.876,38.545,13.702
Peas & beans (Pulses),2017,Rabi       ,Haryana,7.438971592395862,2130,417.1,12.49743169959187,6.472346294500901,1.221,25.876,38.545,13.702
Sesamum,2017,Kharif     ,Haryana,7.313886831633462,700,417.1,12.372269054802624,6.3473892096560105,0.488,25.876,38.545,13.702
Sunflower,2017,Kharif     ,Haryana,8.497194544909547,9500,417.1,13.556036213652028,7.529943370601589,3.553,25.876,38.545,13.702
Urad,2017,Kharif     ,Haryana,7.313886831633462,530,417.1,12.372269054802624,6.3473892096560105,0.32,25.876,38.545,13.702
other oilseeds,2017,Rabi       ,Haryana,7.170888478512505,2100,417.1,12.229168862607802,6.20455776256869,1.2,25.876,38.545,13.702
Arhar/Tur,2017,Kharif     ,Himachal Pradesh,3.828641396489095,23,1182.2,8.865848060358733,2.89591193827178,0.5,21.234,32.664,11.729
Bajra,2017,Kharif     ,Himachal Pradesh,4.382026634673881,58,1182.2,9.428572682868351,3.4346321577483927,0.718,21.234,32.664,11.729
Coriander,2017,Rabi       ,Himachal Pradesh,4.653960350157523,14,1182.2,9.703496403907495,3.7017956793804827,0.207,21.234,32.664,11.729
Garlic,2017,Rabi       ,Himachal Pradesh,8.114623886420098,1275,1182.2,13.173371043003861,7.147527799411768,0.584,21.234,32.664,11.729
Gram,2017,Rabi       ,Himachal Pradesh,5.883322388488279,373,1182.2,10.93959516151937,4.920272854015864,1.028,21.234,32.664,11.729
Groundnut,2017,Kharif     ,Himachal Pradesh,3.6109179126442243,37,1182.2,8.642739790253403,2.6864860231863696,0.928,21.234,32.664,11.729
Horse-gram,2017,Kharif     ,Himachal Pradesh,7.387090235656757,938,1182.2,12.445519217458198,6.420515965022288,0.561,21.234,32.664,11.729
Linseed,2017,Rabi       ,Himachal Pradesh,6.6895992691789665,240,1182.2,11.747407057089928,5.724042513663561,0.295,21.234,32.664,11.729
Masoor,2017,Rabi       ,Himachal Pradesh,6.091309882077698,386,1182.2,11.148103711427153,5.127410414569336,0.849,21.234,32.664,11.729
Moong(Green Gram),2017,Kharif     ,Himachal Pradesh,4.875197323201151,92,1182.2,9.926627741227644,3.919991175077323,0.726,21.234,32.664,11.729
Moth,2017,Kharif     ,Himachal Pradesh,2.8903717578961645,11,1182.2,7.8926313326394775,2.0095554142156695,0.58,21.234,32.664,11.729
Other Kharif pulses,2017,Kharif     ,Himachal Pradesh,8.780326390946605,5974,1182.2,13.839218061103379,7.812993152442918,0.928,21.234,32.664,11.729
Peas & beans (Pulses),2017,Rabi       ,Himachal Pradesh,7.763871287820222,4853,1182.2,12.822493521401235,6.796980130622812,2.057,21.234,32.664,11.729
Ragi,2017,Kharif     ,Himachal Pradesh,7.505492274737424,1918,1182.2,12.563989997360498,6.538805304167792,0.924,21.234,32.664,11.729
Rapeseed &Mustard,2017,Rabi       ,Himachal Pradesh,9.02725852623582,4542,1182.2,14.086183623925017,8.059870419167554,0.51,21.234,32.664,11.729
Sesamum,2017,Kharif     ,Himachal Pradesh,4.852030263919617,58,1182.2,9.903281531315214,3.897112392692392,0.448,21.234,32.664,11.729
Small millets,2017,Kharif     ,Himachal Pradesh,8.318498320504338,3306,1182.2,13.377300312034729,7.351312258212889,0.826,21.234,32.664,11.729
Soyabean,2017,Kharif     ,Himachal Pradesh,6.318968113746434,929,1182.2,11.376220585014414,5.354319556663322,1.684,21.234,32.664,11.729
Turmeric,2017,Kharif     ,Himachal Pradesh,4.919980925828125,85,1182.2,9.97174602108191,3.9642358768750805,0.664,21.234,32.664,11.729
Urad,2017,Kharif     ,Himachal Pradesh,8.842604480678025,4616,1182.2,13.90150537509864,7.875256101782531,0.729,21.234,32.664,11.729
Bajra,2017,Kharif     ,Jharkhand,6.421622267806518,354,1165.7,11.479049706065359,5.456687702519478,0.64,24.062,34.583,14.548
Castor seed,2017,Kharif     ,Jharkhand,5.0369526024136295,57,1165.7,10.089523867730232,4.079907514424331,0.483,24.062,34.583,14.548
Jowar,2017,Kharif     ,Jharkhand,8.110727582974489,2210,1165.7,13.169473578845311,7.143633400367647,0.703,24.062,34.583,14.548
Maize,2017,Rabi       ,Jharkhand,9.223651386035854,20579,1165.7,14.282597763577883,8.256228347303157,1.888,24.062,34.583,14.548
Niger seed,2017,Kharif     ,Jharkhand,8.505929999137527,2790,1165.7,13.564773431583983,7.5386759303568756,0.516,24.062,34.583,14.548
Safflower,2017,Rabi       ,Jharkhand,7.603897968521881,1112,1165.7,12.66244694093287,6.637126961096183,0.538,24.062,34.583,14.548
Soyabean,2017,Kharif     ,Jharkhand,7.562161631225652,1536,1165.7,12.620689481864916,6.595425259609126,0.858,24.062,34.583,14.548
Sunflower,2017,Kharif     ,Jharkhand,6.023447592961033,289,1165.7,11.080083199102637,5.059806338102705,0.758,24.062,34.583,14.548
Sunflower,2017,Rabi       ,Jharkhand,7.473069088032197,913,1165.7,12.531548788965065,6.506411665833143,0.493,24.062,34.583,14.548
Castor seed,2017,Kharif     ,Madhya Pradesh,9.099520536870939,4970,800.0,14.158453954251478,8.132118772955806,0.508,26.553,38.021,15.059
Groundnut,2017,Summer     ,Madhya Pradesh,8.681181041521688,11030,800.0,13.74005678832353,7.713873938201243,1.668,26.553,38.021,15.059
Jute,2017,Kharif     ,Madhya Pradesh,8.694669696546992,8640,800.0,13.75354770361398,7.727358883494642,1.358,26.553,38.021,15.059
Mesta,2017,Kharif     ,Madhya Pradesh,7.601402334583733,2200,800.0,12.659950068653991,6.634633357861686,1.083,26.553,38.021,15.059
Other Cereals,2017,Rabi       ,Madhya Pradesh,8.31898612539206,2560,800.0,13.37778823517222,7.351799869057777,0.62,26.553,38.021,15.059
Other Kharif pulses,2017,Kharif     ,Madhya Pradesh,7.534228326274089,1030,800.0,12.59274153973826,6.56751595579168,0.63,26.553,38.021,15.059
Rice,2017,Summer     ,Madhya Pradesh,9.398561160701128,29400,800.0,14.45752327362786,8.431112290490368,1.965,26.553,38.021,15.059
Safflower,2017,Rabi       ,Madhya Pradesh,6.918695219020472,500,800.0,11.976756331858104,5.952723718791551,0.653,26.553,38.021,15.059
Sunflower,2017,Kharif     ,Madhya Pradesh,6.928537818164665,510,800.0,11.9866085666472,5.96255053694334,0.615,26.553,38.021,15.059
Sunflower,2017,Rabi       ,Madhya Pradesh,7.650168700845001,2100,800.0,12.708740081594701,6.683360945766275,1.0,26.553,38.021,15.059
Castor seed,2017,Kharif     ,Maharashtra,8.724695046740491,1368,1129.5,13.783577976937853,7.757376153367507,0.257,25.715,36.178,15.89
Linseed,2017,Rabi       ,Maharashtra,9.26785427817679,3257,1129.5,14.32680489586663,8.300424278850228,0.298,25.715,36.178,15.89
Niger seed,2017,Kharif     ,Maharashtra,9.470317173335742,2060,1129.5,14.529284986511595,8.502858945233084,0.154,25.715,36.178,15.89
Other Cereals,2017,Rabi       ,Maharashtra,8.867145589594143,3715,1129.5,13.926049963988959,7.899791498691946,0.551,25.715,36.178,15.89
Other Summer Pulses,2017,Summer     ,Maharashtra,7.68017564043659,691,1129.5,12.738761008398178,6.7133449464908,0.335,25.715,36.178,15.89
Rapeseed &Mustard,2017,Rabi       ,Maharashtra,8.806274284781725,2289,1129.5,13.8651698681264,7.838934623350043,0.413,25.715,36.178,15.89
Sesamum,2017,Rabi       ,Maharashtra,8.198089248956116,1414,1129.5,13.256860213837962,7.2309540979797795,0.589,25.715,36.178,15.89
Sesamum,2017,Summer     ,Maharashtra,6.759255270663693,169,1129.5,11.817146314738164,5.793562238347004,0.426,25.715,36.178,15.89
Sunflower,2017,Summer     ,Maharashtra,5.918893854273146,450,1129.5,10.975263616050587,4.95568620261124,0.816,25.715,36.178,15.89
Tobacco,2017,Whole Year ,Maharashtra,6.309918278226516,700,1129.5,11.367154444192844,5.345296367742031,1.28,25.715,36.178,15.89
other oilseeds,2017,Summer     ,Maharashtra,6.432940092739179,175,1129.5,11.490385743246334,5.467975749388594,2.32,25.715,36.178,15.89
Arhar/Tur,2017,Kharif     ,Manipur,6.269096283706261,595,1780.0,11.32625703419396,5.3045976045051875,1.129,20.897,29.179,13.457
Cashewnut,2017,Whole Year ,Manipur,3.6375861597263857,18,1780.0,8.670133996783328,2.7120422223717475,0.49,20.897,29.179,13.457
Cowpea(Lobia),2017,Kharif     ,Manipur,6.8658910748834385,1096,1780.0,11.923898841342613,5.900006936619147,1.151,20.897,29.179,13.457
Gram,2017,Rabi       ,Manipur,6.704414354964107,760,1780.0,11.762240339920593,5.738827816399001,0.936,20.897,29.179,13.457
Groundnut,2017,Kharif     ,Manipur,8.114025442356757,3142,1780.0,13.172772420957317,7.146929647368874,0.942,20.897,29.179,13.457
Maize,2017,Rabi       ,Manipur,8.870803443982124,17250,1780.0,13.929708329791872,7.903448513642405,2.427,20.897,29.179,13.457
Masoor,2017,Rabi       ,Manipur,6.584791392385716,669,1780.0,11.642462440522344,5.619458392743483,0.923,20.897,29.179,13.457
Moong(Green Gram),2017,Kharif     ,Manipur,6.1070228877422545,498,1780.0,11.163851843355069,5.1430660812767455,1.11,20.897,29.179,13.457
Other  Rabi pulses,2017,Rabi       ,Manipur,8.755264763314685,5942,1780.0,13.814152556297266,7.787937888562257,0.931,20.897,29.179,13.457
Other Kharif pulses,2017,Kharif     ,Manipur,7.332369205929062,1694,1780.0,12.390763559845078,6.365851699645285,1.118,20.897,29.179,13.457
Soyabean,2017,Kharif     ,Manipur,8.531293315795018,4598,1780.0,13.590141782674584,7.564030984766178,0.911,20.897,29.179,13.457
Urad,2017,Kharif     ,Manipur,7.272398392570047,1581,1780.0,12.33075255409819,6.30594676583758,1.123,20.897,29.179,13.457
Wheat,2017,Rabi       ,Manipur,7.719129840906732,5620,1780.0,12.77773275144332,6.752270376141742,2.503,20.897,29.179,13.457
Arhar/Tur,2017,Kharif     ,Nagaland,8.071218539969863,2920,1722.1,13.129952506972922,7.104144092987527,0.91,20.535,29.507,12.858
Bajra,2017,Kharif     ,Nagaland,6.55250788703459,710,1722.1,11.610133842057634,5.58724865840025,0.995,20.535,29.507,12.858
Barley,2017,Rabi       ,Nagaland,6.311734809152915,570,1722.1,11.368974259874717,5.3471075307174685,1.034,20.535,29.507,12.858
Castor seed,2017,Kharif     ,Nagaland,5.860786223465865,240,1722.1,10.916995735125642,4.897839799950911,0.624,20.535,29.507,12.858
Cotton(lint),2017,Kharif     ,Nagaland,4.875197323201151,80,1722.1,9.926627741227644,3.919991175077323,0.615,20.535,29.507,12.858
Cowpea(Lobia),2017,Kharif     ,Nagaland,6.293419278846481,790,1722.1,11.350625335063489,5.32884657158286,1.46,20.535,29.507,12.858
Gram,2017,Rabi       ,Nagaland,6.660575149839686,660,1722.1,11.718346496064703,5.6950780340260545,0.838,20.535,29.507,12.858
Groundnut,2017,Kharif     ,Nagaland,6.878326468291325,1010,1722.1,11.93634705284799,5.912421339767529,1.032,20.535,29.507,12.858
Horse-gram,2017,Kharif     ,Nagaland,6.255750041753367,570,1722.1,11.312885459470234,5.291292751611072,1.065,20.535,29.507,12.858
Jowar,2017,Kharif     ,Nagaland,5.602118820879701,260,1722.1,10.657489916566421,4.640537329825382,0.96,20.535,29.507,12.858
Jute,2017,Kharif     ,Nagaland,8.033009498596668,5870,1722.1,13.091731371485675,7.065954893655682,1.902,20.535,29.507,12.858
Linseed,2017,Rabi       ,Nagaland,8.67265729404031,4750,1722.1,13.73153159673282,7.705352560898547,0.813,20.535,29.507,12.858
Maize,2017,Rabi       ,Nagaland,8.581294116822761,10560,1722.1,13.640152142137799,7.614016098687466,1.982,20.535,29.507,12.858
Masoor,2017,Rabi       ,Nagaland,7.669028288589683,1760,1722.1,12.727608509364977,6.702206036068879,0.823,20.535,29.507,12.858
Mesta,2017,Kharif     ,Nagaland,7.550135342488429,2100,1722.1,12.60865694141395,6.583409222158765,1.092,20.535,29.507,12.858
Moong(Green Gram),2017,Kharif     ,Nagaland,6.175867270105761,510,1722.1,11.232843769672531,5.211669559822364,1.049,20.535,29.507,12.858
Other  Rabi pulses,2017,Rabi       ,Nagaland,9.280892027927127,13650,1722.1,14.339843860878746,8.313460033621851,1.277,20.535,29.507,12.858
Other Cereals,2017,Kharif     ,Nagaland,7.13966033596492,1290,1722.1,12.19791647420979,6.173369350405594,1.022,20.535,29.507,12.858
Other Cereals,2017,Rabi       ,Nagaland,6.089044875446846,450,1722.1,11.145833595625733,5.125153747538848,1.012,20.535,29.507,12.858
Other Kharif pulses,2017,Kharif     ,Nagaland,9.30027247947679,13350,1722.1,14.359226089867134,8.332837567309287,1.204,20.535,29.507,12.858
Peas & beans (Pulses),2017,Kharif     ,Nagaland,7.754052639035757,3190,1722.1,12.812670705879723,6.78716831599302,1.366,20.535,29.507,12.858
Peas & beans (Pulses),2017,Rabi       ,Nagaland,8.88751459738882,7980,1722.1,13.946421795979731,7.920155870831182,1.102,20.535,29.507,12.858
Ragi,2017,Kharif     ,Nagaland,5.831882477283517,330,1722.1,10.888008731992647,4.869071729774468,0.983,20.535,29.507,12.858
Rice,2017,Rabi       ,Nagaland,8.566173813637858,14850,1722.1,13.625028998722408,7.59890045687141,2.827,20.535,29.507,12.858
Sesamum,2017,Kharif     ,Nagaland,8.205491613120236,2230,1722.1,13.264264595114794,7.23835315241075,0.607,20.535,29.507,12.858
Small millets,2017,Kharif     ,Nagaland,9.084890521258767,9960,1722.1,14.143822302443525,8.117491443197178,1.169,20.535,29.507,12.858
Sunflower,2017,Kharif     ,Nagaland,5.860786223465865,310,1722.1,10.916995735125642,4.897839799950911,0.898,20.535,29.507,12.858
Sunflower,2017,Rabi       ,Nagaland,7.7279755421055585,1390,1722.1,12.786582341848613,6.761109698640652,0.614,20.535,29.507,12.858
Urad,2017,Rabi       ,Nagaland,6.7226297948554485,680,1722.1,11.780477786626772,5.757007235893499,0.811,20.535,29.507,12.858
Wheat,2017,Rabi       ,Nagaland,8.134760782418645,6260,1722.1,13.193513866226697,7.1676549704214665,1.834,20.535,29.507,12.858
other oilseeds,2017,Kharif     ,Nagaland,7.81237820598861,1490,1722.1,12.871020434431168,6.845454252784758,0.603,20.535,29.507,12.858
Arhar/Tur,2017,Kharif     ,Punjab,7.8636512654486515,2700,497.5,12.922313600243616,6.8966943316227125,1.045,25.229,38.067,13.172
Bajra,2017,Kharif     ,Punjab,6.90875477931522,600,497.5,11.966806063891925,5.942799375126701,0.65,25.229,38.067,13.172
Barley,2017,Rabi       ,Punjab,8.94910546953925,29900,497.5,14.008020866031874,7.9817332866918855,3.723,25.229,38.067,13.172
Gram,2017,Rabi       ,Punjab,7.438971592395862,2000,497.5,12.49743169959187,6.472346294500901,1.299,25.229,38.067,13.172
Groundnut,2017,Kharif     ,Punjab,7.0909098220799835,2300,497.5,12.149126562087707,6.124683390894205,1.92,25.229,38.067,13.172
Masoor,2017,Rabi       ,Punjab,6.68586094706836,500,497.5,11.743664100472873,5.720311776607412,0.75,25.229,38.067,13.172
Moong(Green Gram),2017,Kharif     ,Punjab,8.160803920954665,3000,497.5,13.219564495530092,7.193685818395112,0.847,25.229,38.067,13.172
Peas & beans (Pulses),2017,Rabi       ,Punjab,7.550135342488429,1900,497.5,12.60865694141395,6.583409222158765,1.24,25.229,38.067,13.172
Sesamum,2017,Kharif     ,Punjab,7.901377353792616,900,497.5,12.960053837747676,6.934397209928558,0.292,25.229,38.067,13.172
Sunflower,2017,Rabi       ,Punjab,8.716207971151853,11600,497.5,13.77508952471497,7.7488913372555315,1.89,25.229,38.067,13.172
Urad,2017,Kharif     ,Punjab,7.3783837129967145,900,497.5,12.436807311290197,6.411818267709897,0.738,25.229,38.067,13.172
Arhar/Tur,2017,Rabi       ,Telangana,5.82600010738045,244,815.7,10.882109120403346,4.863217453310182,0.794,26.368,36.721,17.152
Bajra,2017,Kharif     ,Telangana,6.851184927493743,998,815.7,11.909177327844198,5.8853259510463145,1.01,26.368,36.721,17.152
Bajra,2017,Rabi       ,Telangana,8.964311948124514,8261,815.7,14.023229292092688,7.9969365685876435,0.99,26.368,36.721,17.152
Cashewnut,2017,Kharif     ,Telangana,7.364547014255642,478,815.7,12.422961959813206,6.397995753398144,0.292,26.368,36.721,17.152
Castor seed,2017,Rabi       ,Telangana,5.68697535633982,281,815.7,10.742645804579382,4.724906867590425,0.924,26.368,36.721,17.152
Coriander,2017,Kharif     ,Telangana,2.833213344056216,5,815.7,7.832030053395367,1.9572739077056285,0.6,26.368,36.721,17.152
Coriander,2017,Rabi       ,Telangana,7.094234845924755,997,815.7,12.152454334595685,6.128003911246809,0.856,26.368,36.721,17.152
Cowpea(Lobia),2017,Kharif     ,Telangana,7.329749689041512,1545,815.7,12.388142337275456,6.3632349786920495,0.986,26.368,36.721,17.152
Cowpea(Lobia),2017,Rabi       ,Telangana,8.29054350077274,5192,815.7,13.349338618410556,7.323368718142117,1.312,26.368,36.721,17.152
Garlic,2017,Rabi       ,Telangana,5.247024072160486,265,815.7,10.30082505428576,4.287990642747287,1.392,26.368,36.721,17.152
Gram,2017,Kharif     ,Telangana,0.6931471805599453,1,815.7,5.065375972753716,0.3220834991691133,1.0,26.368,36.721,17.152
Horse-gram,2017,Kharif     ,Telangana,5.472270673671475,0,815.7,10.52713137418973,4.511518629906636,0.0,26.368,36.721,17.152
Horse-gram,2017,Rabi       ,Telangana,6.871091294610546,0,815.7,11.929104440745963,5.9051983469505736,0.0,26.368,36.721,17.152
Moong(Green Gram),2017,Rabi       ,Telangana,8.83651926920248,5723,815.7,13.895419287432363,7.869172328472402,0.835,26.368,36.721,17.152
Ragi,2017,Kharif     ,Telangana,7.074963197966044,1355,815.7,12.133166627662979,6.10875857433034,1.18,26.368,36.721,17.152
Ragi,2017,Rabi       ,Telangana,5.616771097666572,300,815.7,10.672195720540183,4.655102554736301,1.185,26.368,36.721,17.152
Safflower,2017,Rabi       ,Telangana,8.259199362666282,2189,815.7,13.31798654093787,7.292037607822395,0.606,26.368,36.721,17.152
Sesamum,2017,Kharif     ,Telangana,6.9782137426306985,252,815.7,12.036331699941407,6.012149138300814,0.218,26.368,36.721,17.152
Small millets,2017,Kharif     ,Telangana,5.666426688112432,382,815.7,10.722026967453699,4.704472387061954,1.33,26.368,36.721,17.152
Sunflower,2017,Kharif     ,Telangana,6.021023349349527,871,815.7,11.077653101758663,5.057391645438029,1.98,26.368,36.721,17.152
Sunflower,2017,Rabi       ,Telangana,8.084254106307318,6924,815.7,13.142992094766681,7.117173061437793,2.029,26.368,36.721,17.152
Tobacco,2017,Kharif     ,Telangana,6.480044561926653,1871,815.7,11.537563832186907,5.514959831519887,3.32,26.368,36.721,17.152
Urad,2017,Rabi       ,Telangana,8.74814616962193,5537,815.7,13.807032843479174,7.780821131719726,0.899,26.368,36.721,17.152
Wheat,2017,Kharif     ,Telangana,1.0986122886681098,2,815.7,5.755362394629381,0.5653138090500605,1.0,26.368,36.721,17.152
Wheat,2017,Rabi       ,Telangana,8.332548939252638,5771,815.7,13.391354313824593,7.3653573255101294,1.429,26.368,36.721,17.152
Coriander,2017,Rabi       ,Uttar Pradesh,8.823353485113792,3541,652.1,13.882251589294542,7.856009686061685,0.531,26.212,37.757,14.96
Cotton(lint),2017,Kharif     ,Uttar Pradesh,8.33110454805304,1534,652.1,13.389909577039809,7.363913501405819,0.356,26.212,37.757,14.96
Dry chillies,2017,Kharif     ,Uttar Pradesh,9.520541965857834,12578,652.1,14.579513532359957,8.553077575978852,0.928,26.212,37.757,14.96
Guar seed,2017,Kharif     ,Uttar Pradesh,7.639161171659173,1487,652.1,12.697727315252422,6.67236200523901,0.724,26.212,37.757,14.96
Maize,2017,Rabi       ,Uttar Pradesh,9.531626451841742,41388,652.1,14.590598821603924,8.5641607432555,2.979,26.212,37.757,14.96
Sannhamp,2017,Kharif     ,Uttar Pradesh,7.6577552711348655,408,652.1,12.716330227991246,6.690941651362797,0.182,26.212,37.757,14.96
Small millets,2017,Kharif     ,Uttar Pradesh,9.13399913871946,6021,652.1,14.192936318741054,8.166591198297215,0.647,26.212,37.757,14.96
Small millets,2017,Summer     ,Uttar Pradesh,3.7612001156935624,37,652.1,8.796865269344194,2.830857630363757,0.94,26.212,37.757,14.96
Sunflower,2017,Summer     ,Uttar Pradesh,7.646831391430482,3018,652.1,12.705401190444821,6.680026230326299,1.451,26.212,37.757,14.96
Tobacco,2017,Summer     ,Uttar Pradesh,6.835184586147301,2650,652.1,11.893160009151478,5.86935340871301,2.893,26.212,37.757,14.96
Turmeric,2017,Rabi       ,Uttar Pradesh,7.091742115095153,1537,652.1,12.149959543984444,6.1255145552282375,1.249,26.212,37.757,14.96
Arhar/Tur,2017,Kharif     ,Uttarakhand,8.14902386805177,3322,1475.8,13.207781078500199,7.181911285252196,0.819,19.487,30.048,10.445
Gram,2017,Rabi       ,Uttarakhand,6.274762021241939,440,1475.8,11.331933423978331,5.310245937413311,0.733,19.487,30.048,10.445
Groundnut,2017,Kharif     ,Uttarakhand,6.692083742506628,1109,1475.8,11.749894600910032,5.72652196162569,1.309,19.487,30.048,10.445
Horse-gram,2017,Kharif     ,Uttarakhand,9.451638133870434,10555,1475.8,14.510604502349256,8.484182277487742,0.924,19.487,30.048,10.445
Maize,2017,Summer     ,Uttarakhand,4.204692619390966,96,1475.8,9.248795407457731,3.261168737058452,1.415,19.487,30.048,10.445
Masoor,2017,Rabi       ,Uttarakhand,9.15915233520675,6582,1475.8,14.218092179484564,8.191740021277457,0.658,19.487,30.048,10.445
Moong(Green Gram),2017,Kharif     ,Uttarakhand,2.772588722239781,8,1475.8,7.767517986514419,1.9021075263969205,0.533,19.487,30.048,10.445
Moong(Green Gram),2017,Summer     ,Uttarakhand,1.9459101490553132,4,1475.8,6.851861946941597,1.1878434223960523,0.67,19.487,30.048,10.445
Moth,2017,Kharif     ,Uttarakhand,2.302585092994046,5,1475.8,7.2569744979494875,1.4861396960896067,0.535,19.487,30.048,10.445
Other  Rabi pulses,2017,Rabi       ,Uttarakhand,3.332204510175204,22,1475.8,8.35511651705042,2.421256622711544,0.898,19.487,30.048,10.445
Other Cereals,2017,Kharif     ,Uttarakhand,6.366470447731438,315,1475.8,11.423806122326763,5.40168589952507,0.572,19.487,30.048,10.445
Other Cereals,2017,Rabi       ,Uttarakhand,6.668228248417403,591,1475.8,11.72600930664963,5.702715238695778,0.814,19.487,30.048,10.445
Other Kharif pulses,2017,Kharif     ,Uttarakhand,9.373733918884618,12623,1475.8,14.43269396235404,8.406288445991882,0.996,19.487,30.048,10.445
Peas & beans (Pulses),2017,Rabi       ,Uttarakhand,8.37770121259764,4095,1475.8,13.436517142359527,7.410492277844508,0.767,19.487,30.048,10.445
Rapeseed &Mustard,2017,Rabi       ,Uttarakhand,9.517310233335248,11126,1475.8,14.576281563961812,8.549846230691237,0.75,19.487,30.048,10.445
Rice,2017,Summer     ,Uttarakhand,9.543521484499182,44845,1475.8,14.602494706411843,8.57605437693951,3.223,19.487,30.048,10.445
Sesamum,2017,Kharif     ,Uttarakhand,7.543802867501509,563,1475.8,12.602321144212425,6.577082194725261,0.237,19.487,30.048,10.445
Soyabean,2017,Kharif     ,Uttarakhand,9.262743050769231,12759,1475.8,14.321693187695926,8.295313840663649,0.926,19.487,30.048,10.445
Tobacco,2017,Whole Year ,Uttarakhand,1.791759469228055,10,1475.8,6.6697518647609035,1.0647107369924282,2.0,19.487,30.048,10.445
Turmeric,2017,Whole Year ,Uttarakhand,6.68586094706836,1804,1475.8,11.743664100472873,5.720311776607412,2.175,19.487,30.048,10.445
Urad,2017,Kharif     ,Uttarakhand,9.463819123086465,9838,1475.8,14.522786436740477,8.496361715036304,0.919,19.487,30.048,10.445
Urad,2017,Summer     ,Uttarakhand,4.584967478670572,66,1475.8,9.63382089034414,3.633895145781177,0.697,19.487,30.048,10.445
other oilseeds,2017,Kharif     ,Uttarakhand,3.5553480614894135,24,1475.8,8.585591753002706,2.6333266549062735,0.72,19.487,30.048,10.445
other oilseeds,2017,Rabi       ,Uttarakhand,5.811140992976701,168,1475.8,10.867205997054482,4.848430040887125,0.71,19.487,30.048,10.445
Arhar/Tur,2017,Rabi       ,West Bengal,8.254268770090183,5794,1830.0,13.313054676645464,7.287109101993131,1.64,26.005,35.557,16.87
Bajra,2017,Kharif     ,West Bengal,3.4339872044851463,12,1830.0,8.460453513423607,2.517696472610991,0.4,26.005,35.557,16.87
Barley,2017,Rabi       ,West Bengal,6.061456918928017,607,1830.0,11.118182469023326,5.097668893061198,1.38,26.005,35.557,16.87
Groundnut,2017,Autumn     ,West Bengal,7.4949862339505335,2334,1830.0,12.553478180935507,6.528308733272526,1.51,26.005,35.557,16.87
Groundnut,2017,Rabi       ,West Bengal,9.301642530382969,22997,1830.0,14.360596265125768,8.33420741407665,1.914,26.005,35.557,16.87
Horse-gram,2017,Rabi       ,West Bengal,7.1853870155804165,752,1830.0,12.24367840149565,6.219038270701507,0.595,26.005,35.557,16.87
Jowar,2017,Autumn     ,West Bengal,1.9459101490553132,3,1830.0,6.851861946941597,1.1878434223960523,0.5,26.005,35.557,16.87
Linseed,2017,Rabi       ,West Bengal,8.498214224818435,1018,1830.0,13.557056100231419,7.5309627113374,0.216,26.005,35.557,16.87
Moong(Green Gram),2017,Kharif     ,West Bengal,7.942362237674335,2185,1830.0,13.001053499745753,6.975357851117348,0.829,26.005,35.557,16.87
Moong(Green Gram),2017,Rabi       ,West Bengal,7.413970290190444,1465,1830.0,12.472415599888116,6.447369251974216,0.771,26.005,35.557,16.87
Niger seed,2017,Kharif     ,West Bengal,8.080546965824498,1998,1830.0,13.139283815966396,7.113467788566667,0.644,26.005,35.557,16.87
Other  Rabi pulses,2017,Rabi       ,West Bengal,6.298949246855942,384,1830.0,11.356165450454947,5.334359957894966,0.81,26.005,35.557,16.87
Other Kharif pulses,2017,Kharif     ,West Bengal,8.96482339168508,6327,1830.0,14.023740800639786,7.997447905475593,0.66,26.005,35.557,16.87
Ragi,2017,Autumn     ,West Bengal,8.125630988477065,3368,1830.0,13.184381399751896,7.158529561410534,0.82,26.005,35.557,16.87
Safflower,2017,Kharif     ,West Bengal,4.624972813284271,99,1830.0,9.674227835554174,3.6732580732109796,0.882,26.005,35.557,16.87
Sesamum,2017,Autumn     ,West Bengal,6.70196036600254,662,1830.0,11.759783355399362,5.736378730359189,0.828,26.005,35.557,16.87
Sesamum,2017,Winter     ,West Bengal,7.152268856032539,872,1830.0,12.210534874959626,6.1859616798320705,0.766,26.005,35.557,16.87
Small millets,2017,Autumn     ,West Bengal,6.452048954437226,443,1830.0,11.509524889562101,5.487035090847229,0.693,26.005,35.557,16.87
Small millets,2017,Rabi       ,West Bengal,7.145196134997171,1024,1830.0,12.203456626734866,6.178898015788112,1.105,26.005,35.557,16.87
Soyabean,2017,Kharif     ,West Bengal,5.988961416889864,380,1830.0,11.045512397320378,5.025458222987894,0.883,26.005,35.557,16.87
Sunflower,2017,Kharif     ,West Bengal,8.906935339059165,9055,1830.0,13.965845177314273,7.939572279706782,1.27,26.005,35.557,16.87
Tobacco,2017,Whole Year ,West Bengal,9.545812108263812,17672,1830.0,14.604785493114088,8.578344733209486,1.29,26.005,35.557,16.87
Urad,2017,Rabi       ,West Bengal,9.254835611862735,9583,1830.0,14.313785000155162,8.287407630713483,0.733,26.005,35.557,16.87
Bajra,2018,Kharif     ,Bihar,8.04237800517328,3525,1521.4,13.13088853476419,6.993152854494365,1.124,26.818,37.765,16.385
Barley,2018,Rabi       ,Bihar,9.565634362837983,28393,1521.4,14.654394837521467,8.515942409514585,1.794,26.818,37.765,16.385
Castor seed,2018,Kharif     ,Bihar,4.454347296253507,82,1521.4,9.531553927636756,3.4258899942525267,0.992,26.818,37.765,16.385
Coriander,2018,Whole Year ,Bihar,7.8399193600125825,2298,1521.4,12.928358151594194,6.790828126952845,0.912,26.818,37.765,16.385
Garlic,2018,Whole Year ,Bihar,7.484930283289661,2675,1521.4,12.573202248572745,6.436150368369428,1.531,26.818,37.765,16.385
Ginger,2018,Whole Year ,Bihar,6.115892125483034,838,1521.4,11.202525961305728,5.0701612734102826,1.883,26.818,37.765,16.385
Groundnut,2018,Kharif     ,Bihar,6.75343791859778,873,1521.4,11.84110772016641,5.705780477318874,1.007,26.818,37.765,16.385
Horse-gram,2018,Kharif     ,Bihar,9.201602306032898,8965,1521.4,14.290332186986477,8.151967508167571,0.913,26.818,37.765,16.385
Jowar,2018,Kharif     ,Bihar,6.57507584059962,763,1521.4,11.662518919258677,5.527840524826286,1.08,26.818,37.765,16.385
Linseed,2018,Rabi       ,Bihar,9.175541866433488,8195,1521.4,14.264269100068665,8.12591201407443,0.853,26.818,37.765,16.385
Mesta,2018,Kharif     ,Bihar,9.580799870885532,28018,1521.4,14.669561394169305,8.531105958469539,2.113,26.818,37.765,16.385
Moong(Green Gram),2018,Kharif     ,Bihar,9.122164681072457,5315,1521.4,14.210886272217126,8.07254536943281,0.602,26.818,37.765,16.385
Other  Rabi pulses,2018,Rabi       ,Bihar,7.020190708311925,1123,1521.4,12.10813230989646,5.972026853215507,1.002,26.818,37.765,16.385
Other Kharif pulses,2018,Kharif     ,Bihar,7.6255950721324535,1630,1521.4,12.713940298811787,6.576678460877832,0.853,26.818,37.765,16.385
Ragi,2018,Kharif     ,Bihar,7.96693349840484,3088,1521.4,13.055418977794055,6.917755113560471,1.144,26.818,37.765,16.385
Safflower,2018,Rabi       ,Bihar,4.48863636973214,71,1521.4,9.566237013115853,3.459466289786131,0.81,26.818,37.765,16.385
Sannhamp,2018,Kharif     ,Bihar,6.650279048587422,624,1521.4,11.73782267772098,5.60285655606624,0.829,26.818,37.765,16.385
Sesamum,2018,Kharif     ,Bihar,7.3901814282264295,1381,1521.4,12.47839790339871,6.341505031610542,0.855,26.818,37.765,16.385
Small millets,2018,Kharif     ,Bihar,9.139703292376742,6996,1521.4,14.22842677084968,8.090080455043864,0.779,26.818,37.765,16.385
Sunflower,2018,Rabi       ,Bihar,8.896861744480391,10355,1521.4,13.985555902806128,7.8472936775759825,1.386,26.818,37.765,16.385
Tobacco,2018,Whole Year ,Bihar,9.288226910633254,18925,1521.4,14.376965111476492,8.238576569978068,1.754,26.818,37.765,16.385
Turmeric,2018,Whole Year ,Bihar,8.000349495324684,3082,1521.4,13.08884630353172,6.951149961301326,1.027,26.818,37.765,16.385
Urad,2018,Kharif     ,Bihar,9.009569671513699,7312,1521.4,14.09827832497319,7.9599745280805365,0.892,26.818,37.765,16.385
Bajra,2018,Kharif     ,Chhattisgarh,3.8066624897703196,26,1515.5,8.87315988460461,2.797281334830153,0.592,26.214,36.987,15.785
Barley,2018,Rabi       ,Chhattisgarh,7.4377951216719325,1356,1515.5,12.526040139422406,6.389065480159345,0.864,26.214,36.987,15.785
Castor seed,2018,Kharif     ,Chhattisgarh,3.912023005428146,20,1515.5,8.98077625285905,2.8986705607108596,0.286,26.214,36.987,15.785
Coriander,2018,Whole Year ,Chhattisgarh,7.2813856635702825,387,1515.5,12.369531583081912,6.232840866683252,0.3,26.214,36.987,15.785
Cotton(lint),2018,Whole Year ,Chhattisgarh,7.2682230211595655,2253,1515.5,12.35635987182271,6.219695137470749,1.668,26.214,36.987,15.785
Dry chillies,2018,Whole Year ,Chhattisgarh,8.80792062205398,4185,1515.5,13.89660213077103,7.7583761833662725,0.596,26.214,36.987,15.785
Garlic,2018,Whole Year ,Chhattisgarh,7.126890808898808,3485,1515.5,12.214922370939309,6.0785592539589155,2.879,26.214,36.987,15.785
Ginger,2018,Whole Year ,Chhattisgarh,7.519692404116539,2160,1515.5,12.607983444558842,6.470876900168229,0.788,26.214,36.987,15.785
Horse-gram,2018,Rabi       ,Chhattisgarh,7.048386408721883,345,1515.5,12.136352724092163,6.000176487710004,0.398,26.214,36.987,15.785
Jowar,2018,Whole Year ,Chhattisgarh,8.035602692918582,2827,1515.5,13.124111049335681,6.986381599437326,0.879,26.214,36.987,15.785
Jute,2018,Kharif     ,Chhattisgarh,4.882801922586371,0,1515.5,9.96407452658507,3.846951008684431,0.0,26.214,36.987,15.785
Masoor,2018,Rabi       ,Chhattisgarh,9.440340364086879,4588,1515.5,14.529091539137626,8.39066578494448,0.375,26.214,36.987,15.785
Mesta,2018,Kharif     ,Chhattisgarh,7.295735072749282,2865,1515.5,12.383890743626095,6.2471720892954545,1.908,26.214,36.987,15.785
Moong(Green Gram),2018,Kharif     ,Chhattisgarh,8.93102321585603,3866,1515.5,14.019721941422537,7.881446617587397,0.414,26.214,36.987,15.785
Moong(Green Gram),2018,Rabi       ,Chhattisgarh,8.064007347096661,986,1515.5,13.152524716530662,7.014769426636619,0.423,26.214,36.987,15.785
Other  Rabi pulses,2018,Rabi       ,Chhattisgarh,8.097426298597213,272,1515.5,13.185953949380032,7.048169182697351,0.218,26.214,36.987,15.785
Other Kharif pulses,2018,Kharif     ,Chhattisgarh,8.777247096750544,1612,1515.5,13.865923975373581,7.727711306405778,0.268,26.214,36.987,15.785
Peas & beans (Pulses),2018,Rabi       ,Chhattisgarh,9.212038928611765,3892,1515.5,14.300769850558954,8.162402186036028,0.375,26.214,36.987,15.785
Ragi,2018,Kharif     ,Chhattisgarh,8.83651926920248,1682,1515.5,13.925204968717038,7.786967002614872,0.195,26.214,36.987,15.785
Safflower,2018,Rabi       ,Chhattisgarh,5.342334251964811,80,1515.5,10.426397861463135,4.301358731606427,0.371,26.214,36.987,15.785
Sannhamp,2018,Kharif     ,Chhattisgarh,6.891625897052253,519,1515.5,11.979445533658367,5.843689334066611,0.498,26.214,36.987,15.785
Sunflower,2018,Whole Year ,Chhattisgarh,6.742880635791903,27,1515.5,11.830538115206656,5.695246143633915,0.099,26.214,36.987,15.785
Tobacco,2018,Whole Year ,Chhattisgarh,2.833213344056216,8,1515.5,7.861804116458894,1.8870696490323797,0.36,26.214,36.987,15.785
Turmeric,2018,Whole Year ,Chhattisgarh,7.226936018493289,1323,1515.5,12.315043635574197,6.178462651785838,1.195,26.214,36.987,15.785
Urad,2018,Rabi       ,Chhattisgarh,7.98139158158007,871,1515.5,13.069882009115343,6.932203959384447,0.324,26.214,36.987,15.785
Dry chillies,2018,Whole Year ,Gujarat,8.41913925094085,4321,1125.4,13.507750124205185,7.369726736530608,0.72,27.728,39.686,17.076
Maize,2018,Summer     ,Gujarat,8.036249942132116,6356,1125.4,13.124758506790567,6.987028459876645,1.765,27.728,39.686,17.076
Moth,2018,Kharif     ,Gujarat,9.403189650656792,997,1125.4,14.491937836743348,8.353520655594014,0.078,27.728,39.686,17.076
Other Cereals,2018,Kharif     ,Gujarat,7.170888478512505,1224,1125.4,12.258954427602859,6.1224928095143865,0.873,27.728,39.686,17.076
Other Kharif pulses,2018,Kharif     ,Gujarat,8.59007183682881,3067,1125.4,13.678717165082878,7.540594974932327,0.583,27.728,39.686,17.076
Ragi,2018,Kharif     ,Gujarat,9.392245175273795,9646,1125.4,14.480992459435658,8.342577865206513,0.787,27.728,39.686,17.076
Small millets,2018,Rabi       ,Gujarat,8.95944014361693,11879,1125.4,14.04814255129921,7.909856667269403,1.425,27.728,39.686,17.076
Urad,2018,Summer     ,Gujarat,8.241703159729818,5608,1125.4,13.330271456075762,7.192370152384448,1.459,27.728,39.686,17.076
Arhar/Tur,2018,Kharif     ,Haryana,7.653969180478774,2472,533.2,12.742327976019556,6.605027248325085,1.104,25.598,38.08,14.244
Castor seed,2018,Kharif     ,Haryana,7.711101251840158,1505,533.2,12.799486227377676,6.662110462321414,0.695,25.598,38.08,14.244
Coriander,2018,Whole Year ,Haryana,7.734121303328305,5904,533.2,12.822516411765355,6.685111602709578,3.366,25.598,38.08,14.244
Groundnut,2018,Kharif     ,Haryana,8.157943507105037,3993,533.2,13.246488923417232,7.108653221349027,0.972,25.598,38.08,14.244
Horse-gram,2018,Kharif     ,Haryana,5.66988092298052,145,533.2,10.75527816253545,4.626442321263631,0.5,25.598,38.08,14.244
Maize,2018,Kharif     ,Haryana,8.682877107057168,15600,533.2,13.771538816528494,7.633369649679584,3.206,25.598,38.08,14.244
Masoor,2018,Rabi       ,Haryana,7.13966033596492,632,533.2,12.227702034653051,6.091309882077698,0.58,25.598,38.08,14.244
Moth,2018,Kharif     ,Haryana,4.624972813284271,58,533.2,9.704011698522102,3.5931942039795284,0.713,25.598,38.08,14.244
Peas & beans (Pulses),2018,Rabi       ,Haryana,8.329175442077402,4493,533.2,13.417765672102203,7.279801477544857,1.076,25.598,38.08,14.244
Sesamum,2018,Kharif     ,Haryana,7.347299700743164,750,533.2,12.435489279851959,6.29867347353986,0.514,25.598,38.08,14.244
Sunflower,2018,Kharif     ,Haryana,9.152817185732516,17960,533.2,14.241542053916843,8.103191752285786,2.092,25.598,38.08,14.244
Urad,2018,Kharif     ,Haryana,7.152268856032539,734,533.2,12.24032043725785,6.10389997643777,0.615,25.598,38.08,14.244
other oilseeds,2018,Rabi       ,Haryana,8.006700845440367,4700,533.2,13.095199764405486,6.957497370876951,1.47,25.598,38.08,14.244
Arhar/Tur,2018,Kharif     ,Himachal Pradesh,3.912023005428146,25,1052.2,8.98077625285905,2.8986705607108596,0.487,20.711,31.117,11.85
Bajra,2018,Kharif     ,Himachal Pradesh,4.48863636973214,65,1052.2,9.566237013115853,3.459466289786131,0.632,20.711,31.117,11.85
Coriander,2018,Rabi       ,Himachal Pradesh,4.859812404361672,28,1052.2,9.940908570285629,3.824284091120139,0.33,20.711,31.117,11.85
Cotton(lint),2018,Kharif     ,Himachal Pradesh,3.258096538021482,9,1052.2,8.30795254527102,2.277267285009756,0.36,20.711,31.117,11.85
Dry chillies,2018,Kharif     ,Himachal Pradesh,6.361302477572996,199,1052.2,11.448414676781429,5.314682720634301,0.313,20.711,31.117,11.85
Garlic,2018,Rabi       ,Himachal Pradesh,8.187855443695623,1421,1052.2,13.276409251739683,7.13854948922687,0.559,20.711,31.117,11.85
Ginger,2018,Kharif     ,Himachal Pradesh,7.707062655370473,8940,1052.2,12.795445829023631,6.658075228663364,3.759,20.711,31.117,11.85
Gram,2018,Rabi       ,Himachal Pradesh,5.953243334287785,399,1052.2,11.0394887494217,4.9082333604781745,1.014,20.711,31.117,11.85
Groundnut,2018,Kharif     ,Himachal Pradesh,3.7612001156935624,43,1052.2,8.826646540337473,2.7536607123542622,0.948,20.711,31.117,11.85
Horse-gram,2018,Kharif     ,Himachal Pradesh,7.389563953677635,938,1052.2,12.477780049693054,6.340888264332522,0.549,20.711,31.117,11.85
Linseed,2018,Rabi       ,Himachal Pradesh,6.699500340161678,243,1052.2,11.787105797775368,5.6519627259264045,0.295,20.711,31.117,11.85
Masoor,2018,Rabi       ,Himachal Pradesh,6.184148890937483,426,1052.2,11.27092778639143,5.138148614395216,0.838,20.711,31.117,11.85
Moong(Green Gram),2018,Kharif     ,Himachal Pradesh,4.6913478822291435,77,1052.2,9.771018452621714,3.6584202466292277,0.714,20.711,31.117,11.85
Moth,2018,Kharif     ,Himachal Pradesh,2.833213344056216,10,1052.2,7.861804116458894,1.8870696490323797,0.59,20.711,31.117,11.85
Other Kharif pulses,2018,Kharif     ,Himachal Pradesh,8.790116892892472,6043,1052.2,13.878795731489767,7.7405774416145645,0.926,20.711,31.117,11.85
Peas & beans (Pulses),2018,Rabi       ,Himachal Pradesh,7.844240718141811,5253,1052.2,12.932681197567376,6.795146334599483,2.055,20.711,31.117,11.85
Ragi,2018,Kharif     ,Himachal Pradesh,7.450660796211539,1823,1052.2,12.538913295917338,6.401917196727186,0.908,20.711,31.117,11.85
Rapeseed &Mustard,2018,Rabi       ,Himachal Pradesh,9.051813463747946,4693,1052.2,14.140527142733529,8.002208932501388,0.502,20.711,31.117,11.85
Sannhamp,2018,Kharif     ,Himachal Pradesh,2.1972245773362196,3,1052.2,7.169042040074387,1.33500106673234,0.25,20.711,31.117,11.85
Sesamum,2018,Kharif     ,Himachal Pradesh,5.793013608384144,147,1052.2,10.878809166309438,4.748837535800504,0.442,20.711,31.117,11.85
Small millets,2018,Kharif     ,Himachal Pradesh,8.519789817263504,4060,1052.2,13.608421687789914,7.470338089520966,0.792,20.711,31.117,11.85
Soyabean,2018,Kharif     ,Himachal Pradesh,6.318968113746434,931,1052.2,11.406005956937276,5.272486606513515,1.596,20.711,31.117,11.85
Turmeric,2018,Kharif     ,Himachal Pradesh,5.616771097666572,170,1052.2,10.701980748648774,4.5736795188967205,0.689,20.711,31.117,11.85
Urad,2018,Kharif     ,Himachal Pradesh,8.85395110151461,4699,1052.2,13.942639297279193,7.804394172190936,0.733,20.711,31.117,11.85
Bajra,2018,Kharif     ,Jharkhand,4.875197323201151,75,1222.7,9.956412015844014,3.8394523125933104,0.602,23.568,33.789,13.814
Castor seed,2018,Kharif     ,Jharkhand,3.7376696182833684,26,1222.7,8.802552568498372,2.731115474033206,0.49,23.568,33.789,13.814
Jowar,2018,Kharif     ,Jharkhand,7.624130585661289,1401,1222.7,12.712475101496318,6.575215300888529,0.623,23.568,33.789,13.814
Maize,2018,Rabi       ,Jharkhand,8.690305809124883,11324,1222.7,13.778968765297098,7.640796023203759,1.836,23.568,33.789,13.814
Niger seed,2018,Kharif     ,Jharkhand,8.464635940677562,2601,1222.7,13.55325656741639,7.415205211508211,0.512,23.568,33.789,13.814
Other  Rabi pulses,2018,Rabi       ,Jharkhand,9.581765987860823,10157,1222.7,14.670527577408253,8.532071951644706,0.696,23.568,33.789,13.814
Ragi,2018,Kharif     ,Jharkhand,9.548810611260068,11295,1222.7,14.637569903926668,8.49912086628349,0.791,23.568,33.789,13.814
Safflower,2018,Rabi       ,Jharkhand,6.654152520183219,454,1222.7,11.741701126136068,5.60672076181307,0.606,23.568,33.789,13.814
Sesamum,2018,Kharif     ,Jharkhand,9.591171199125986,5128,1222.7,14.67993343042,8.541475963936078,0.367,23.568,33.789,13.814
Soyabean,2018,Kharif     ,Jharkhand,8.716044050161402,4557,1222.7,13.804711254836105,7.666526328976047,0.76,23.568,33.789,13.814
Sunflower,2018,Kharif     ,Jharkhand,5.883322388488279,198,1222.7,10.969380349241307,4.838660029356445,0.626,23.568,33.789,13.814
Sunflower,2018,Rabi       ,Jharkhand,6.559615237493242,325,1222.7,11.64703668945976,5.5124201732100975,0.674,23.568,33.789,13.814
Castor seed,2018,Kharif     ,Madhya Pradesh,7.247080584585756,524,1102.2,12.33520261609209,6.198580337344994,0.238,26.413,37.913,15.732
Horse-gram,2018,Kharif     ,Madhya Pradesh,7.52456122628536,699,1102.2,12.612854885838761,6.475740835640436,0.217,26.413,37.913,15.732
Jute,2018,Kharif     ,Madhya Pradesh,6.016157159698354,195,1102.2,11.102560371517871,4.970854424084411,0.368,26.413,37.913,15.732
Mesta,2018,Kharif     ,Madhya Pradesh,3.4011973816621555,9,1102.2,8.456338543145746,2.411439497906128,0.356,26.413,37.913,15.732
Moong(Green Gram),2018,Summer     ,Madhya Pradesh,6.008813185442595,118,1102.2,11.095198486458669,4.963543686562405,0.256,26.413,37.913,15.732
Safflower,2018,Rabi       ,Madhya Pradesh,2.6390573296152584,4,1102.2,7.654253635039077,1.713797927758343,0.263,26.413,37.913,15.732
Urad,2018,Summer     ,Madhya Pradesh,8.351138607086154,1948,1102.2,13.439734049498849,7.301754908981024,0.303,26.413,37.913,15.732
Castor seed,2018,Kharif     ,Maharashtra,9.436280010592395,3649,1387.4,14.525030864346148,8.386606031709732,0.274,26.279,37.325,16.22
Linseed,2018,Rabi       ,Maharashtra,8.855805992536562,2732,1387.4,13.944494451369945,7.806248571825711,0.336,26.279,37.325,16.22
Niger seed,2018,Kharif     ,Maharashtra,9.299266581170585,1336,1387.4,14.388005791474225,8.249614354668172,0.123,26.279,37.325,16.22
Other Cereals,2018,Rabi       ,Maharashtra,9.47608353690921,4423,1387.4,14.564837484736305,8.426403777533508,0.405,26.279,37.325,16.22
Other Cereals,2018,Summer     ,Maharashtra,9.42569365781533,7309,1387.4,14.514443667706647,8.376021255467172,0.5,26.279,37.325,16.22
Other Summer Pulses,2018,Summer     ,Maharashtra,7.616283561580385,648,1387.4,12.704624250770717,6.567375417529907,0.426,26.279,37.325,16.22
Rapeseed &Mustard,2018,Rabi       ,Maharashtra,8.655040258108363,1979,1387.4,13.743697212677974,7.605541681690507,0.384,26.279,37.325,16.22
Sesamum,2018,Rabi       ,Maharashtra,6.775366090936392,96,1387.4,11.86306107398909,5.7276617484461445,0.095,26.279,37.325,16.22
Sesamum,2018,Summer     ,Maharashtra,7.234177179749849,183,1387.4,12.322290011721085,6.1856940882575495,0.201,26.279,37.325,16.22
Sunflower,2018,Summer     ,Maharashtra,5.655991810819852,437,1387.4,10.741340954095332,4.612642200826793,1.25,26.279,37.325,16.22
Tobacco,2018,Whole Year ,Maharashtra,6.133398042996649,803,1387.4,11.22007003374445,5.087596335232384,1.75,26.279,37.325,16.22
other oilseeds,2018,Summer     ,Maharashtra,4.430816798843313,15,1387.4,9.507745026576087,3.4028626609812167,0.12,26.279,37.325,16.22
Arhar/Tur,2018,Kharif     ,Manipur,6.282266746896006,560,1196.9,11.36923752594586,5.23590990641942,1.047,20.668,29.378,12.702
Cowpea(Lobia),2018,Kharif     ,Manipur,6.872128101338986,981,1196.9,11.959927831736255,5.824228627732068,1.052,20.668,29.378,12.702
Gram,2018,Rabi       ,Manipur,6.745236349484363,786,1196.9,11.832896589719077,5.697596715569115,0.926,20.668,29.378,12.702
Groundnut,2018,Kharif     ,Manipur,8.076204527239026,2996,1196.9,13.164725689026875,7.0269595264606135,0.934,20.668,29.378,12.702
Maize,2018,Rabi       ,Manipur,8.884748726451182,17140,1196.9,13.973441227477531,7.8351837552667485,2.371,20.668,29.378,12.702
Masoor,2018,Rabi       ,Manipur,6.63200177739563,700,1196.9,11.71952166083693,5.584623492819887,0.92,20.668,29.378,12.702
Moong(Green Gram),2018,Kharif     ,Manipur,6.124683390894205,482,1196.9,11.211336471341392,5.078916801512661,1.053,20.668,29.378,12.702
Other  Rabi pulses,2018,Rabi       ,Manipur,8.74814616962193,5883,1196.9,13.836818522260208,7.698618833048152,0.929,20.668,29.378,12.702
Other Kharif pulses,2018,Kharif     ,Manipur,7.3031700512368,1551,1196.9,12.391330719866392,6.25459774663835,1.039,20.668,29.378,12.702
Soyabean,2018,Kharif     ,Manipur,8.498010371999463,4415,1196.9,13.586637876480117,7.448566798238384,0.903,20.668,29.378,12.702
Urad,2018,Kharif     ,Manipur,7.224753405767971,1379,1196.9,12.312859443563543,6.176282984100524,1.036,20.668,29.378,12.702
Wheat,2018,Rabi       ,Manipur,7.736743682453495,5730,1196.9,12.825139930465324,6.687731855004171,2.396,20.668,29.378,12.702
Arhar/Tur,2018,Kharif     ,Mizoram,5.648974238161206,290,1665.2,10.734298824345606,4.605670061029742,1.147,20.137,29.949,11.796
Arhar/Tur,2018,Rabi       ,Mizoram,3.8501476017100584,41,1665.2,8.91760555588775,2.8390784635086144,0.89,20.137,29.949,11.796
Cotton(lint),2018,Kharif     ,Mizoram,3.784189633918261,24,1665.2,8.850173624495305,2.775708849576025,0.573,20.137,29.949,11.796
Cowpea(Lobia),2018,Kharif     ,Mizoram,6.960347729101308,2118,1665.2,12.048234508715634,5.912286049230896,1.531,20.137,29.949,11.796
Cowpea(Lobia),2018,Rabi       ,Mizoram,4.574710978503383,176,1665.2,9.653242552213243,3.543853682063679,2.102,20.137,29.949,11.796
Maize,2018,Kharif     ,Mizoram,8.654168646443315,10300,1665.2,13.742825449982124,7.604670352111001,1.791,20.137,29.949,11.796
Maize,2018,Rabi       ,Mizoram,6.066108090103747,670,1665.2,11.152629688005934,5.020585624949423,1.643,20.137,29.949,11.796
Other  Rabi pulses,2018,Rabi       ,Mizoram,7.297091005160418,2290,1665.2,12.385247590262168,6.248526316625653,1.602,20.137,29.949,11.796
Other Kharif pulses,2018,Kharif     ,Mizoram,6.57507584059962,974,1665.2,11.662518919258677,5.527840524826286,1.346,20.137,29.949,11.796
Potato,2018,Rabi       ,Mizoram,4.30406509320417,256,1665.2,9.379374034443202,3.279029747687948,3.823,20.137,29.949,11.796
Rapeseed &Mustard,2018,Kharif     ,Mizoram,3.258096538021482,15,1665.2,8.30795254527102,2.277267285009756,0.68,20.137,29.949,11.796
Rapeseed &Mustard,2018,Rabi       ,Mizoram,6.22455842927536,396,1665.2,11.311418642273328,5.178407069875479,0.74,20.137,29.949,11.796
Rice,2018,Rabi       ,Mizoram,6.133398042996649,960,1665.2,11.22007003374445,5.087596335232384,2.115,20.137,29.949,11.796
Sesamum,2018,Kharif     ,Mizoram,6.647688373563329,594,1665.2,11.735228663286746,5.600272098286537,0.785,20.137,29.949,11.796
Soyabean,2018,Kharif     ,Mizoram,6.920671504248683,1752,1665.2,12.008520083632808,5.872681011118015,1.465,20.137,29.949,11.796
Tobacco,2018,Kharif     ,Mizoram,5.831882477283517,418,1665.2,10.917793892150982,4.787491742782046,1.068,20.137,29.949,11.796
Arhar/Tur,2018,Kharif     ,Nagaland,8.074337694089515,2920,1372.7,13.16285827843534,7.02509377139937,0.907,20.112,29.563,12.214
Bajra,2018,Kharif     ,Nagaland,6.566672429803241,720,1372.7,11.654103795098852,5.519458915191573,0.995,20.112,29.563,12.214
Barley,2018,Rabi       ,Nagaland,6.329720905522696,580,1372.7,11.416777934685822,5.2832037287379885,1.034,20.112,29.563,12.214
Castor seed,2018,Kharif     ,Nagaland,5.8888779583328805,240,1372.7,10.974951298618475,4.844187086458591,0.606,20.112,29.563,12.214
Cotton(lint),2018,Kharif     ,Nagaland,4.875197323201151,80,1372.7,9.956412015844014,3.8394523125933104,0.615,20.112,29.563,12.214
Cowpea(Lobia),2018,Kharif     ,Nagaland,6.311734809152915,810,1372.7,11.398759629350664,5.2652775124698366,1.473,20.112,29.563,12.214
Gram,2018,Rabi       ,Nagaland,6.634633357861686,640,1372.7,11.72215668707104,5.58724865840025,0.835,20.112,29.563,12.214
Groundnut,2018,Kharif     ,Nagaland,6.918695219020472,1050,1372.7,12.006541855684238,5.870708345972182,1.032,20.112,29.563,12.214
Horse-gram,2018,Kharif     ,Nagaland,6.293419278846481,580,1372.7,11.380410698263557,5.247024072160486,1.042,20.112,29.563,12.214
Jowar,2018,Kharif     ,Nagaland,5.638354669333745,270,1372.7,10.72364176327999,4.59511985013459,0.966,20.112,29.563,12.214
Jute,2018,Kharif     ,Nagaland,8.033009498596668,5870,1372.7,13.121517019344369,6.983789965258135,1.902,20.112,29.563,12.214
Linseed,2018,Rabi       ,Nagaland,8.674367865788236,4760,1372.7,13.763028135791807,7.6248630969869255,0.811,20.112,29.563,12.214
Maize,2018,Rabi       ,Nagaland,8.586905803827538,10630,1372.7,13.675550545974625,7.537430036586509,1.983,20.112,29.563,12.214
Masoor,2018,Rabi       ,Nagaland,7.687538766201629,1790,1372.7,12.775913125546738,6.638567789166521,0.822,20.112,29.563,12.214
Mesta,2018,Kharif     ,Nagaland,7.565793282428515,2130,1372.7,12.654108617993852,6.516932447610842,1.091,20.112,29.563,12.214
Moong(Green Gram),2018,Kharif     ,Nagaland,6.175867270105761,500,1372.7,11.262629089726,5.1298987149230735,1.027,20.112,29.563,12.214
Other  Rabi pulses,2018,Rabi       ,Nagaland,9.285540604539118,13730,1372.7,14.374278558057691,8.235890725928495,1.279,20.112,29.563,12.214
Other Cereals,2018,Kharif     ,Nagaland,7.147559271189454,1320,1372.7,12.235607175632492,6.099197246910864,1.041,20.112,29.563,12.214
Other Cereals,2018,Rabi       ,Nagaland,6.111467339502679,460,1372.7,11.198091424858745,5.065754593317335,1.012,20.112,29.563,12.214
Other Kharif pulses,2018,Kharif     ,Nagaland,9.316590491818841,13590,1372.7,14.405331263912721,8.266935347610456,1.206,20.112,29.563,12.214
Peas & beans (Pulses),2018,Kharif     ,Nagaland,7.745435610274381,3150,1372.7,12.83383561412351,6.69641677311769,1.361,20.112,29.563,12.214
Peas & beans (Pulses),2018,Rabi       ,Nagaland,8.891649112650057,8010,1372.7,13.980342560245397,7.84208237334239,1.102,20.112,29.563,12.214
Ragi,2018,Kharif     ,Nagaland,5.860786223465865,340,1372.7,10.946780910947098,4.816241156068032,0.983,20.112,29.563,12.214
Rice,2018,Rabi       ,Nagaland,8.605387202152153,15440,1372.7,13.694035339582284,7.555905093611346,2.828,20.112,29.563,12.214
Sesamum,2018,Kharif     ,Nagaland,8.216358332386156,2260,1372.7,13.304919906590108,7.16703787691222,0.612,20.112,29.563,12.214
Small millets,2018,Kharif     ,Nagaland,9.084890521258767,9970,1372.7,14.17360798968736,8.035278911144667,1.17,20.112,29.563,12.214
Sunflower,2018,Kharif     ,Nagaland,5.8888779583328805,320,1372.7,10.974951298618475,4.844187086458591,0.898,20.112,29.563,12.214
Sunflower,2018,Rabi       ,Nagaland,7.749753406274437,1420,1372.7,12.838155263764047,6.70073110954781,0.614,20.112,29.563,12.214
Urad,2018,Rabi       ,Nagaland,6.7226297948554485,680,1372.7,11.810263270430047,5.675040005790547,0.811,20.112,29.563,12.214
Wheat,2018,Rabi       ,Nagaland,8.137688184977605,6260,1372.7,13.226227774434618,7.088408778675395,1.83,20.112,29.563,12.214
other oilseeds,2018,Kharif     ,Nagaland,7.828436359157585,1510,1372.7,12.916870630070306,6.779353564177613,0.602,20.112,29.563,12.214
Arhar/Tur,2018,Kharif     ,Punjab,7.741099090035366,2400,585.5,12.829497224128923,6.692083742506628,1.041,24.832,37.042,13.77
Bajra,2018,Kharif     ,Punjab,7.00397413672268,700,585.5,12.091901205204898,5.955837369464831,0.8,24.832,37.042,13.77
Barley,2018,Rabi       ,Punjab,8.824824939175638,25500,585.5,13.913508939496293,7.7752758464868625,3.77,24.832,37.042,13.77
Gram,2018,Rabi       ,Punjab,7.550135342488429,2500,585.5,12.638442551687481,6.501289670540389,1.232,24.832,37.042,13.77
Groundnut,2018,Kharif     ,Punjab,7.170888478512505,2600,585.5,12.258954427602859,6.1224928095143865,2.0,24.832,37.042,13.77
Masoor,2018,Rabi       ,Punjab,6.55250788703459,500,585.5,11.639919284154665,5.5053315359323625,0.688,24.832,37.042,13.77
Moong(Green Gram),2018,Kharif     ,Punjab,8.071218539969863,2700,585.5,13.15973815710106,7.02197642307216,0.883,24.832,37.042,13.77
Peas & beans (Pulses),2018,Rabi       ,Punjab,8.131824785007195,4400,585.5,13.220362665586308,7.0825485693553,1.258,24.832,37.042,13.77
Sesamum,2018,Kharif     ,Punjab,7.972810784121404,800,585.5,13.061298283594347,6.923628628138427,0.341,24.832,37.042,13.77
Sunflower,2018,Rabi       ,Punjab,8.517393171418904,9700,585.5,13.606024566142413,7.467942332285852,1.888,24.832,37.042,13.77
Urad,2018,Kharif     ,Punjab,7.601402334583733,1100,585.5,12.6897356838327,6.55250788703459,0.7,24.832,37.042,13.77
Arhar/Tur,2018,Rabi       ,Telangana,5.8888779583328805,221,1350.3,10.974951298618475,4.844187086458591,0.675,26.604,37.095,16.962
Bajra,2018,Kharif     ,Telangana,6.253828811575473,258,1350.3,11.340745903828887,5.207571753241291,0.456,26.604,37.095,16.962
Bajra,2018,Rabi       ,Telangana,8.917310693197807,3706,1350.3,14.006007604185017,7.867737484480717,0.25,26.604,37.095,16.962
Cashewnut,2018,Kharif     ,Telangana,7.31986492980897,371,1350.3,12.408036686079061,6.271271945539733,0.247,26.604,37.095,16.962
Castor seed,2018,Rabi       ,Telangana,6.139884552226255,304,1350.3,11.22657051150635,5.094056902235328,0.786,26.604,37.095,16.962
Coriander,2018,Kharif     ,Telangana,2.0794415416798357,7,1350.3,7.035620649980033,1.2383742310432684,1.0,26.604,37.095,16.962
Coriander,2018,Rabi       ,Telangana,6.913737350659685,1004,1350.3,12.001579096711009,5.865759590732924,0.993,26.604,37.095,16.962
Cowpea(Lobia),2018,Kharif     ,Telangana,7.1785454837637,1045,1350.3,12.266617264146438,6.1301389417957415,0.81,26.604,37.095,16.962
Cowpea(Lobia),2018,Rabi       ,Telangana,8.275376374836407,4411,1350.3,13.363953342655343,7.226027175387924,1.134,26.604,37.095,16.962
Garlic,2018,Rabi       ,Telangana,4.465908118654584,220,1350.3,9.543249124064301,3.4372078191851885,2.463,26.604,37.095,16.962
Groundnut,2018,Kharif     ,Telangana,9.484785217645943,32947,1350.3,14.573539825636242,8.435104224915717,2.44,26.604,37.095,16.962
Horse-gram,2018,Kharif     ,Telangana,4.976733742420574,92,1350.3,10.058686254424938,3.9396381724611196,0.654,26.604,37.095,16.962
Horse-gram,2018,Rabi       ,Telangana,6.602587892189336,467,1350.3,11.690068637043737,5.555282466337757,0.669,26.604,37.095,16.962
Moong(Green Gram),2018,Rabi       ,Telangana,8.802221746402456,6301,1350.3,13.89090240559705,7.752678894507876,0.962,26.604,37.095,16.962
Potato,2018,Kharif     ,Telangana,2.1972245773362196,24,1350.3,7.169042040074387,1.33500106673234,3.0,26.604,37.095,16.962
Ragi,2018,Kharif     ,Telangana,6.942156705699469,1011,1350.3,12.030026159234922,5.894127314219024,0.974,26.604,37.095,16.962
Ragi,2018,Rabi       ,Telangana,5.176149732573829,173,1350.3,10.259349165811129,4.136765278106052,0.994,26.604,37.095,16.962
Safflower,2018,Rabi       ,Telangana,7.845024417241484,1543,1350.3,12.933465201984813,6.79592946379988,0.749,26.604,37.095,16.962
Sesamum,2018,Kharif     ,Telangana,6.647688373563329,132,1350.3,11.735228663286746,5.600272098286537,0.168,26.604,37.095,16.962
Small millets,2018,Kharif     ,Telangana,4.574710978503383,97,1350.3,9.653242552213243,3.543853682063679,0.987,26.604,37.095,16.962
Small millets,2018,Rabi       ,Telangana,3.2188758248682006,24,1350.3,8.26714082354481,2.2407096892759584,1.0,26.604,37.095,16.962
Sunflower,2018,Kharif     ,Telangana,4.8283137373023015,243,1350.3,9.909161425631932,3.7932394694381792,1.98,26.604,37.095,16.962
Sunflower,2018,Rabi       ,Telangana,7.789454566086673,4733,1350.3,12.877873097282551,6.740401149309969,1.984,26.604,37.095,16.962
Urad,2018,Rabi       ,Telangana,8.573573524852344,7828,1350.3,13.662215778416515,7.524102405446845,1.396,26.604,37.095,16.962
Wheat,2018,Rabi       ,Telangana,8.485702524324866,9093,1350.3,13.574327519109083,7.436263637600436,1.807,26.604,37.095,16.962
Arhar/Tur,2018,Kharif     ,Tripura,8.618666160346871,4279,2169.1,13.707316698843778,7.569179567346135,0.768,24.155,31.878,16.628
Cotton(lint),2018,Kharif     ,Tripura,6.70073110954781,1216,2169.1,11.788338074459626,5.653190688540141,1.418,24.155,31.878,16.628
Cowpea(Lobia),2018,Kharif     ,Tripura,8.329899292995725,3215,2169.1,13.418489696638773,7.280525004252159,0.765,24.155,31.878,16.628
Gram,2018,Rabi       ,Tripura,5.552959584921617,172,2169.1,10.637930215503244,4.5103099049641315,0.67,24.155,31.878,16.628
Groundnut,2018,Kharif     ,Tripura,7.1372784372603855,1670,2169.1,12.225318254975612,6.08893149033419,1.316,24.155,31.878,16.628
Groundnut,2018,Rabi       ,Tripura,6.902742737158593,1430,2169.1,11.990573550761422,5.8547853481927286,1.43,24.155,31.878,16.628
Jowar,2018,Kharif     ,Tripura,6.335054251498059,450,2169.1,11.42212072043265,5.288519524067926,0.779,24.155,31.878,16.628
Jowar,2018,Rabi       ,Tripura,5.986452005284438,317,2169.1,11.072781951789768,4.941285215961463,0.797,24.155,31.878,16.628
Khesari,2018,Rabi       ,Tripura,3.367295829986474,18,2169.1,8.421254814337315,2.379546134130174,0.652,24.155,31.878,16.628
Maize,2018,Kharif     ,Tripura,9.511925349596956,17430,2169.1,14.60068198008734,8.462240578302257,1.308,24.155,31.878,16.628
Maize,2018,Rabi       ,Tripura,7.80954132465341,5265,2169.1,12.8979680429364,6.760472626832698,2.124,24.155,31.878,16.628
Masoor,2018,Rabi       ,Tripura,7.830425617820331,1876,2169.1,12.918860675595095,6.781341354126479,0.736,24.155,31.878,16.628
Moong(Green Gram),2018,Kharif     ,Tripura,7.641564441260972,1255,2169.1,12.729917352056509,6.592633490771575,0.601,24.155,31.878,16.628
Moong(Green Gram),2018,Rabi       ,Tripura,7.581719640125308,1303,2169.1,12.670043111793223,6.5328436239174295,0.666,24.155,31.878,16.628
Other  Rabi pulses,2018,Rabi       ,Tripura,6.754604099487962,724,2169.1,11.842275254218343,5.70694413799378,0.858,24.155,31.878,16.628
Other Kharif pulses,2018,Kharif     ,Tripura,4.820281565605037,119,2169.1,9.901064619603375,3.7853253523821886,0.918,24.155,31.878,16.628
Peas & beans (Pulses),2018,Rabi       ,Tripura,8.129764445794171,2850,2169.1,13.218301723507249,7.080489355751266,0.84,24.155,31.878,16.628
Rapeseed &Mustard,2018,Rabi       ,Tripura,8.952864141581468,6424,2169.1,14.041565706462611,7.903282239566922,0.831,24.155,31.878,16.628
Sesamum,2018,Kharif     ,Tripura,8.849083518532339,4332,2169.1,13.937771021629672,7.7995278830425665,0.634,24.155,31.878,16.628
Small millets,2018,Kharif     ,Tripura,6.369900982828227,466,2169.1,11.457027902981231,5.323253851838068,0.839,24.155,31.878,16.628
Soyabean,2018,Kharif     ,Tripura,4.04305126783455,41,2169.1,9.114291919715802,3.0252910757955354,0.758,24.155,31.878,16.628
Soyabean,2018,Rabi       ,Tripura,3.828641396489095,36,2169.1,8.895629627136483,2.8183982582710754,0.818,24.155,31.878,16.628
Urad,2018,Kharif     ,Tripura,7.834788107388194,1471,2169.1,12.923224885296653,6.785700632974831,0.586,24.155,31.878,16.628
Urad,2018,Rabi       ,Tripura,7.755767170102998,1634,2169.1,12.844171596010234,6.7067400797409285,0.699,24.155,31.878,16.628
Wheat,2018,Rabi       ,Tripura,5.062595033026967,332,2169.1,10.14511521522749,4.024458434757935,2.086,24.155,31.878,16.628
other oilseeds,2018,Rabi       ,Tripura,3.9889840465642745,41,2169.1,9.059238373526943,2.972975286431375,0.755,24.155,31.878,16.628
Coriander,2018,Rabi       ,Uttar Pradesh,8.800264651310336,5259,792.8,13.888945017645096,7.750722346437449,0.794,25.935,37.265,15.416
Cotton(lint),2018,Kharif     ,Uttar Pradesh,8.648221453822641,1953,792.8,13.736877223324486,7.598725090794275,0.393,25.935,37.265,15.416
Dry chillies,2018,Kharif     ,Uttar Pradesh,9.529811766917371,12716,792.8,14.61856970061745,8.480124560871072,0.938,25.935,37.265,15.416
Guar seed,2018,Kharif     ,Uttar Pradesh,7.613324979540639,1451,792.8,12.70166421814535,6.564419542339522,0.714,25.935,37.265,15.416
Maize,2018,Rabi       ,Uttar Pradesh,9.506213803454253,37694,792.8,14.594970012865197,8.456529818849003,2.801,25.935,37.265,15.416
Sannhamp,2018,Kharif     ,Uttar Pradesh,7.479299637782834,340,792.8,12.567568450422847,6.430525604644662,0.164,25.935,37.265,15.416
Small millets,2018,Kharif     ,Uttar Pradesh,8.712595487748722,4589,792.8,13.801262129508986,7.663078817968758,0.75,25.935,37.265,15.416
Small millets,2018,Summer     ,Uttar Pradesh,4.1588830833596715,57,792.8,9.232062724048498,3.1376657694426577,0.95,25.935,37.265,15.416
Sunflower,2018,Summer     ,Uttar Pradesh,7.1276936993473985,1699,792.8,12.215725902558312,6.079360949014166,1.359,25.935,37.265,15.416
Tobacco,2018,Summer     ,Uttar Pradesh,6.933423025730715,2472,792.8,12.021284048092427,5.885409345767477,2.379,25.935,37.265,15.416
Turmeric,2018,Rabi       ,Uttar Pradesh,7.259116128097101,1913,792.8,12.347246633977132,6.210600077024653,1.254,25.935,37.265,15.416
Arhar/Tur,2018,Kharif     ,Uttarakhand,8.070906088787819,2571,1373.0,13.15942560886502,7.02166415308992,0.746,19.105,29.104,10.581
Gram,2018,Rabi       ,Uttarakhand,6.679599185844383,646,1373.0,11.76718001130949,5.63210743794931,0.76,19.105,29.104,10.581
Groundnut,2018,Kharif     ,Uttarakhand,6.565264970035361,735,1373.0,11.65269436384293,5.518055124727414,1.025,19.105,29.104,10.581
Horse-gram,2018,Kharif     ,Uttarakhand,9.464905067965136,11419,1373.0,14.55365815925029,8.415226908826426,0.885,19.105,29.104,10.581
Linseed,2018,Rabi       ,Uttarakhand,2.6390573296152584,13,1373.0,7.654253635039077,1.713797927758343,1.0,19.105,29.104,10.581
Maize,2018,Summer     ,Uttarakhand,4.77912349311153,166,1373.0,9.85956701247799,3.744787086052232,1.656,19.105,29.104,10.581
Masoor,2018,Rabi       ,Uttarakhand,9.102977853647683,7891,1373.0,14.191697341826597,8.05336247050835,0.848,19.105,29.104,10.581
Moong(Green Gram),2018,Kharif     ,Uttarakhand,0.6931471805599453,1,1373.0,5.094976442530006,0.3001045924503381,1.0,19.105,29.104,10.581
Moth,2018,Kharif     ,Uttarakhand,3.044522437723423,9,1373.0,8.08487062913819,2.0794415416798357,0.48,19.105,29.104,10.581
Other  Rabi pulses,2018,Rabi       ,Uttarakhand,1.791759469228055,3,1373.0,6.699500340161678,1.0116009116784799,0.667,19.105,29.104,10.581
Other Cereals,2018,Kharif     ,Uttarakhand,6.645090969505644,407,1373.0,11.732627902437535,5.597680943773655,0.561,19.105,29.104,10.581
Other Cereals,2018,Rabi       ,Uttarakhand,6.628041376179533,568,1373.0,11.715556056762047,5.580672777494092,0.74,19.105,29.104,10.581
Other Kharif pulses,2018,Kharif     ,Uttarakhand,9.573176298028388,15537,1373.0,14.661937296177566,8.523483366718427,1.035,19.105,29.104,10.581
Other Summer Pulses,2018,Summer     ,Uttarakhand,1.3862943611198906,2,1373.0,6.189495397607116,0.7178397931503169,0.67,19.105,29.104,10.581
Peas & beans (Pulses),2018,Rabi       ,Uttarakhand,8.622093601241607,5551,1373.0,13.710744754319085,7.572605860386969,0.718,19.105,29.104,10.581
Rapeseed &Mustard,2018,Rabi       ,Uttarakhand,9.483796737163981,12258,1373.0,14.572551270450962,8.434115883998869,0.863,19.105,29.104,10.581
Sesamum,2018,Kharif     ,Uttarakhand,7.522400231387125,550,1373.0,12.610692730039776,6.473582006737229,0.261,19.105,29.104,10.581
Soyabean,2018,Kharif     ,Uttarakhand,9.111072370317514,9681,1373.0,14.199792750616693,8.061455320632424,0.959,19.105,29.104,10.581
Sunflower,2018,Kharif     ,Uttarakhand,1.791759469228055,3,1373.0,6.699500340161678,1.0116009116784799,0.6,19.105,29.104,10.581
Sunflower,2018,Summer     ,Uttarakhand,1.3862943611198906,3,1373.0,6.189495397607116,0.7178397931503169,1.0,19.105,29.104,10.581
Tobacco,2018,Whole Year ,Uttarakhand,0.6931471805599453,2,1373.0,5.094976442530006,0.3001045924503381,2.0,19.105,29.104,10.581
Turmeric,2018,Whole Year ,Uttarakhand,7.1770187659099,4092,1373.0,12.2650893871645,6.128614385255216,2.91,19.105,29.104,10.581
Urad,2018,Kharif     ,Uttarakhand,9.43284371840297,10727,1373.0,14.521594299220721,8.383170249429691,0.951,19.105,29.104,10.581
Urad,2018,Summer     ,Uttarakhand,3.912023005428146,32,1373.0,8.98077625285905,2.8986705607108596,0.825,19.105,29.104,10.581
other oilseeds,2018,Kharif     ,Uttarakhand,2.8903717578961645,16,1373.0,7.922406080469374,1.9387416595767009,0.822,19.105,29.104,10.581
other oilseeds,2018,Rabi       ,Uttarakhand,2.1972245773362196,5,1373.0,7.169042040074387,1.33500106673234,0.583,19.105,29.104,10.581
Arhar/Tur,2018,Rabi       ,West Bengal,8.190354403763262,5564,2012.6,13.278908901587004,7.141047161348162,1.622,25.387,34.794,16.445
Bajra,2018,Kharif     ,West Bengal,4.276666119016055,29,2012.6,9.351596849151537,3.2523106009544382,0.41,25.387,34.794,16.445
Barley,2018,Rabi       ,West Bengal,6.501289670540389,1009,2012.6,11.58862645331391,5.4542521681687965,1.492,25.387,34.794,16.445
Castor seed,2018,Kharif     ,West Bengal,2.995732273553991,11,2012.6,8.033593553903838,2.0347056478384444,0.58,25.387,34.794,16.445
Groundnut,2018,Autumn     ,West Bengal,8.273336598504486,3856,2012.6,13.361913049312745,7.223988364473075,1.302,25.387,34.794,16.445
Groundnut,2018,Rabi       ,West Bengal,9.184919994629272,18896,2012.6,14.273648188887034,8.135288347717086,1.654,25.387,34.794,16.445
Horse-gram,2018,Rabi       ,West Bengal,7.2485040723706105,697,2012.6,12.336627111502246,6.200001946032829,0.569,25.387,34.794,16.445
Jowar,2018,Autumn     ,West Bengal,4.174387269895637,30,2012.6,9.247809552090658,3.152736022363656,0.47,25.387,34.794,16.445
Linseed,2018,Rabi       ,West Bengal,8.28045768658256,1759,2012.6,13.369035937755532,7.231106090713372,0.437,25.387,34.794,16.445
Moong(Green Gram),2018,Kharif     ,West Bengal,7.861341795599989,1948,2012.6,12.949788883281213,6.812235077124725,0.79,25.387,34.794,16.445
Moong(Green Gram),2018,Rabi       ,West Bengal,6.873163834212518,684,2012.6,11.960964631837314,5.825262372193911,0.694,25.387,34.794,16.445
Niger seed,2018,Kharif     ,West Bengal,7.077498053569231,593,2012.6,12.165489164230046,6.0292419114420115,0.493,25.387,34.794,16.445
Other  Rabi pulses,2018,Rabi       ,West Bengal,6.55250788703459,525,2012.6,11.639919284154665,5.5053315359323625,0.75,25.387,34.794,16.445
Other Kharif pulses,2018,Kharif     ,West Bengal,7.518064181233078,1230,2012.6,12.606354342946183,6.4692503167957724,0.656,25.387,34.794,16.445
Ragi,2018,Autumn     ,West Bengal,8.094073148069352,2929,2012.6,13.18259978269801,7.044817929370477,0.74,25.387,34.794,16.445
Safflower,2018,Kharif     ,West Bengal,1.9459101490553132,4,2012.6,6.881616621372443,1.1314021114911006,0.67,25.387,34.794,16.445
Sesamum,2018,Autumn     ,West Bengal,7.0431599159883405,741,2012.6,12.131121702791948,5.9949584363622375,0.792,25.387,34.794,16.445
Sesamum,2018,Winter     ,West Bengal,6.184148890937483,349,2012.6,11.27092778639143,5.138148614395216,0.72,25.387,34.794,16.445
Small millets,2018,Autumn     ,West Bengal,5.568344503761097,256,2012.6,10.653374170288675,4.5255857066452485,0.697,25.387,34.794,16.445
Small millets,2018,Rabi       ,West Bengal,8.548885638148727,6913,2012.6,13.637523194967857,7.499423290592229,1.405,25.387,34.794,16.445
Soyabean,2018,Kharif     ,West Bengal,6.0330862217988015,334,2012.6,11.119530222092646,4.987707789452551,1.037,25.387,34.794,16.445
Sunflower,2018,Kharif     ,West Bengal,9.042513261332681,8050,2012.6,14.13122585207536,7.992910762963637,1.174,25.387,34.794,16.445
Tobacco,2018,Whole Year ,West Bengal,9.595058406939557,21967,2012.6,14.68382090171186,8.545362679493081,1.557,25.387,34.794,16.445
Urad,2018,Rabi       ,West Bengal,9.010302809376448,8056,2012.6,14.099011551876318,7.960707499614721,0.727,25.387,34.794,16.445
Arhar/Tur,2019,Kharif     ,Arunachal Pradesh,6.709304340258298,712,2433.3,11.85418934616184,5.717126380747781,0.873,20.843,30.879,12.832
Dry chillies,2019,Whole Year ,Arunachal Pradesh,8.201385955238608,10498,2433.3,13.347211395289737,7.207600578559724,2.842,20.843,30.879,12.832
Groundnut,2019,Kharif     ,Arunachal Pradesh,6.828712071641684,905,2433.3,11.973733695829559,5.836300854356345,1.26,20.843,30.879,12.832
Masoor,2019,Rabi       ,Arunachal Pradesh,6.12029741895095,356,2433.3,11.264208175488495,5.129780364724699,0.924,20.843,30.879,12.832
Moong(Green Gram),2019,Kharif     ,Arunachal Pradesh,7.1846291527173145,1354,2433.3,12.329973285980822,6.191666951120625,1.122,20.843,30.879,12.832
Other  Rabi pulses,2019,Rabi       ,Arunachal Pradesh,7.149916836132109,824,2433.3,12.295234325626756,6.157000171801804,0.711,20.843,30.879,12.832
Other Kharif pulses,2019,Kharif     ,Arunachal Pradesh,7.826842098158293,2346,2433.3,12.972543612278955,6.833268773655311,0.982,20.843,30.879,12.832
Peas & beans (Pulses),2019,Kharif     ,Arunachal Pradesh,6.51471269087253,688,2433.3,11.659336902542435,5.522979763831517,1.057,20.843,30.879,12.832
Peas & beans (Pulses),2019,Rabi       ,Arunachal Pradesh,8.217438537730187,5432,2433.3,13.363268321170489,7.223645727697507,1.773,20.843,30.879,12.832
Sesamum,2019,Kharif     ,Arunachal Pradesh,7.629975707027789,1835,2433.3,12.775590898958244,6.636550048089151,0.848,20.843,30.879,12.832
Soyabean,2019,Kharif     ,Arunachal Pradesh,8.051340933292979,4447,2433.3,13.197122217697421,7.057631120408006,1.5,20.843,30.879,12.832
Sunflower,2019,Kharif     ,Arunachal Pradesh,6.354370040797351,469,2433.3,11.498737692830494,5.363074613763315,0.836,20.843,30.879,12.832
Urad,2019,Kharif     ,Arunachal Pradesh,7.046647277848756,1039,2433.3,12.191879801933098,6.053875807229379,0.999,20.843,30.879,12.832
Urad,2019,Rabi       ,Arunachal Pradesh,7.282761179605593,1400,2433.3,12.428175815835697,6.28967846446917,1.089,20.843,30.879,12.832
Wheat,2019,Rabi       ,Arunachal Pradesh,8.27664912542186,7742,2433.3,13.422494339877344,7.282829905766233,2.168,20.843,30.879,12.832
other oilseeds,2019,Kharif     ,Arunachal Pradesh,6.576469569048224,650,2433.3,11.721182114189224,5.58458594048131,1.117,20.843,30.879,12.832
Bajra,2019,Kharif     ,Bihar,8.058327306580958,3582,1194.7,13.204110797383676,7.064613718089559,1.132,26.517,37.841,15.49
Barley,2019,Rabi       ,Bihar,8.915969311373605,10201,1194.7,14.061934009338296,7.921945562614356,1.295,26.517,37.841,15.49
Castor seed,2019,Kharif     ,Bihar,4.477336814478207,84,1194.7,9.61207319041497,3.502248625731883,0.992,26.517,37.841,15.49
Coriander,2019,Whole Year ,Bihar,7.709756864454165,2010,1194.7,12.855409098921273,6.716267843571888,0.912,26.517,37.841,15.49
Garlic,2019,Whole Year ,Bihar,7.409136443920128,2452,1194.7,12.554632248990634,6.415914955127227,1.508,26.517,37.841,15.49
Ginger,2019,Whole Year ,Bihar,5.945420608606575,706,1194.7,11.0889128096233,4.955615767675482,1.889,26.517,37.841,15.49
Groundnut,2019,Kharif     ,Bihar,6.7357800142423265,858,1194.7,11.880696736322504,5.743547911215617,1.008,26.517,37.841,15.49
Horse-gram,2019,Kharif     ,Bihar,8.996899596123358,7456,1194.7,14.142874669834317,8.002858083274388,0.919,26.517,37.841,15.49
Jowar,2019,Kharif     ,Bihar,6.448889394146858,673,1194.7,11.59341324281611,5.457327647932645,1.082,26.517,37.841,15.49
Linseed,2019,Rabi       ,Bihar,9.018574356354229,6974,1194.7,14.16455206924715,8.024528324939421,0.85,26.517,37.841,15.49
Mesta,2019,Kharif     ,Bihar,9.52500511575785,27956,1194.7,14.671030688367484,8.53087713770424,2.531,26.517,37.841,15.49
Moong(Green Gram),2019,Kharif     ,Bihar,8.907070776182689,4637,1194.7,14.053034281208186,7.91304906979667,0.707,26.517,37.841,15.49
Other  Rabi pulses,2019,Rabi       ,Bihar,6.9957661563048505,1096,1194.7,12.14095347584886,6.003071920149698,1.002,26.517,37.841,15.49
Other Kharif pulses,2019,Kharif     ,Bihar,7.429520842786462,1340,1194.7,12.57502880565739,6.436278565280058,0.848,26.517,37.841,15.49
Ragi,2019,Kharif     ,Bihar,7.9215356321335495,2193,1194.7,13.067272988432011,6.9279009846750945,0.845,26.517,37.841,15.49
Safflower,2019,Rabi       ,Bihar,4.454347296253507,69,1194.7,9.588817902742425,3.479700443150099,0.81,26.517,37.841,15.49
Sannhamp,2019,Kharif     ,Bihar,6.803505257608338,727,1194.7,11.94849938584871,5.811140992976701,0.836,26.517,37.841,15.49
Sesamum,2019,Kharif     ,Bihar,7.170119543449628,1138,1194.7,12.315452652199763,6.177176184413327,0.894,26.517,37.841,15.49
Small millets,2019,Kharif     ,Bihar,7.6255950721324535,1546,1194.7,12.771208143229165,6.6321730407265935,0.802,26.517,37.841,15.49
Sunflower,2019,Rabi       ,Bihar,8.997394645638419,11485,1194.7,14.14336978026867,8.003353028489375,1.378,26.517,37.841,15.49
Tobacco,2019,Whole Year ,Bihar,9.236690147298965,18027,1194.7,14.382691463812892,8.242603702486145,1.758,26.517,37.841,15.49
Turmeric,2019,Whole Year ,Bihar,7.949797216161852,2889,1194.7,13.09554462818648,6.956145363130229,1.008,26.517,37.841,15.49
Urad,2019,Kharif     ,Bihar,8.86827250899781,6289,1194.7,14.014230686853189,7.874259922920277,0.891,26.517,37.841,15.49
Bajra,2019,Kharif     ,Chhattisgarh,4.574710978503383,50,1420.3,9.71050698983815,3.597860055726768,0.696,26.322,36.678,15.505
Barley,2019,Rabi       ,Chhattisgarh,7.488293515159428,1088,1420.3,12.63383517484338,6.494993615641334,0.697,26.322,36.678,15.505
Castor seed,2019,Kharif     ,Chhattisgarh,2.5649493574615367,4,1420.3,7.631489858809873,1.6937790608678513,0.358,26.322,36.678,15.505
Coconut ,2019,Whole Year ,Chhattisgarh,4.02535169073515,0,1420.3,9.153537189151873,3.0610517396746335,0.0,26.322,36.678,15.505
Coriander,2019,Whole Year ,Chhattisgarh,7.266827347520591,398,1420.3,12.412231001656307,6.2737634060308745,0.264,26.322,36.678,15.505
Cotton(lint),2019,Whole Year ,Chhattisgarh,7.898411092811599,4921,1420.3,13.044140007065835,6.904790889518122,2.146,26.322,36.678,15.505
Dry chillies,2019,Whole Year ,Chhattisgarh,8.499843553081124,2948,1420.3,13.645739370773546,7.505937720066377,0.609,26.322,36.678,15.505
Garlic,2019,Whole Year ,Chhattisgarh,6.9957661563048505,2831,1420.3,12.14095347584886,6.003071920149698,3.194,26.322,36.678,15.505
Ginger,2019,Whole Year ,Chhattisgarh,7.0587581525186645,1503,1420.3,12.20400110136339,6.065968869276087,1.413,26.322,36.678,15.505
Horse-gram,2019,Rabi       ,Chhattisgarh,5.846438775057725,99,1420.3,10.989659446045922,4.857095538727753,0.263,26.322,36.678,15.505
Jowar,2019,Whole Year ,Chhattisgarh,7.584264818389059,2535,1420.3,12.729857415655408,6.59087780491747,1.22,26.322,36.678,15.505
Jute,2019,Kharif     ,Chhattisgarh,3.58351893845611,0,1420.3,8.701612546292338,2.6354795082673745,0.0,26.322,36.678,15.505
Linseed,2019,Rabi       ,Chhattisgarh,9.473089177882752,4811,1420.3,14.619110882708565,8.478967822743249,0.312,26.322,36.678,15.505
Masoor,2019,Rabi       ,Chhattisgarh,9.571365838652174,4672,1420.3,14.717394699473344,8.577232230047596,0.314,26.322,36.678,15.505
Mesta,2019,Kharif     ,Chhattisgarh,6.322565239927284,1116,1420.3,11.466876919128365,5.331365220594237,2.278,26.322,36.678,15.505
Moong(Green Gram),2019,Kharif     ,Chhattisgarh,8.176110342237342,1476,1420.3,13.321928800459728,7.1823369142013895,0.424,26.322,36.678,15.505
Moong(Green Gram),2019,Rabi       ,Chhattisgarh,7.911690520708339,968,1420.3,13.057424306724165,6.9180619819707765,0.362,26.322,36.678,15.505
Moong(Green Gram),2019,Summer     ,Chhattisgarh,5.0369526024136295,0,1420.3,10.176574127031895,4.053696163744291,0.0,26.322,36.678,15.505
Other  Rabi pulses,2019,Rabi       ,Chhattisgarh,7.927685045615778,297,1420.3,13.073424614194606,6.934046612936205,0.235,26.322,36.678,15.505
Other Kharif pulses,2019,Kharif     ,Chhattisgarh,8.346167594364134,1173,1420.3,13.492029797480065,7.35231929795419,0.265,26.322,36.678,15.505
Peas & beans (Pulses),2019,Rabi       ,Chhattisgarh,9.363576347875041,4479,1420.3,14.509589204574992,8.369470143366952,0.363,26.322,36.678,15.505
Ragi,2019,Kharif     ,Chhattisgarh,8.404472321352118,1194,1420.3,13.550347889614498,7.410601149031856,0.25,26.322,36.678,15.505
Safflower,2019,Rabi       ,Chhattisgarh,4.61512051684126,34,1420.3,9.751326558637025,3.6375861597263857,0.377,26.322,36.678,15.505
Sannhamp,2019,Kharif     ,Chhattisgarh,6.156978985585555,240,1420.3,11.300968608608883,5.1663276420850845,0.406,26.322,36.678,15.505
Sunflower,2019,Whole Year ,Chhattisgarh,6.4457198193855785,295,1420.3,11.590238666312894,5.454166603010877,0.639,26.322,36.678,15.505
Tobacco,2019,Whole Year ,Chhattisgarh,2.302585092994046,6,1420.3,7.3439694192384515,1.4655675420143985,0.72,26.322,36.678,15.505
Turmeric,2019,Whole Year ,Chhattisgarh,6.93828448401696,858,1420.3,12.083417887280481,5.945682354452854,1.157,26.322,36.678,15.505
Urad,2019,Rabi       ,Chhattisgarh,7.493873886783559,539,1420.3,12.639418644118573,6.5005686899756325,0.31,26.322,36.678,15.505
Dry chillies,2019,Whole Year ,Gujarat,7.254884810077338,4419,1067.8,12.4002801174707,6.261835136784874,3.125,26.397,37.856,16.041
Maize,2019,Summer     ,Gujarat,8.61558951327243,12676,1067.8,13.76150744797216,7.621645820679982,2.189,26.397,37.856,16.041
Moth,2019,Kharif     ,Gujarat,9.355306142226368,5336,1067.8,14.501318290548143,8.36120115065735,0.453,26.397,37.856,16.041
Other Cereals,2019,Kharif     ,Gujarat,5.662960480135946,161,1067.8,10.805600655108073,4.674602960703428,0.554,26.397,37.856,16.041
Other Kharif pulses,2019,Kharif     ,Gujarat,7.8551570058813445,1592,1067.8,13.000869595436898,6.861564732875721,0.613,26.397,37.856,16.041
Ragi,2019,Kharif     ,Gujarat,9.359363643368622,10010,1067.8,14.5053761399647,8.365258055458108,0.83,26.397,37.856,16.041
Small millets,2019,Rabi       ,Gujarat,9.009447429596793,13554,1067.8,14.15542403813766,8.015403288956445,1.629,26.397,37.856,16.041
Urad,2019,Summer     ,Gujarat,9.507254695741542,21329,1067.8,14.653278968458348,8.51312894353842,1.581,26.397,37.856,16.041
Arhar/Tur,2019,Kharif     ,Haryana,7.142036574706803,1404,351.8,12.28734788563115,6.149130469794519,1.123,25.215,38.141,13.535
Castor seed,2019,Kharif     ,Haryana,8.807771066980044,4454,351.8,13.953720514022766,7.813773428085552,0.765,25.215,38.141,13.535
Groundnut,2019,Kharif     ,Haryana,7.9105906122564775,3089,351.8,13.056323997207722,6.9169627597330505,1.038,25.215,38.141,13.535
Horse-gram,2019,Kharif     ,Haryana,6.054439346269371,213,351.8,11.198201021406565,5.064176061024286,0.667,25.215,38.141,13.535
Maize,2019,Kharif     ,Haryana,8.707978826622321,17290,351.8,13.85391266692178,7.714007905647355,3.085,25.215,38.141,13.535
Masoor,2019,Rabi       ,Haryana,6.779921907472252,604,351.8,11.92488967475745,5.787602654075824,0.9,25.215,38.141,13.535
Moth,2019,Kharif     ,Haryana,6.018593214496234,76,351.8,11.162269513356636,5.028475212224587,0.208,25.215,38.141,13.535
Peas & beans (Pulses),2019,Rabi       ,Haryana,7.99598047476376,3957,351.8,13.141743719472219,7.002301530704057,1.18,25.215,38.141,13.535
Sesamum,2019,Kharif     ,Haryana,6.0473721790462776,337,351.8,11.191117263903115,5.0571371277476755,0.823,25.215,38.141,13.535
Sunflower,2019,Kharif     ,Haryana,9.11063052782717,16730,351.8,14.256618833587751,8.116566359948322,1.762,25.215,38.141,13.535
Urad,2019,Kharif     ,Haryana,5.583496308781699,136,351.8,10.725849949418492,4.59562477314456,0.538,25.215,38.141,13.535
other oilseeds,2019,Rabi       ,Haryana,8.517393171418904,7700,351.8,13.663292509401549,7.523481312573497,1.604,25.215,38.141,13.535
Arhar/Tur,2019,Kharif     ,Himachal Pradesh,4.356708826689592,50,1217.7,9.489979183959543,3.3840512228271846,0.69,20.203,31.297,10.734
Bajra,2019,Kharif     ,Himachal Pradesh,4.68213122712422,109,1217.7,9.818981398489699,3.7035217308508064,1.005,20.203,31.297,10.734
Coriander,2019,Rabi       ,Himachal Pradesh,4.875197323201151,66,1217.7,10.013677388233413,3.893859034800475,0.575,20.203,31.297,10.734
Cotton(lint),2019,Kharif     ,Himachal Pradesh,2.772588722239781,7,1217.7,7.854536417854291,1.8794650496471605,0.47,20.203,31.297,10.734
Dry chillies,2019,Kharif     ,Himachal Pradesh,6.369900982828227,276,1217.7,11.514295326281646,5.3785600542242396,0.484,20.203,31.297,10.734
Garlic,2019,Rabi       ,Himachal Pradesh,8.279950715722526,2575,1217.7,13.425796764007377,7.286130068966706,0.672,20.203,31.297,10.734
Gram,2019,Rabi       ,Himachal Pradesh,5.978885764901122,421,1217.7,11.122463839605265,4.9889348671169165,1.052,20.203,31.297,10.734
Groundnut,2019,Kharif     ,Himachal Pradesh,3.8066624897703196,51,1217.7,8.930420098674302,2.8495497633759097,1.082,20.203,31.297,10.734
Horse-gram,2019,Kharif     ,Himachal Pradesh,7.3987862754199485,1022,1217.7,12.544275811799373,6.405575505241008,0.613,20.203,31.297,10.734
Linseed,2019,Rabi       ,Himachal Pradesh,6.710523109452428,342,1217.7,11.855409593897908,5.718342625987531,0.415,20.203,31.297,10.734
Masoor,2019,Rabi       ,Himachal Pradesh,6.19644412779452,454,1217.7,11.340515426395053,5.205653681684617,0.909,20.203,31.297,10.734
Moong(Green Gram),2019,Kharif     ,Himachal Pradesh,4.770684624465665,90,1217.7,9.908321848474818,3.790758917935107,0.749,20.203,31.297,10.734
Moth,2019,Kharif     ,Himachal Pradesh,3.367295829986474,22,1217.7,8.478510573463764,2.4300984132930052,0.755,20.203,31.297,10.734
Other Kharif pulses,2019,Kharif     ,Himachal Pradesh,8.853236764745898,6541,1217.7,13.999192821909546,7.859227809332865,0.925,20.203,31.297,10.734
Peas & beans (Pulses),2019,Rabi       ,Himachal Pradesh,7.850103545175582,5167,1217.7,12.995814180988537,6.856514614788541,2.063,20.203,31.297,10.734
Ragi,2019,Kharif     ,Himachal Pradesh,7.471932078245122,2060,1217.7,12.61746455539887,6.478647881501004,1.072,20.203,31.297,10.734
Rapeseed &Mustard,2019,Rabi       ,Himachal Pradesh,9.060214913398545,4911,1217.7,14.206197538808304,8.066160471135841,0.535,20.203,31.297,10.734
Sesamum,2019,Kharif     ,Himachal Pradesh,5.940171252720432,191,1217.7,11.083649720216538,4.9503897670809724,0.481,20.203,31.297,10.734
Small millets,2019,Kharif     ,Himachal Pradesh,8.559294367434873,4802,1217.7,13.705201864687307,7.565368541798796,0.866,20.203,31.297,10.734
Soyabean,2019,Kharif     ,Himachal Pradesh,6.322565239927284,949,1217.7,11.466876919128365,5.331365220594237,1.631,20.203,31.297,10.734
Turmeric,2019,Kharif     ,Himachal Pradesh,5.655991810819852,197,1217.7,10.798607761971985,4.667675391339489,0.748,20.203,31.297,10.734
Urad,2019,Kharif     ,Himachal Pradesh,8.85623355614316,5155,1217.7,14.00219003853279,7.862223872736852,0.777,20.203,31.297,10.734
Bajra,2019,Kharif     ,Jharkhand,5.666426688112432,206,1137.8,10.80907884904838,4.678048831400664,0.605,23.545,34.328,13.189
Castor seed,2019,Kharif     ,Jharkhand,4.07753744390572,35,1137.8,9.206641539722545,3.111735949310297,0.525,23.545,34.328,13.189
Jowar,2019,Kharif     ,Jharkhand,7.493873886783559,1351,1137.8,12.639418644118573,6.5005686899756325,0.816,23.545,34.328,13.189
Maize,2019,Rabi       ,Jharkhand,8.941807118363164,16043,1137.8,14.087775220583632,7.947777541306667,1.985,23.545,34.328,13.189
Niger seed,2019,Kharif     ,Jharkhand,8.044947049617722,1496,1137.8,13.190726301182547,7.051240715324222,0.482,23.545,34.328,13.189
Safflower,2019,Rabi       ,Jharkhand,5.768320995793772,158,1137.8,10.911307507214895,4.779375562179788,0.484,23.545,34.328,13.189
Sesamum,2019,Kharif     ,Jharkhand,8.67334187390617,2224,1137.8,13.819269922689305,7.6793808674133395,0.417,23.545,34.328,13.189
Soyabean,2019,Kharif     ,Jharkhand,7.085064293952548,1023,1137.8,12.230329455855458,6.092237053930959,0.851,23.545,34.328,13.189
Sunflower,2019,Kharif     ,Jharkhand,5.0106352940962555,78,1137.8,10.150083533097012,4.027670428954108,0.738,23.545,34.328,13.189
Sunflower,2019,Rabi       ,Jharkhand,5.988961416889864,218,1137.8,11.132564787082938,4.998967489228574,0.65,23.545,34.328,13.189
Groundnut,2019,Summer     ,Madhya Pradesh,8.316300249036848,6423,1446.7,13.462155297773068,7.322464197789812,1.291,25.942,37.215,14.539
Mesta,2019,Kharif     ,Madhya Pradesh,6.693323668269949,317,1446.7,11.838189119472053,5.701179088786087,0.415,25.942,37.215,14.539
Niger seed,2019,Kharif     ,Madhya Pradesh,8.734077192559303,2070,1446.7,13.88001526603019,7.740099024730371,0.282,25.942,37.215,14.539
Other  Rabi pulses,2019,Rabi       ,Madhya Pradesh,9.499870735285581,9612,1446.7,14.645894460429643,8.50574592070746,0.759,25.942,37.215,14.539
Safflower,2019,Rabi       ,Madhya Pradesh,2.4849066497880004,4,1446.7,7.5445225661058775,1.623340817603092,0.54,25.942,37.215,14.539
Linseed,2019,Rabi       ,Maharashtra,8.611411866655219,1936,1555.8,13.757329046821072,7.6174694657005135,0.313,25.633,35.942,15.295
Niger seed,2019,Kharif     ,Maharashtra,9.002947130753205,1626,1555.8,14.148922946593121,8.008904347302217,0.17,25.633,35.942,15.295
Other Cereals,2019,Rabi       ,Maharashtra,9.273878392780171,3748,1555.8,14.419883244520486,8.27978589483808,0.414,25.633,35.942,15.295
Other Summer Pulses,2019,Summer     ,Maharashtra,9.448254302193842,5526,1555.8,14.594274084577181,8.454136238880352,0.489,25.633,35.942,15.295
Rapeseed &Mustard,2019,Rabi       ,Maharashtra,9.260843354149289,3204,1555.8,14.40684698167767,8.266752952349144,0.323,25.633,35.942,15.295
Sesamum,2019,Rabi       ,Maharashtra,7.541683099882111,589,1555.8,12.687253698976644,6.548333709375299,0.293,25.633,35.942,15.295
Sesamum,2019,Summer     ,Maharashtra,8.297543529356284,984,1555.8,13.443393974640605,7.303715357075997,0.187,25.633,35.942,15.295
Sunflower,2019,Rabi       ,Maharashtra,8.13505390861157,1843,1555.8,13.280860642841223,7.141300544409276,0.499,25.633,35.942,15.295
Sunflower,2019,Summer     ,Maharashtra,8.54907938027856,3511,1555.8,13.694984919809551,7.555156905838875,0.879,25.633,35.942,15.295
Tobacco,2019,Whole Year ,Maharashtra,6.124683390894205,828,1555.8,11.26860373071682,5.134150020334124,1.82,25.633,35.942,15.295
other oilseeds,2019,Kharif     ,Maharashtra,9.271905727634337,3249,1555.8,14.417910395131116,8.27781354516144,0.271,25.633,35.942,15.295
other oilseeds,2019,Rabi       ,Maharashtra,9.260843354149289,3231,1555.8,14.40684698167767,8.266752952349144,0.38,25.633,35.942,15.295
other oilseeds,2019,Summer     ,Maharashtra,7.152268856032539,686,1555.8,12.29758818022137,6.159349056104167,0.362,25.633,35.942,15.295
Arhar/Tur,2019,Kharif     ,Mizoram,5.673323267171493,325,2178.5,10.815999152478202,4.684905154006945,1.26,20.714,30.781,12.049
Arhar/Tur,2019,Rabi       ,Mizoram,3.871201010907891,44,2178.5,8.996369621594308,2.91180703861623,0.94,20.714,30.781,12.049
Cotton(lint),2019,Kharif     ,Mizoram,3.1780538303479458,13,2178.5,8.281845471263122,2.252343876557299,0.58,20.714,30.781,12.049
Cowpea(Lobia),2019,Kharif     ,Mizoram,6.9411900550683745,1469,2178.5,12.086326258760746,5.948583141789613,1.326,20.714,30.781,12.049
Cowpea(Lobia),2019,Rabi       ,Mizoram,4.736198448394496,153,2178.5,9.87353749376373,3.7567717201568547,1.532,20.714,30.781,12.049
Maize,2019,Kharif     ,Mizoram,8.676075516476429,10903,2178.5,13.822004029669642,7.682113714966905,1.776,20.714,30.781,12.049
Maize,2019,Rabi       ,Mizoram,6.202535517187923,765,2178.5,11.346619137030943,5.211724083962941,1.645,20.714,30.781,12.049
Onion,2019,Rabi       ,Mizoram,2.9601050959108397,34,2178.5,8.053317309121583,2.050398856227105,3.76,20.714,30.781,12.049
Other  Rabi pulses,2019,Rabi       ,Mizoram,7.499423290592229,2517,2178.5,12.644971111283853,6.506112855097639,1.393,20.714,30.781,12.049
Other Kharif pulses,2019,Kharif     ,Mizoram,6.637913124658687,999,2178.5,11.782708297534178,5.645888496237299,1.32,20.714,30.781,12.049
Potato,2019,Rabi       ,Mizoram,4.5217885770490405,357,2178.5,9.657021636912432,3.545874759696932,3.507,20.714,30.781,12.049
Rapeseed &Mustard,2019,Kharif     ,Mizoram,3.1780538303479458,17,2178.5,8.281845471263122,2.252343876557299,0.84,20.714,30.781,12.049
Rapeseed &Mustard,2019,Rabi       ,Mizoram,6.313548046277095,411,2178.5,11.457843529051132,5.3223756316411075,0.775,20.714,30.781,12.049
Rice,2019,Rabi       ,Mizoram,6.150602768446279,978,2178.5,11.29457888974694,5.159974416926292,2.135,20.714,30.781,12.049
Sesamum,2019,Kharif     ,Mizoram,6.6293632534374485,529,2178.5,11.774147230880878,5.637357731274959,0.75,20.714,30.781,12.049
Soyabean,2019,Kharif     ,Mizoram,7.022868086082641,1827,2178.5,12.168079770275334,6.030132222748821,1.335,20.714,30.781,12.049
Tobacco,2019,Kharif     ,Mizoram,5.707110264748875,460,2178.5,10.849900034962806,4.718498871295094,1.285,20.714,30.781,12.049
Arhar/Tur,2019,Kharif     ,Nagaland,8.074337694089515,2920,1593.0,13.220126183424194,7.080615551986579,0.907,20.333,29.755,12.245
Bajra,2019,Kharif     ,Nagaland,6.566672429803241,720,1593.0,11.711371323681163,5.574812093359241,0.995,20.333,29.755,12.245
Barley,2019,Rabi       ,Nagaland,6.329720905522696,580,1593.0,11.474045333812315,5.338499156180869,1.034,20.333,29.755,12.245
Castor seed,2019,Kharif     ,Nagaland,5.8888779583328805,240,1593.0,11.0322183573269,4.8993312245375815,0.606,20.333,29.755,12.245
Cotton(lint),2019,Kharif     ,Nagaland,1.9021075263969205,4,1593.0,6.887585224192742,1.1343011310766167,0.615,20.333,29.755,12.245
Cowpea(Lobia),2019,Kharif     ,Nagaland,6.329720905522696,830,1593.0,11.474045333812315,5.338499156180869,1.483,20.333,29.755,12.245
Gram,2019,Rabi       ,Nagaland,6.634633357861686,640,1593.0,11.779424247449608,5.642616039418714,0.835,20.333,29.755,12.245
Groundnut,2019,Kharif     ,Nagaland,6.957497370876951,1100,1593.0,12.102649141542262,5.964863865310803,1.045,20.333,29.755,12.245
Horse-gram,2019,Kharif     ,Nagaland,6.293419278846481,580,1593.0,11.437678074695386,5.302309387817574,1.042,20.333,29.755,12.245
Jowar,2019,Kharif     ,Nagaland,5.638354669333745,270,1593.0,10.780908549656877,4.650143551630823,0.966,20.333,29.755,12.245
Jute,2019,Kharif     ,Nagaland,8.033009498596668,5870,1593.0,13.178784919821203,7.039309718722438,1.902,20.333,29.755,12.245
Linseed,2019,Rabi       ,Nagaland,8.676075516476429,4770,1593.0,13.822004029669642,7.682113714966905,0.812,20.333,29.755,12.245
Maize,2019,Rabi       ,Nagaland,8.592486175451668,10700,1593.0,13.738399897635752,7.598549693958486,1.983,20.333,29.755,12.245
Masoor,2019,Rabi       ,Nagaland,7.701200180857446,1820,1593.0,12.846848582502979,6.707717716382403,0.826,20.333,29.755,12.245
Mesta,2019,Kharif     ,Nagaland,7.581209826196346,2160,1593.0,12.726800876238288,6.587825458980236,1.094,20.333,29.755,12.245
Moong(Green Gram),2019,Kharif     ,Nagaland,6.175867270105761,500,1593.0,11.319896386726647,5.185148668442399,1.027,20.333,29.755,12.245
Other  Rabi pulses,2019,Rabi       ,Nagaland,9.290167671835738,13810,1593.0,14.436174031153351,8.296072592553253,1.281,20.333,29.755,12.245
Other Cereals,2019,Kharif     ,Nagaland,7.155396301896734,1330,1593.0,12.300718058971748,6.162472344001663,1.041,20.333,29.755,12.245
Other Cereals,2019,Rabi       ,Nagaland,6.111467339502679,460,1593.0,11.25535867420079,5.120983351265121,1.012,20.333,29.755,12.245
Other Kharif pulses,2019,Kharif     ,Nagaland,9.332646496360152,13830,1593.0,14.478656673498906,8.338544879988579,1.209,20.333,29.755,12.245
Peas & beans (Pulses),2019,Kharif     ,Nagaland,7.741099090035366,3140,1593.0,12.886765086822527,6.747586526829315,1.362,20.333,29.755,12.245
Peas & beans (Pulses),2019,Rabi       ,Nagaland,8.89439598980643,8030,1593.0,14.040357777211774,7.900377224062814,1.101,20.333,29.755,12.245
Ragi,2019,Kharif     ,Nagaland,5.860786223465865,340,1593.0,11.004047942422254,4.871373226762748,0.983,20.333,29.755,12.245
Rice,2019,Rabi       ,Nagaland,8.643120748014027,16050,1593.0,13.789043577113192,7.649168676951571,2.83,20.333,29.755,12.245
Sesamum,2019,Kharif     ,Nagaland,8.227108234348146,2290,1593.0,13.372940600683057,7.233311003861999,0.614,20.333,29.755,12.245
Small millets,2019,Kharif     ,Nagaland,9.086023537468803,9980,1593.0,14.232009106520218,8.091964055266933,1.169,20.333,29.755,12.245
Sunflower,2019,Kharif     ,Nagaland,5.8888779583328805,320,1593.0,11.0322183573269,4.8993312245375815,0.898,20.333,29.755,12.245
Sunflower,2019,Rabi       ,Nagaland,7.771067086065406,1450,1593.0,12.916745844269393,6.777532691932163,0.614,20.333,29.755,12.245
Urad,2019,Rabi       ,Nagaland,6.7226297948554485,680,1593.0,11.867530868887552,5.730424405602622,0.811,20.333,29.755,12.245
Wheat,2019,Rabi       ,Nagaland,8.14060704285845,6280,1593.0,13.286415391127706,7.146850916510274,1.831,20.333,29.755,12.245
other oilseeds,2019,Kharif     ,Nagaland,7.844240718141811,1540,1593.0,12.989949074887967,6.850655686941565,0.603,20.333,29.755,12.245
Bajra,2019,Kharif     ,Odisha,7.534228326274089,1160,1593.9,12.679794976824642,6.5408856886333355,0.678,26.208,36.078,16.588
Castor seed,2019,Kharif     ,Odisha,8.414274137408396,2910,1593.9,13.56015187699265,7.4203992485549115,0.909,26.208,36.078,16.588
Castor seed,2019,Rabi       ,Odisha,7.732369222284388,1510,1593.9,12.878031429058435,6.738863142499843,0.702,26.208,36.078,16.588
Groundnut,2019,Autumn     ,Odisha,9.176162920174596,11486,1593.9,14.322158194082052,8.182086821574158,1.358,26.208,36.078,16.588
Groundnut,2019,Winter     ,Odisha,7.260522598089852,2262,1593.9,12.405921858213176,6.267466167910371,1.509,26.208,36.078,16.588
Horse-gram,2019,Summer     ,Odisha,3.6109179126442243,23,1593.9,8.729778803320581,2.6616571615324998,0.63,26.208,36.078,16.588
Jowar,2019,Kharif     ,Odisha,8.667507952075105,3680,1593.9,13.813435005494693,7.6735486495269365,0.648,26.208,36.078,16.588
Jute,2019,Autumn     ,Odisha,4.997212273764115,319,1593.9,10.13657034553311,4.014399072045013,1.94,26.208,36.078,16.588
Linseed,2019,Rabi       ,Odisha,9.227295812625597,5040,1593.9,14.373296215088613,8.233210932870946,0.519,26.208,36.078,16.588
Maize,2019,Summer     ,Odisha,8.277666160851503,13113,1593.9,13.423511632456746,7.283846501084029,2.243,26.208,36.078,16.588
Maize,2019,Winter     ,Odisha,4.564348191467836,226,1593.9,9.700036328317607,3.5876769486047735,2.481,26.208,36.078,16.588
Masoor,2019,Rabi       ,Odisha,9.14216859187285,4940,1593.9,14.288160308141968,8.148098584617724,0.536,26.208,36.078,16.588
Moong(Green Gram),2019,Autumn     ,Odisha,9.273972232220956,3144,1593.9,14.419977092716662,8.279879719287532,0.371,26.208,36.078,16.588
Ragi,2019,Autumn     ,Odisha,9.16837188715368,7154,1593.9,14.314366356350035,8.174297166375,0.621,26.208,36.078,16.588
Ragi,2019,Summer     ,Odisha,5.945420608606575,288,1593.9,11.0889128096233,4.955615767675482,0.613,26.208,36.078,16.588
Rapeseed &Mustard,2019,Winter     ,Odisha,8.846928500099018,2039,1593.9,13.992883657983372,7.852921084262909,0.263,26.208,36.078,16.588
Safflower,2019,Rabi       ,Odisha,5.707110264748875,180,1593.9,10.849900034962806,4.718498871295094,0.623,26.208,36.078,16.588
Sesamum,2019,Autumn     ,Odisha,7.568379267836522,594,1593.9,12.713963767855368,6.575006103161049,0.428,26.208,36.078,16.588
Sesamum,2019,Summer     ,Odisha,7.86480400332846,570,1593.9,13.010520295242312,6.871205395984553,0.293,26.208,36.078,16.588
Sesamum,2019,Winter     ,Odisha,9.15461622320382,2914,1593.9,14.300609256222659,8.160543961432612,0.228,26.208,36.078,16.588
Sunflower,2019,Kharif     ,Odisha,6.447305862541213,470,1593.9,11.591827214305969,5.455748374496865,0.828,26.208,36.078,16.588
Tobacco,2019,Rabi       ,Odisha,4.875197323201151,90,1593.9,10.013677388233413,3.893859034800475,0.69,26.208,36.078,16.588
Urad,2019,Autumn     ,Odisha,9.227295812625597,2986,1593.9,14.373296215088613,8.233210932870946,0.318,26.208,36.078,16.588
Urad,2019,Summer     ,Odisha,9.050523670522297,3212,1593.9,14.196505170812186,8.056471154616492,0.409,26.208,36.078,16.588
Wheat,2019,Summer     ,Odisha,4.77912349311153,164,1593.9,9.916832116457313,3.799078246412012,1.495,26.208,36.078,16.588
Arhar/Tur,2019,Kharif     ,Punjab,7.601402334583733,2200,653.2,12.74700352414703,6.608000625296087,1.119,24.106,36.385,13.185
Bajra,2019,Kharif     ,Punjab,6.2166061010848646,300,653.2,11.360717896079558,5.225746673713202,0.585,24.106,36.385,13.185
Barley,2019,Rabi       ,Punjab,8.732465848349879,23400,653.2,13.878403663647996,7.738488122494646,3.647,24.106,36.385,13.185
Gram,2019,Rabi       ,Punjab,7.313886831633462,1800,653.2,12.459322422038172,6.320768294250582,1.17,24.106,36.385,13.185
Groundnut,2019,Kharif     ,Punjab,7.244941546337007,2800,653.2,12.390329827791884,6.251903883165888,2.0,24.106,36.385,13.185
Masoor,2019,Rabi       ,Punjab,6.68586094706836,400,653.2,11.830717158808618,5.6937321388027,0.5,24.106,36.385,13.185
Moong(Green Gram),2019,Kharif     ,Punjab,7.8636512654486515,2300,653.2,13.0093671168381,6.870053411798126,0.837,24.106,36.385,13.185
Peas & beans (Pulses),2019,Rabi       ,Punjab,7.496097345175956,1600,653.2,12.64164333193695,6.502790045915623,1.009,24.106,36.385,13.185
Sesamum,2019,Kharif     ,Punjab,7.8636512654486515,1000,653.2,13.0093671168381,6.870053411798126,0.399,24.106,36.385,13.185
Sunflower,2019,Rabi       ,Punjab,8.366602832783736,8000,653.2,13.512469809222733,7.3727463664043285,1.872,24.106,36.385,13.185
Urad,2019,Kharif     ,Punjab,7.601402334583733,1200,653.2,12.74700352414703,6.608000625296087,0.818,24.106,36.385,13.185
other oilseeds,2019,Rabi       ,Punjab,7.8636512654486515,3300,653.2,13.0093671168381,6.870053411798126,1.39,24.106,36.385,13.185
Arhar/Tur,2019,Rabi       ,Telangana,5.811140992976701,230,1031.7,10.954258127113798,4.821973681556102,0.776,26.599,36.367,17.118
Bajra,2019,Kharif     ,Telangana,6.721425700790643,1007,1031.7,11.866325331693604,5.729222775137979,1.128,26.599,36.367,17.118
Bajra,2019,Rabi       ,Telangana,9.018089684104343,9509,1031.7,14.164067338605344,8.02404375266319,1.006,26.599,36.367,17.118
Cashewnut,2019,Kharif     ,Telangana,7.3277805384216315,465,1031.7,12.47322527361823,6.334646366906008,0.307,26.599,36.367,17.118
Castor seed,2019,Rabi       ,Telangana,7.624130585661289,3313,1031.7,12.769742945668135,6.630709770518562,1.236,26.599,36.367,17.118
Coriander,2019,Kharif     ,Telangana,3.8918202981106265,45,1031.7,9.017420450400422,2.9317269435780786,0.979,26.599,36.367,17.118
Coriander,2019,Rabi       ,Telangana,6.373319789577012,542,1031.7,11.517719953021777,5.381968939043647,1.016,26.599,36.367,17.118
Cowpea(Lobia),2019,Kharif     ,Telangana,6.661854740545311,552,1031.7,11.806680758026879,5.669777469353516,0.769,26.599,36.367,17.118
Cowpea(Lobia),2019,Rabi       ,Telangana,7.774435510302958,2311,1031.7,12.920115679126631,6.780898702979424,0.965,26.599,36.367,17.118
Groundnut,2019,Kharif     ,Telangana,9.422544303252007,33907,1031.7,14.568562044504892,8.428429734976888,2.65,26.599,36.367,17.118
Horse-gram,2019,Kharif     ,Telangana,6.068425588244111,371,1031.7,11.212219751883078,5.078107009211268,0.818,26.599,36.367,17.118
Horse-gram,2019,Rabi       ,Telangana,6.429719478039138,539,1031.7,11.574212831828525,5.438209735199927,0.871,26.599,36.367,17.118
Moong(Green Gram),2019,Rabi       ,Telangana,8.683554728631462,5598,1031.7,13.829484505974555,7.68959076303752,0.953,26.599,36.367,17.118
Potato,2019,Kharif     ,Telangana,1.3862943611198906,0,1031.7,6.246649253966987,0.7466879474879752,0.0,26.599,36.367,17.118
Ragi,2019,Kharif     ,Telangana,7.305860032684009,2355,1031.7,12.451290281642278,6.31275062697354,1.644,26.599,36.367,17.118
Ragi,2019,Rabi       ,Telangana,5.572154032177765,417,1031.7,10.714464878753875,4.584355046274172,1.573,26.599,36.367,17.118
Safflower,2019,Kharif     ,Telangana,0.6931471805599453,0,1031.7,5.1519033480925005,0.31481073984003355,0.0,26.599,36.367,17.118
Safflower,2019,Rabi       ,Telangana,7.368339686311381,1750,1031.7,12.513810401492004,6.375161096742998,1.106,26.599,36.367,17.118
Sesamum,2019,Kharif     ,Telangana,6.206575926724928,72,1031.7,11.350667677842404,5.2157506428910745,0.095,26.599,36.367,17.118
Small millets,2019,Kharif     ,Telangana,6.829793737512425,1579,1031.7,11.974816526141836,5.837380531725267,1.692,26.599,36.367,17.118
Small millets,2019,Rabi       ,Telangana,4.248495242049359,106,1031.7,9.3802890325403,3.2782761681496484,1.825,26.599,36.367,17.118
Sunflower,2019,Kharif     ,Telangana,4.1588830833596715,141,1031.7,9.289325289617825,3.1908877883280318,2.268,26.599,36.367,17.118
Sunflower,2019,Rabi       ,Telangana,8.405143687607614,9969,1031.7,13.551019405272722,7.411272259563551,2.166,26.599,36.367,17.118
Tobacco,2019,Kharif     ,Telangana,7.214504414151143,4173,1031.7,12.359870748923951,6.221504265110033,3.01,26.599,36.367,17.118
Tobacco,2019,Rabi       ,Telangana,7.3752557780097545,4962,1031.7,12.520730818988023,6.382069792309123,3.038,26.599,36.367,17.118
Urad,2019,Rabi       ,Telangana,8.827174771362785,12269,1031.7,13.973127076257322,7.833172239854551,1.788,26.599,36.367,17.118
Wheat,2019,Kharif     ,Telangana,0.6931471805599453,0,1031.7,5.1519033480925005,0.31481073984003355,0.0,26.599,36.367,17.118
Wheat,2019,Rabi       ,Telangana,8.405591014834934,8237,1031.7,13.551466831990489,7.411719416498913,1.798,26.599,36.367,17.118
Arhar/Tur,2019,Kharif     ,Tripura,8.483222671845084,3873,2252.8,13.629115098084558,7.489322644070339,0.789,24.659,32.979,16.758
Cotton(lint),2019,Kharif     ,Tripura,6.634633357861686,1138,2252.8,11.779424247449608,5.642616039418714,1.398,24.659,32.979,16.758
Cowpea(Lobia),2019,Kharif     ,Tripura,8.302265794873367,3178,2252.8,13.448117407288276,7.308435625018122,0.776,24.659,32.979,16.758
Gram,2019,Rabi       ,Tripura,5.676753802268282,181,2252.8,10.819441427680426,4.68831576707476,0.62,24.659,32.979,16.758
Groundnut,2019,Kharif     ,Tripura,7.0967213784947605,1615,2252.8,12.241996198249893,6.103877634811969,1.345,24.659,32.979,16.758
Groundnut,2019,Rabi       ,Tripura,7.057036981697891,1749,2252.8,12.202278456690511,6.06425021683363,1.489,24.659,32.979,16.758
Jowar,2019,Kharif     ,Tripura,6.302618975744905,451,2252.8,11.446894630887384,5.311480353074318,0.817,24.659,32.979,16.758
Jowar,2019,Rabi       ,Tripura,5.817111159963204,269,2252.8,10.960246064579849,4.827913657280962,0.828,24.659,32.979,16.758
Khesari,2019,Rabi       ,Tripura,3.970291913552122,35,2252.8,9.097453828909892,3.0076608444192647,0.686,24.659,32.979,16.758
Maize,2019,Kharif     ,Tripura,9.43236329562169,17757,2252.8,14.578381822610067,8.438247381929862,1.42,24.659,32.979,16.758
Maize,2019,Rabi       ,Tripura,7.67368812926773,5217,2252.8,12.819323982631506,6.680227129350103,2.419,24.659,32.979,16.758
Masoor,2019,Rabi       ,Tripura,7.703007682479236,1657,2252.8,12.848656896500202,6.709523828364144,0.738,24.659,32.979,16.758
Moong(Green Gram),2019,Kharif     ,Tripura,7.724446645633537,1462,2252.8,12.87010538410593,6.730946498873403,0.639,24.659,32.979,16.758
Moong(Green Gram),2019,Rabi       ,Tripura,7.479299637782834,1220,2252.8,12.624836268442209,6.48600833829969,0.689,24.659,32.979,16.758
Other  Rabi pulses,2019,Rabi       ,Tripura,6.771935555839602,804,2252.8,11.916894254151387,5.779631786939639,0.925,24.659,32.979,16.758
Other Kharif pulses,2019,Kharif     ,Tripura,4.844187086458591,124,2252.8,9.98242626641733,3.8632528410587166,0.974,24.659,32.979,16.758
Peas & beans (Pulses),2019,Rabi       ,Tripura,8.071218539969863,2831,2252.8,13.21700606175585,7.077498053569231,0.858,24.659,32.979,16.758
Rapeseed &Mustard,2019,Rabi       ,Tripura,8.974111581113318,6668,2252.8,14.120083817698541,7.980074925695323,0.849,24.659,32.979,16.758
Sesamum,2019,Kharif     ,Tripura,8.796641458940915,4210,2252.8,13.942589241568868,7.802646669490401,0.656,24.659,32.979,16.758
Small millets,2019,Kharif     ,Tripura,6.129050210060545,380,2252.8,11.272980049563122,5.138500665094152,0.818,24.659,32.979,16.758
Soyabean,2019,Kharif     ,Tripura,3.58351893845611,26,2252.8,8.701612546292338,2.6354795082673745,0.732,24.659,32.979,16.758
Soyabean,2019,Rabi       ,Tripura,5.19295685089021,139,2252.8,10.33351648445394,4.208119576480946,0.781,24.659,32.979,16.758
Urad,2019,Kharif     ,Tripura,7.990576881743923,1857,2252.8,13.136338311537358,6.996901043212549,0.628,24.659,32.979,16.758
Urad,2019,Rabi       ,Tripura,7.584773077612199,1445,2252.8,12.730365931831827,6.591385624666102,0.729,24.659,32.979,16.758
Wheat,2019,Rabi       ,Tripura,5.003946305945459,331,2252.8,10.143349764921158,4.0210567664522685,2.228,24.659,32.979,16.758
other oilseeds,2019,Rabi       ,Tripura,4.543294782270004,74,2252.8,9.678760247746203,3.566994266123812,0.757,24.659,32.979,16.758
Coriander,2019,Rabi       ,Uttar Pradesh,8.866581653303996,5116,814.5,14.012539594263826,7.87256947279718,0.725,25.386,36.835,14.652
Cotton(lint),2019,Kharif     ,Uttar Pradesh,8.066521490469993,7429,814.5,13.21230754954288,7.072803507105635,2.306,25.386,36.835,14.652
Dry chillies,2019,Kharif     ,Uttar Pradesh,9.513994213937663,11808,814.5,14.660018982919924,8.51986761196333,0.881,25.386,36.835,14.652
Guar seed,2019,Kharif     ,Uttar Pradesh,7.590852123688581,1418,814.5,12.736448041097676,6.59745943165877,0.711,25.386,36.835,14.652
Sannhamp,2019,Kharif     ,Uttar Pradesh,7.3864708488298945,460,814.5,12.531952841160589,6.393272977712602,0.307,25.386,36.835,14.652
Small millets,2019,Kharif     ,Uttar Pradesh,9.003931019653137,5923,814.5,14.149906955807948,8.00988803021029,0.683,25.386,36.835,14.652
Small millets,2019,Summer     ,Uttar Pradesh,3.9889840465642745,48,814.5,9.11649991160494,3.0257763949023677,0.946,25.386,36.835,14.652
Sunflower,2019,Summer     ,Uttar Pradesh,8.137980454452139,4727,814.5,13.28378804041085,7.1442256326663545,1.35,25.386,36.835,14.652
Tobacco,2019,Summer     ,Uttar Pradesh,5.5254529391317835,461,814.5,10.667582359470872,4.537961436294641,1.947,25.386,36.835,14.652
Turmeric,2019,Rabi       ,Uttar Pradesh,7.546974117516527,2669,814.5,12.692547501270282,6.5536199645954145,1.305,25.386,36.835,14.652
Arhar/Tur,2019,Kharif     ,Uttarakhand,8.065579427282092,2735,1378.9,13.211365192157759,7.0718619473551865,0.761,18.768,29.374,9.495
Gram,2019,Rabi       ,Uttarakhand,6.583409222158765,547,1378.9,11.728131356249838,5.591509232173415,0.74,18.768,29.374,9.495
Groundnut,2019,Kharif     ,Uttarakhand,6.507277712385012,706,1378.9,11.651890916317564,5.515563562596163,0.985,18.768,29.374,9.495
Horse-gram,2019,Kharif     ,Uttarakhand,9.48978863950086,12194,1378.9,14.635811610426527,8.495665116390914,0.932,18.768,29.374,9.495
Maize,2019,Summer     ,Uttarakhand,5.8944028342648505,491,1378.9,11.037758448353477,4.904830235199279,1.7,18.768,29.374,9.495
Masoor,2019,Rabi       ,Uttarakhand,9.234740258799718,10405,1378.9,14.380741386298803,8.240654137622608,0.96,18.768,29.374,9.495
Moong(Green Gram),2019,Kharif     ,Uttarakhand,1.0986122886681098,2,1378.9,5.8421521439209725,0.5538851132264376,1.0,18.768,29.374,9.495
Moong(Green Gram),2019,Summer     ,Uttarakhand,2.3978952727983707,6,1378.9,7.4492652848791225,1.547562508716013,0.62,18.768,29.374,9.495
Moth,2019,Kharif     ,Uttarakhand,2.302585092994046,5,1378.9,7.3439694192384515,1.4655675420143985,0.56,18.768,29.374,9.495
Other  Rabi pulses,2019,Rabi       ,Uttarakhand,3.9512437185814275,42,1378.9,9.078037938158047,2.9892110565637253,0.853,18.768,29.374,9.495
Other Cereals,2019,Kharif     ,Uttarakhand,6.656726524178391,789,1378.9,11.8015459969311,5.664660423302351,0.952,18.768,29.374,9.495
Other Cereals,2019,Rabi       ,Uttarakhand,5.918893854273146,297,1378.9,11.062315908985601,4.929208295400526,0.8,18.768,29.374,9.495
Other Kharif pulses,2019,Kharif     ,Uttarakhand,9.569342605674006,14866,1378.9,14.71537132615301,8.575209237384593,1.02,18.768,29.374,9.495
Peas & beans (Pulses),2019,Rabi       ,Uttarakhand,8.683385366280309,5153,1378.9,13.82931511510199,7.68942144951194,0.641,18.768,29.374,9.495
Rapeseed &Mustard,2019,Rabi       ,Uttarakhand,9.444621667700849,12472,1378.9,14.590641164861372,8.450504092777045,0.861,18.768,29.374,9.495
Sesamum,2019,Kharif     ,Uttarakhand,7.627057417018934,620,1378.9,12.772671197126808,6.63363417290306,0.326,18.768,29.374,9.495
Soyabean,2019,Kharif     ,Uttarakhand,8.987696695703624,8838,1378.9,14.133670631424165,7.993657131207728,1.178,18.768,29.374,9.495
Sunflower,2019,Kharif     ,Uttarakhand,3.367295829986474,17,1378.9,8.478510573463764,2.4300984132930052,0.75,18.768,29.374,9.495
Tobacco,2019,Whole Year ,Uttarakhand,1.3862943611198906,6,1378.9,6.246649253966987,0.7466879474879752,2.0,18.768,29.374,9.495
Turmeric,2019,Whole Year ,Uttarakhand,7.1808311990445555,4270,1378.9,12.326172462042711,6.187873903219555,3.042,18.768,29.374,9.495
Urad,2019,Kharif     ,Uttarakhand,9.486000469200638,12233,1378.9,14.63202315477075,8.491877434711895,0.976,18.768,29.374,9.495
Urad,2019,Summer     ,Uttarakhand,4.248495242049359,72,1378.9,9.3802890325403,3.2782761681496484,1.02,18.768,29.374,9.495
other oilseeds,2019,Kharif     ,Uttarakhand,2.5649493574615367,9,1378.9,7.631489858809873,1.6937790608678513,0.82,18.768,29.374,9.495
other oilseeds,2019,Rabi       ,Uttarakhand,1.6094379124341003,3,1378.9,6.53384697577819,0.9082585601768908,0.835,18.768,29.374,9.495
Arhar/Tur,2019,Rabi       ,West Bengal,8.48590890137647,12768,1733.4,13.631801879561815,7.492007928824971,2.699,26.187,36.175,16.679
Bajra,2019,Kharif     ,West Bengal,4.23410650459726,27,1733.4,9.36569147386563,3.264231526588998,0.4,26.187,36.175,16.679
Barley,2019,Rabi       ,West Bengal,5.631211781821365,599,1733.4,10.773740209766029,4.6430438384161725,2.073,26.187,36.175,16.679
Cotton(lint),2019,Kharif     ,West Bengal,5.723585101952381,590,1733.4,10.866429018773838,4.734881792509748,1.18,26.187,36.175,16.679
Groundnut,2019,Autumn     ,West Bengal,8.321421586897879,4605,1733.4,13.467277877623626,7.327583409926069,1.323,26.187,36.175,16.679
Groundnut,2019,Rabi       ,West Bengal,8.452761331256848,9127,1733.4,13.59864739366812,7.458872196471623,1.797,26.187,36.175,16.679
Horse-gram,2019,Rabi       ,West Bengal,7.461640392208575,919,1733.4,12.607167015864757,6.468366205153995,0.563,26.187,36.175,16.679
Jowar,2019,Autumn     ,West Bengal,5.198497031265826,95,1733.4,10.339087348811637,4.213607983048918,0.515,26.187,36.175,16.679
Linseed,2019,Rabi       ,West Bengal,8.30795254527102,2098,1733.4,13.453805555896398,7.314119982333137,0.516,26.187,36.175,16.679
Moong(Green Gram),2019,Kharif     ,West Bengal,7.718685495198466,1896,1733.4,12.86434169426696,6.72518969241534,0.874,26.187,36.175,16.679
Moong(Green Gram),2019,Rabi       ,West Bengal,7.550135342488429,1497,1733.4,12.695710382971582,6.556778356158042,0.757,26.187,36.175,16.679
Niger seed,2019,Kharif     ,West Bengal,6.913737350659685,519,1733.4,12.05884676715868,5.921176193989804,0.584,26.187,36.175,16.679
Other  Rabi pulses,2019,Rabi       ,West Bengal,6.502790045915623,505,1733.4,11.647396565930539,5.511087297434686,0.73,26.187,36.175,16.679
Other Kharif pulses,2019,Kharif     ,West Bengal,7.329093736246592,1020,1733.4,12.474539329227467,6.335958098224663,0.693,26.187,36.175,16.679
Ragi,2019,Autumn     ,West Bengal,7.955775781534187,4174,1733.4,13.101525284598726,6.962120350627427,0.86,26.187,36.175,16.679
Sesamum,2019,Autumn     ,West Bengal,6.480044561926653,549,1733.4,11.624616739022233,5.488400391735755,0.854,26.187,36.175,16.679
Sesamum,2019,Winter     ,West Bengal,6.371611847231857,451,1733.4,11.516009105659535,5.380265949195204,1.031,26.187,36.175,16.679
Small millets,2019,Autumn     ,West Bengal,7.45298232946546,704,1733.4,12.598503981863471,6.459716643314911,0.687,26.187,36.175,16.679
Small millets,2019,Rabi       ,West Bengal,8.385032287813898,4830,1733.4,13.530903486181531,7.39116859513779,1.28,26.187,36.175,16.679
Soyabean,2019,Kharif     ,West Bengal,5.521460917862246,194,1733.4,10.663574431598498,4.533996366533566,1.255,26.187,36.175,16.679
Sunflower,2019,Kharif     ,West Bengal,8.967376693212666,9576,1733.4,14.113348078845036,7.97334149470017,1.115,26.187,36.175,16.679
Urad,2019,Rabi       ,West Bengal,8.613048677059759,5215,1733.4,13.758966153229206,7.619105769395956,0.74,26.187,36.175,16.679
Arhar/Tur,2020,Kharif     ,Uttarakhand,8.1101268019411,3992,1313.948,13.375673654874753,7.116386027177406,0.87,18.272,28.315,9.57
Gram,2020,Rabi       ,Uttarakhand,6.591673732008658,558,1313.948,11.856153969383675,5.599754404232153,0.748,18.272,28.315,9.57
Groundnut,2020,Kharif     ,Uttarakhand,6.42648845745769,933,1313.948,11.690723221458567,5.434987577922902,1.522,18.272,28.315,9.57
Horse-gram,2020,Kharif     ,Uttarakhand,9.48417703760591,12844,1313.948,14.749947208295161,8.490054238975095,0.969,18.272,28.315,9.57
Maize,2020,Summer     ,Uttarakhand,5.293304824724492,430,1313.948,10.554138942727436,4.307572448748934,2.125,18.272,28.315,9.57
Masoor,2020,Rabi       ,Uttarakhand,9.132054453577638,6998,1313.948,14.397792689571462,8.13798629897042,0.752,18.272,28.315,9.57
Moong(Green Gram),2020,Kharif     ,Uttarakhand,2.302585092994046,6,1313.948,7.463644130509926,1.4655675420143985,0.857,18.272,28.315,9.57
Moong(Green Gram),2020,Summer     ,Uttarakhand,2.1972245773362196,5,1313.948,7.345932787561421,1.3762440252663892,0.785,18.272,28.315,9.57
Moth,2020,Kharif     ,Uttarakhand,3.7612001156935624,24,1313.948,9.003638413848849,2.805781689595545,0.57,18.272,28.315,9.57
Other  Rabi pulses,2020,Rabi       ,Uttarakhand,3.4965075614664802,21,1313.948,8.73174312312822,2.552565298261815,0.763,18.272,28.315,9.57
Other Cereals,2020,Kharif     ,Uttarakhand,6.436150368369428,350,1313.948,11.70040063571992,5.444623069137621,0.559,18.272,28.315,9.57
Other Cereals,2020,Rabi       ,Uttarakhand,6.021023349349527,333,1313.948,11.284451607782987,5.030895333103616,0.808,18.272,28.315,9.57
Other Kharif pulses,2020,Kharif     ,Uttarakhand,9.561630845638076,15379,1313.948,14.82740665516213,8.567498397805583,1.083,18.272,28.315,9.57
Peas & beans (Pulses),2020,Rabi       ,Uttarakhand,8.501063809486354,4135,1313.948,13.766707413210595,7.507157554056485,0.669,18.272,28.315,9.57
Rapeseed &Mustard,2020,Rabi       ,Uttarakhand,9.484253080341965,11853,1313.948,14.750023256784282,8.490130271866548,0.694,18.272,28.315,9.57
Sesamum,2020,Kharif     ,Uttarakhand,7.609862200913554,537,1313.948,12.875214925096909,6.6164533293399534,0.241,18.272,28.315,9.57
Soyabean,2020,Kharif     ,Uttarakhand,8.888342869109282,8800,1313.948,14.154051410666009,7.894325520935371,1.214,18.272,28.315,9.57
Sunflower,2020,Kharif     ,Uttarakhand,1.3862943611198906,2,1313.948,6.3661783088430965,0.7466879474879752,0.75,18.272,28.315,9.57
Sunflower,2020,Summer     ,Uttarakhand,1.3862943611198906,2,1313.948,6.3661783088430965,0.7466879474879752,0.67,18.272,28.315,9.57
Tobacco,2020,Whole Year ,Uttarakhand,1.3862943611198906,6,1313.948,6.3661783088430965,0.7466879474879752,2.0,18.272,28.315,9.57
Turmeric,2020,Whole Year ,Uttarakhand,7.170119543449628,4186,1313.948,12.435199819216553,6.177176184413327,2.808,18.272,28.315,9.57
Urad,2020,Kharif     ,Uttarakhand,9.425371103179842,13282,1313.948,14.691136691264116,8.4312561462164,1.121,18.272,28.315,9.57
Urad,2020,Summer     ,Uttarakhand,4.07753744390572,69,1313.948,9.326377885094104,3.111735949310297,1.193,18.272,28.315,9.57
other oilseeds,2020,Kharif     ,Uttarakhand,2.6390573296152584,9,1313.948,7.8311924143767255,1.7595805708638197,0.7,18.272,28.315,9.57
other oilseeds,2020,Rabi       ,Uttarakhand,3.4339872044851463,21,1313.948,8.667215360659716,2.4932054526026954,0.69,18.272,28.315,9.57
Bajra,1997,Kharif     ,Nagaland,6.898714534329988,700,1398.5,11.453380322805929,5.729775054930455,0.713,19.422,29.505,11.158
Jowar,1997,Kharif     ,Nagaland,6.803505257608338,630,1398.5,11.358071204354712,5.634789603169249,0.725,19.422,29.505,11.158
Rice,1997,Rabi       ,Nagaland,5.303304908059076,250,1398.5,9.854034668816597,4.143134726391533,1.3,19.422,29.505,11.158
Bajra,1998,Kharif     ,Delhi,7.86172707782398,2091,784.5,12.45444330071518,6.624795372865686,0.81,25.302,37.92,13.608
Barley,1998,Kharif     ,Delhi,5.723585101952381,83,784.5,10.313442565917144,4.493679809954728,0.27,25.302,37.92,13.608
Cotton(lint),1998,Kharif     ,Delhi,0.6931471805599453,1,784.5,4.603168183317418,0.2546422183735807,1.0,25.302,37.92,13.608
Gram,1998,Rabi       ,Delhi,5.030437921392435,36,784.5,9.617044711919299,3.8084386891715756,0.24,25.302,37.92,13.608
Jowar,1998,Kharif     ,Delhi,9.11085147347544,4058,784.5,13.703839729652614,7.873247518983625,0.45,25.302,37.92,13.608
Maize,1998,Kharif     ,Delhi,5.111987788356544,132,784.5,9.699104418939655,3.888754378488792,0.8,25.302,37.92,13.608
Rice,1998,Kharif     ,Delhi,8.896177422274805,10799,784.5,13.489139492304437,7.6586382066930785,1.48,25.302,37.92,13.608
Bajra,1999,Rabi       ,Andhra Pradesh,9.214332393245721,6886,650.4,13.878898483045003,7.905268330206633,0.861,28.272,38.493,19.599
Horse-gram,1999,Kharif     ,Andhra Pradesh,9.77542688246861,5969,650.4,14.440035343045412,8.466247205131298,0.388,28.272,38.493,19.599
Linseed,1999,Rabi       ,Andhra Pradesh,8.676757761087575,506,650.4,13.341253608161315,7.367885324429574,0.118,28.272,38.493,19.599
Masoor,1999,Rabi       ,Andhra Pradesh,8.505727713306959,1872,650.4,13.1701920509183,7.1969412200564244,0.346,28.272,38.493,19.599
Niger seed,1999,Kharif     ,Andhra Pradesh,9.831078137017988,7164,650.4,14.495689645102544,8.52189014344656,0.372,28.272,38.493,19.599
Ragi,1999,Rabi       ,Andhra Pradesh,9.580040123637605,24853,650.4,14.244636435927042,8.270893596384822,1.79,28.272,38.493,19.599
Rapeseed &Mustard,1999,Rabi       ,Andhra Pradesh,7.987184748233473,646,650.4,12.651512861651428,6.678769696184294,0.214,28.272,38.493,19.599
Safflower,1999,Rabi       ,Andhra Pradesh,9.73489137036065,7742,650.4,14.399497501950401,8.425718048448484,0.39,28.272,38.493,19.599
Wheat,1999,Rabi       ,Andhra Pradesh,9.511629447834181,9056,650.4,14.176220913665425,8.202496145112848,0.658,28.272,38.493,19.599
Bajra,1999,Kharif     ,Delhi,7.908387159290043,3749,365.9,12.57268766779427,6.600047354321349,1.38,27.006,39.897,14.832
Barley,1999,Kharif     ,Delhi,5.568344503761097,98,365.9,10.229221265619056,4.269277781231888,0.38,27.006,39.897,14.832
Cotton(lint),1999,Kharif     ,Delhi,0.6931471805599453,1,365.9,4.6740430502744665,0.23901690047049992,1.0,27.006,39.897,14.832
Gram,1999,Rabi       ,Delhi,4.143134726391533,13,365.9,8.791951105570005,2.8758219768814333,0.21,27.006,39.897,14.832
Jowar,1999,Kharif     ,Delhi,9.049702026013371,3681,365.9,13.714250457435554,7.740686140811384,0.43,27.006,39.897,14.832
Maize,1999,Kharif     ,Delhi,4.07753744390572,42,365.9,8.725270210409903,2.8130106367386967,0.72,27.006,39.897,14.832
Rice,1999,Kharif     ,Delhi,9.000359807188254,15279,365.9,13.664902354485273,7.691359975102657,1.89,27.006,39.897,14.832
Bajra,2000,Kharif     ,Delhi,8.045588280803528,4634,544.3,12.631971652229096,6.699426445805941,1.49,26.292,39.388,13.565
Barley,2000,Kharif     ,Delhi,5.4638318050256105,75,544.3,10.046329529340339,4.128745988939433,0.32,26.292,39.388,13.565
Cotton(lint),2000,Kharif     ,Delhi,0.6931471805599453,1,544.3,4.596835549198034,0.23111172096338664,1.0,26.292,39.388,13.565
Gram,2000,Rabi       ,Delhi,3.9318256327243257,8,544.3,8.498927382609345,2.6390573296152584,0.16,26.292,39.388,13.565
Jowar,2000,Kharif     ,Delhi,9.062536177207788,8177,544.3,13.64912209263649,7.715792425416038,0.95,26.292,39.388,13.565
Maize,2000,Kharif     ,Delhi,4.02535169073515,90,544.3,8.594219045266792,2.72785282839839,1.64,26.292,39.388,13.565
Rice,2000,Kharif     ,Delhi,8.708474489581665,11420,544.3,13.295011648464572,7.361870858963536,1.89,26.292,39.388,13.565
Bajra,2001,Kharif     ,Delhi,7.87587915949631,5140,611.9,12.501749524181138,6.529885882464772,1.95,26.289,39.011,14.459
Barley,2001,Kharif     ,Delhi,4.812184355372417,60,611.9,9.430347810826387,3.487986511734546,0.49,26.289,39.011,14.459
Cotton(lint),2001,Kharif     ,Delhi,0.6931471805599453,1,611.9,4.635990328327978,0.23111172096338664,1.0,26.289,39.011,14.459
Gram,2001,Rabi       ,Delhi,3.9512437185814275,8,611.9,8.558264114951095,2.65745841498615,0.16,26.289,39.011,14.459
Jowar,2001,Kharif     ,Delhi,9.062768007509048,8140,611.9,13.688899745642443,7.716024179258841,0.94,26.289,39.011,14.459
Maize,2001,Kharif     ,Delhi,3.9889840465642745,95,611.9,8.596723152272974,2.6932749155200555,1.79,26.289,39.011,14.459
Other Kharif pulses,2001,Kharif     ,Delhi,6.302618975744905,643,611.9,10.927050272041003,4.960744524482791,1.18,26.289,39.011,14.459
Rice,2001,Kharif     ,Delhi,8.764990330169104,12063,611.9,13.391082254638219,7.418360878544577,1.88,26.289,39.011,14.459
Bajra,2002,Kharif     ,Delhi,7.347943823148687,2804,593.6,11.897703666922881,5.963579343618446,1.81,26.877,39.555,14.913
Barley,2002,Kharif     ,Delhi,4.454347296253507,41,593.6,8.993172679596563,3.1023420086122493,0.48,26.877,39.555,14.913
Cotton(lint),2002,Kharif     ,Delhi,0.6931471805599453,1,593.6,4.560904769690076,0.22314355131420976,1.0,26.877,39.555,14.913
Gram,2002,Rabi       ,Delhi,4.30406509320417,16,593.6,8.841001289565787,2.9575110607337933,0.22,26.877,39.555,14.913
Jowar,2002,Kharif     ,Delhi,9.134970064951407,4015,593.6,13.685260530054833,7.748999136533381,0.43,26.877,39.555,14.913
Maize,2002,Kharif     ,Delhi,4.553876891600541,228,593.6,9.093804308526694,3.1986731175506815,2.43,26.877,39.555,14.913
Other Kharif pulses,2002,Kharif     ,Delhi,5.8289456176102075,437,593.6,10.37642842635246,4.45143608604605,1.29,26.877,39.555,14.913
Rice,2002,Kharif     ,Delhi,8.715552125907816,12907,593.6,13.26578699028274,7.329749689041512,2.12,26.877,39.555,14.913
Cotton(lint),2002,Kharif     ,Uttar Pradesh,8.514790306799927,3418,664.0,13.064989083793431,7.129097208349719,0.968,26.912,38.468,15.51
Maize,2002,Rabi       ,Uttar Pradesh,9.900182095527402,22064,664.0,14.450529618789094,8.514038219722936,1.101,26.912,38.468,15.51
Moth,2002,Kharif     ,Uttar Pradesh,5.556828061699537,106,664.0,10.10339768611713,4.182050142641207,0.439,26.912,38.468,15.51
Ragi,2002,Rabi       ,Uttar Pradesh,6.3818160174060985,864,664.0,10.930537600284275,5.000584958242754,1.441,26.912,38.468,15.51
Rice,2002,Summer     ,Uttar Pradesh,8.36474106822456,9411,664.0,12.914907724980706,6.97914527506881,1.961,26.912,38.468,15.51
Sannhamp,2002,Whole Year ,Uttar Pradesh,8.294549515143679,1262,664.0,12.844699409086614,6.909004498382569,0.317,26.912,38.468,15.51
Soyabean,2002,Kharif     ,Uttar Pradesh,8.462948176563842,767,664.0,13.013136396594465,7.077287060847698,0.162,26.912,38.468,15.51
Sunflower,2002,Kharif     ,Uttar Pradesh,8.886132618174951,10383,664.0,13.436392936289547,7.500253051392153,1.378,26.912,38.468,15.51
Turmeric,2002,Whole Year ,Uttar Pradesh,7.018401799069201,2027,664.0,11.567912768098504,5.634789603169249,1.855,26.912,38.468,15.51
Bajra,2003,Kharif     ,Himachal Pradesh,5.746203190540153,173,1112.6,10.337953378383057,4.3291531450668135,0.56,21.039,32.254,11.114
Bajra,2004,Kharif     ,Himachal Pradesh,5.641907070938114,150,939.2,10.323661946715193,4.094511215001422,0.652,21.629,32.501,11.582
Barley,2004,Rabi       ,Himachal Pradesh,10.103485294343026,33713,939.2,14.788719164973486,8.542991533925317,1.433,21.629,32.501,11.582
Bajra,2004,Kharif     ,Odisha,8.057060681965766,1609,1290.4,12.74202113077962,6.497604208883258,0.499,25.653,35.575,16.528
Castor seed,2004,Kharif     ,Odisha,9.316320695513415,5670,1290.4,14.001506007741085,7.756011251661707,0.461,25.653,35.575,16.528
Castor seed,2004,Rabi       ,Odisha,8.847503625923641,3510,1290.4,13.532635632643991,7.287396468147481,0.447,25.653,35.575,16.528
Coriander,2004,Whole Year ,Odisha,9.855399641729074,9107,1290.4,14.540622091708617,8.294949235344864,0.482,25.653,35.575,16.528
Garlic,2004,Whole Year ,Odisha,9.309733115854218,34918,1290.4,13.994917839045586,7.749425907585814,3.158,25.653,35.575,16.528
Ginger,2004,Kharif     ,Odisha,9.659822365501121,30368,1290.4,14.34503358672852,8.099414582366723,1.826,25.653,35.575,16.528
Groundnut,2004,Winter     ,Odisha,8.067149039910106,3522,1290.4,12.752112640846603,6.507680616282961,1.037,25.653,35.575,16.528
Horse-gram,2004,Summer     ,Odisha,5.484796933490655,62,1290.4,10.165951812003952,3.9396381724611196,0.21,25.653,35.575,16.528
Jowar,2004,Kharif     ,Odisha,9.217514575724183,5451,1290.4,13.902690632390359,7.657240258992347,0.524,25.653,35.575,16.528
Linseed,2004,Rabi       ,Odisha,10.015788924623273,8529,1290.4,14.701019077615987,8.455309277023636,0.356,25.653,35.575,16.528
Maize,2004,Summer     ,Odisha,7.6362696033793735,4226,1290.4,12.321065748496727,6.077435800022728,1.268,25.653,35.575,16.528
Maize,2004,Winter     ,Odisha,7.362645270417825,3107,1290.4,12.047290841917532,5.804381673212317,1.462,25.653,35.575,16.528
Masoor,2004,Rabi       ,Odisha,9.249657234353133,4130,1290.4,13.93483640287817,7.68937110752969,0.393,25.653,35.575,16.528
Moong(Green Gram),2004,Autumn     ,Odisha,9.839002363309719,4373,1290.4,14.524223953905587,8.27855521914338,0.171,25.653,35.575,16.528
Ragi,2004,Autumn     ,Odisha,10.092536430079509,15814,1290.4,14.777769854179276,8.532044364785508,0.549,25.653,35.575,16.528
Ragi,2004,Summer     ,Odisha,5.568344503761097,213,1290.4,10.249830201682753,4.021953064800342,0.802,25.653,35.575,16.528
Rapeseed &Mustard,2004,Winter     ,Odisha,9.671807670199632,3029,1290.4,14.357019644507876,8.111397028515482,0.159,25.653,35.575,16.528
Safflower,2004,Rabi       ,Odisha,7.498315870766981,1092,1290.4,12.183041247358755,5.939750111421303,0.498,25.653,35.575,16.528
Sesamum,2004,Autumn     ,Odisha,8.294549515143679,978,1290.4,12.979576346057888,6.734841331537249,0.199,25.653,35.575,16.528
Sesamum,2004,Summer     ,Odisha,9.022201929860664,2187,1290.4,13.707356766964937,7.462008140672773,0.283,25.653,35.575,16.528
Small millets,2004,Kharif     ,Odisha,10.12165876222378,11098,1290.4,14.806893363319842,8.561162228798361,0.454,25.653,35.575,16.528
Sunflower,2004,Rabi       ,Odisha,8.93313654381203,5845,1290.4,13.618280239833583,7.372985031388912,0.651,25.653,35.575,16.528
Tobacco,2004,Whole Year ,Odisha,8.46821300919452,3247,1290.4,13.153279316571242,6.908355099054105,0.561,25.653,35.575,16.528
Turmeric,2004,Whole Year ,Odisha,10.080000605922026,56768,1290.4,14.765233512729917,8.519510504371398,2.249,25.653,35.575,16.528
Urad,2004,Summer     ,Odisha,8.43511508038063,1886,1290.4,13.120174383303953,6.875283738835174,0.289,25.653,35.575,16.528
Wheat,2004,Summer     ,Odisha,8.307705966549513,5313,1290.4,12.992736034052431,6.747985508258503,1.266,25.653,35.575,16.528
Cotton(lint),2004,Kharif     ,Uttar Pradesh,8.6328406149422,945,704.0,13.317938516176557,7.072862855041404,0.163,25.909,37.895,14.766
Dry chillies,2004,Whole Year ,Uttar Pradesh,9.853666857552172,16919,704.0,14.538889217380731,8.29321679338146,0.939,25.909,37.895,14.766
Guar seed,2004,Whole Year ,Uttar Pradesh,7.808729306744399,2084,704.0,12.493601231203462,6.249608379606813,0.849,25.909,37.895,14.766
Sannhamp,2004,Kharif     ,Uttar Pradesh,8.08794755464267,901,704.0,12.772917554575463,6.52845487014458,0.262,25.909,37.895,14.766
Small millets,2004,Kharif     ,Uttar Pradesh,9.676461473957694,5693,704.0,14.361673738257268,8.116049731519581,0.323,25.909,37.895,14.766
Soyabean,2004,Kharif     ,Uttar Pradesh,9.13852208418571,3843,704.0,13.823690054488702,7.578278455904137,0.463,25.909,37.895,14.766
Sunflower,2004,Summer     ,Uttar Pradesh,9.577272530367564,28358,704.0,14.262478312096894,8.016885394212936,1.97,25.909,37.895,14.766
Turmeric,2004,Rabi       ,Uttar Pradesh,7.374629015218945,2770,704.0,12.059282080153624,5.816337050894268,1.732,25.909,37.895,14.766
Coriander,2005,Whole Year ,Uttar Pradesh,8.629092283913646,3200,751.9,13.415739786304869,7.069117039217736,0.578,25.897,37.164,15.251
Cotton(lint),2005,Kharif     ,Uttar Pradesh,8.381831553485561,889,751.9,13.168429300864064,6.822044873543729,0.186,25.897,37.164,15.251
Dry chillies,2005,Whole Year ,Uttar Pradesh,9.615805480084347,13790,751.9,14.402564220952785,8.055408494027002,0.919,25.897,37.164,15.251
Guar seed,2005,Whole Year ,Uttar Pradesh,7.752764808851328,1884,751.9,12.53916360062807,6.193731694834538,0.813,25.897,37.164,15.251
Sannhamp,2005,Kharif     ,Uttar Pradesh,8.348774539791274,1457,751.9,13.13536465334814,6.789016787022717,0.342,25.897,37.164,15.251
Small millets,2005,Kharif     ,Uttar Pradesh,9.936148334775677,14011,751.9,14.722925197624269,8.37568262108195,0.705,25.897,37.164,15.251
Soyabean,2005,Kharif     ,Uttar Pradesh,8.256607344626158,3016,751.9,13.04317479153156,6.696935477356759,0.775,25.897,37.164,15.251
Sunflower,2005,Summer     ,Uttar Pradesh,9.441452092939569,16097,751.9,14.228198240374155,7.88110286398357,1.271,25.897,37.164,15.251
Bajra,2007,Kharif     ,Delhi,7.369600720526409,3013,677.5,12.26232726217957,5.540321925503165,1.9,25.864,38.509,14.458
Barley,2007,Kharif     ,Delhi,4.330733340286331,196,677.5,9.21094019204815,2.5649493574615367,2.61,25.864,38.509,14.458
Gram,2007,Rabi       ,Delhi,3.871201010907891,68,677.5,8.743659217194375,2.1424163408412245,1.45,25.864,38.509,14.458
Jowar,2007,Kharif     ,Delhi,9.086815885690685,8262,677.5,13.98005571327934,7.254828271376582,0.93,25.864,38.509,14.458
Maize,2007,Kharif     ,Delhi,4.248495242049359,126,677.5,9.127567273509248,2.488234439880675,1.83,25.864,38.509,14.458
Other Kharif pulses,2007,Kharif     ,Delhi,5.971261839790462,587,677.5,10.862078865282786,4.151984341668515,1.5,25.864,38.509,14.458
Rice,2007,Kharif     ,Delhi,8.911934336161426,20946,677.5,13.805152700083246,7.080060169389437,2.82,25.864,38.509,14.458
Bajra,2008,Kharif     ,Delhi,7.346010209913293,2943,614.6,12.30849366509945,4.944566714126551,1.9,25.163,37.587,14.264
Barley,2008,Kharif     ,Delhi,4.290459441148391,202,614.6,9.239887523664423,2.012232791986386,2.81,25.163,37.587,14.264
Gram,2008,Rabi       ,Delhi,3.8918202981106265,70,614.6,8.83447095863291,1.6714733033535532,1.46,25.163,37.587,14.264
Jowar,2008,Kharif     ,Delhi,9.01663425631559,7950,614.6,13.979638035055423,6.609915120764297,0.97,25.163,37.587,14.264
Maize,2008,Kharif     ,Delhi,4.007333185232471,99,614.6,8.952237813525567,1.7681496035889213,1.83,25.163,37.587,14.264
Rice,2008,Kharif     ,Delhi,8.859363449152088,19873,614.6,13.822346698221002,6.452853047471541,2.82,25.163,37.587,14.264
Bajra,2009,Kharif     ,Delhi,7.369600720526409,2979,528.4,12.417675943534087,5.600715622835498,1.88,26.328,38.633,14.398
Barley,2009,Kharif     ,Delhi,4.343805421853684,214,528.4,9.379519274537154,2.6333266549062735,2.82,26.328,38.633,14.398
Gram,2009,Rabi       ,Delhi,4.343805421853684,67,528.4,9.379519274537154,2.6333266549062735,0.88,26.328,38.633,14.398
Jowar,2009,Kharif     ,Delhi,8.0959035329611,3168,528.4,13.144302152883075,6.325433653511077,0.97,26.328,38.633,14.398
Rice,2009,Kharif     ,Delhi,8.82790796297859,19008,528.4,13.876463803425102,7.056666542723476,2.79,26.328,38.633,14.398
Bajra,2010,Kharif     ,Delhi,7.3343293503005365,2876,989.5,12.446330547293472,5.909277876120035,1.88,25.952,37.749,14.142
Barley,2010,Kharif     ,Delhi,4.2626798770413155,197,989.5,9.361231459385252,2.8791984572980396,2.81,25.952,37.749,14.142
Jowar,2010,Kharif     ,Delhi,8.114324709155339,3227,989.5,13.226677463745924,6.6881554412912925,0.97,25.952,37.749,14.142
Rice,2010,Kharif     ,Delhi,8.831857935197906,19083,989.5,13.94436301642861,7.40520382730645,2.79,25.952,37.749,14.142
Bajra,2011,Kharif     ,Delhi,7.272398392570047,2689,641.395,12.392810602323774,6.1651447076866015,1.87,25.065,37.419,13.47
Barley,2011,Kharif     ,Delhi,4.204692619390966,195,641.395,9.31084793106601,3.125882958019036,2.95,25.065,37.419,13.47
Jowar,2011,Kharif     ,Delhi,8.052296499538647,3032,641.395,13.17308272711714,6.944280053664509,0.97,25.065,37.419,13.47
Rice,2011,Kharif     ,Delhi,8.888618807300878,20198,641.395,14.009584418442453,7.780236223993132,2.79,25.065,37.419,13.47
Bajra,2012,Kharif     ,Delhi,7.326465613840322,3815,451.9,12.341766323729379,6.156745907577529,2.51,25.292,38.062,13.336
Barley,2012,Kharif     ,Delhi,4.189654742026425,183,451.9,9.190443740261726,3.0516399054922867,2.82,25.292,38.062,13.336
Gram,2012,Rabi       ,Delhi,3.8066624897703196,62,451.9,8.80029478949391,2.6837575085331657,1.41,25.292,38.062,13.336
Jowar,2012,Kharif     ,Delhi,8.107720061910534,3008,451.9,13.123375265273074,6.937207279404065,0.91,25.292,38.062,13.336
Rice,2012,Kharif     ,Delhi,8.710949125835855,19768,451.9,13.726739888872883,7.5401328272121315,3.26,25.292,38.062,13.336
Bajra,2013,Kharif     ,Delhi,7.326465613840322,3815,706.8,12.29902235980828,6.018909466186559,2.51,24.621,36.438,12.992
Barley,2013,Kharif     ,Delhi,4.189654742026425,183,706.8,9.147704040528135,2.920469789053444,2.82,24.621,36.438,12.992
Gram,2013,Rabi       ,Delhi,3.8066624897703196,62,706.8,8.757557215604061,2.5556757206762075,1.41,24.621,36.438,12.992
Jowar,2013,Kharif     ,Delhi,8.107720061910534,3008,706.8,13.080631197958084,6.799200779094047,0.91,24.621,36.438,12.992
Rice,2013,Kharif     ,Delhi,8.710949125835855,19768,706.8,13.683995782029353,7.402061200750837,3.26,24.621,36.438,12.992
Bajra,2014,Kharif     ,Delhi,7.327123292259293,3817,416.4,12.343484872964364,6.2197946251094915,2.51,25.502,38.048,13.999
Barley,2014,Kharif     ,Delhi,4.174387269895637,186,416.4,9.176001483303306,3.096482176654134,2.91,25.502,38.048,13.999
Gram,2014,Rabi       ,Delhi,3.7376696182833684,54,416.4,8.730748522307383,2.6762154775821916,1.32,25.502,38.048,13.999
Jowar,2014,Kharif     ,Delhi,8.084254106307318,2937,416.4,13.100962646620742,6.976217342949033,0.91,25.502,38.048,13.999
Rice,2014,Kharif     ,Delhi,8.70549681988774,17269,416.4,13.722347132233633,7.5971705044524045,2.86,25.502,38.048,13.999
Bajra,2015,Kharif     ,Delhi,7.301822342137932,3256,757.7,12.363177329416663,6.194527832587999,2.2,25.398,37.597,13.638
Barley,2015,Kharif     ,Delhi,4.143134726391533,181,757.7,9.189261770971678,3.0661907372025525,2.92,25.398,37.597,13.638
Gram,2015,Rabi       ,Delhi,3.258096538021482,53,757.7,8.281154352116294,2.224623551524334,2.12,25.398,37.597,13.638
Jowar,2015,Kharif     ,Delhi,8.058960017769417,3034,757.7,13.120670966083864,6.950939281763276,0.96,25.398,37.597,13.638
Rice,2015,Kharif     ,Delhi,8.680162019694377,16837,757.7,13.742018408460547,7.571844331942069,2.86,25.398,37.597,13.638
Bajra,2016,Kharif     ,Delhi,7.305188215393037,3278,747.1,12.336590909488422,6.256613392567222,2.2,26.313,37.972,15.452
Barley,2016,Kharif     ,Delhi,4.23410650459726,184,747.1,9.25167423546916,3.2108436531709366,2.71,26.313,37.972,15.452
Gram,2016,Rabi       ,Delhi,3.258096538021482,53,747.1,8.251207377046217,2.277267285009756,2.12,26.313,37.972,15.452
Jowar,2016,Kharif     ,Delhi,8.069029328774958,3065,747.1,13.100788811151151,7.019788482657914,0.96,26.313,37.972,15.452
Rice,2016,Kharif     ,Delhi,8.695171998776056,17260,747.1,13.727076260011696,7.645660696883856,2.89,26.313,37.972,15.452
Bajra,2017,Kharif     ,Delhi,7.315218389752975,3256,533.7,12.373601494398054,6.348719322911723,2.17,25.786,38.472,13.78
Barley,2017,Kharif     ,Delhi,4.2626798770413155,181,533.7,9.307630408751422,3.3178157727231046,2.59,25.786,38.472,13.78
Gram,2017,Rabi       ,Delhi,3.258096538021482,10,533.7,8.278174290943738,2.3513752571634776,0.4,25.786,38.472,13.78
Jowar,2017,Kharif     ,Delhi,8.07153089355666,3035,533.7,13.130264957534886,7.104456287470793,0.95,25.786,38.472,13.78
Rice,2017,Kharif     ,Delhi,8.675051276031818,16837,533.7,13.733925985561338,7.7077458751600805,2.88,25.786,38.472,13.78
Bajra,2018,Kharif     ,Delhi,7.2991214627108,3249,678.5,12.387279414512365,6.2505542251956605,2.2,25.495,37.602,14.291
Barley,2018,Kharif     ,Delhi,4.0943445622221,172,678.5,9.166472075519522,3.075005454448499,2.92,25.495,37.602,14.291
Gram,2018,Rabi       ,Delhi,1.0986122886681098,4,678.5,5.785055194784937,0.5306282510621704,2.0,25.495,37.602,14.291
Jowar,2018,Kharif     ,Delhi,8.057060681965766,3032,678.5,13.145575870768223,7.007826832706352,0.96,25.495,37.602,14.291
Rice,2018,Kharif     ,Delhi,8.674025985443025,16826,678.5,13.762686197355945,7.624521325140717,2.88,25.495,37.602,14.291
Bajra,2019,Kharif     ,Delhi,7.297091005160418,4873,546.9,12.442515369507719,6.3039916595568775,3.3,25.28,38.088,13.655
Barley,2019,Kharif     ,Delhi,4.110873864173311,180,546.9,9.240539745707025,3.1441522786722644,3.0,25.28,38.088,13.655
Gram,2019,Rabi       ,Delhi,1.0986122886681098,4,546.9,5.8421521439209725,0.5538851132264376,2.0,25.28,38.088,13.655
Jowar,2019,Kharif     ,Delhi,8.055475141757274,3150,546.9,13.20125773366701,7.061763091461485,1.0,25.28,38.088,13.655
Rapeseed &Mustard,2019,Rabi       ,Delhi,8.086717920303906,8125,546.9,13.23251022030111,7.092989257223127,2.5,25.28,38.088,13.655
Rice,2019,Kharif     ,Delhi,8.674025985443025,17580,546.9,13.8199541505669,7.680064779788312,3.01,25.28,38.088,13.655
Dry chillies,1997,Whole Year ,Manipur,1.3862943611198906,2,2053.3,5.657773439559625,0.6575200029167941,0.75,20.564,30.395,12.212
Onion,1997,Kharif     ,Manipur,1.0986122886681098,5,2053.3,5.254051950250021,0.4824261492442927,2.5,20.564,30.395,12.212
Other Kharif pulses,1997,Kharif     ,Manipur,2.6390573296152584,6,2053.3,7.1214220672922215,1.6154199841116479,0.45,20.564,30.395,12.212
Peas & beans (Pulses),1997,Kharif     ,Manipur,1.0986122886681098,1,2053.3,5.254051950250021,0.4824261492442927,0.5,20.564,30.395,12.212
Rice,1997,Kharif     ,Manipur,5.049856007249537,348,2053.3,9.599157671111456,3.892840186011372,2.076,20.564,30.395,12.212
Soyabean,1997,Kharif     ,Manipur,1.791759469228055,7,2053.3,6.167201976024922,0.9360933591703349,1.4,20.564,30.395,12.212
Sugarcane,1997,Whole Year ,Manipur,2.0794415416798357,2,2053.3,6.503074862922624,1.1537315878891892,0.29,20.564,30.395,12.212
Turmeric,1997,Whole Year ,Manipur,2.0794415416798357,4,2053.3,6.503074862922624,1.1537315878891892,0.57,20.564,30.395,12.212
Cotton(lint),1998,Autumn     ,Manipur,3.4339872044851463,20,1855.0,7.994632311431825,2.272125885509337,0.67,21.532,31.595,13.388
Cotton(lint),1998,Rabi       ,Manipur,2.3978952727983707,10,1855.0,6.8966943316227125,1.3609765531356006,1.0,21.532,31.595,13.388
Cotton(lint),1998,Winter     ,Manipur,3.4339872044851463,10,1855.0,7.994632311431825,2.272125885509337,0.33,21.532,31.595,13.388
Dry chillies,1998,Autumn     ,Manipur,7.601402334583733,1200,1855.0,12.194005125011843,6.364750756851911,0.608,21.532,31.595,13.388
Dry chillies,1998,Rabi       ,Manipur,8.083637203141548,1940,1855.0,12.67642933744195,6.8465179695109475,0.602,21.532,31.595,13.388
Dry chillies,1998,Summer     ,Manipur,7.115582126184454,740,1855.0,11.707875281913656,5.879694646264972,0.605,21.532,31.595,13.388
Dry chillies,1998,Winter     ,Manipur,7.766840537085513,1420,1855.0,12.359518791517456,6.530002609440508,0.595,21.532,31.595,13.388
Ginger,1998,Autumn     ,Manipur,5.8888779583328805,590,1855.0,10.479229750968448,4.657762636107262,1.62,21.532,31.595,13.388
Ginger,1998,Summer     ,Manipur,2.3978952727983707,20,1855.0,6.8966943316227125,1.3609765531356006,2.0,21.532,31.595,13.388
Ginger,1998,Winter     ,Manipur,5.3981627015177525,360,1855.0,9.986771156672866,4.1713056033582285,1.59,21.532,31.595,13.388
Jute,1998,Autumn     ,Manipur,2.3978952727983707,20,1855.0,6.8966943316227125,1.3609765531356006,2.0,21.532,31.595,13.388
Jute,1998,Summer     ,Manipur,2.3978952727983707,20,1855.0,6.8966943316227125,1.3609765531356006,2.0,21.532,31.595,13.388
Maize,1998,Autumn     ,Manipur,7.993282328101591,10090,1855.0,12.586045571477396,6.756234471340894,2.84,21.532,31.595,13.388
Onion,1998,Autumn     ,Manipur,4.110873864173311,120,1855.0,8.687610843707368,2.91235066461494,2.0,21.532,31.595,13.388
Onion,1998,Rabi       ,Manipur,4.394449154672439,170,1855.0,8.975250749643573,3.186352633162641,2.05,21.532,31.595,13.388
Onion,1998,Summer     ,Manipur,3.713572066704308,90,1855.0,8.282230063296685,2.533696813957432,2.165,21.532,31.595,13.388
Onion,1998,Winter     ,Manipur,3.044522437723423,40,1855.0,7.589335823170617,1.916922612182061,2.0,21.532,31.595,13.388
Peas & beans (Pulses),1998,Autumn     ,Manipur,6.7464121285733745,430,1855.0,11.338345861764337,5.511410582008745,0.433,21.532,31.595,13.388
Peas & beans (Pulses),1998,Rabi       ,Manipur,6.7464121285733745,430,1855.0,11.338345861764337,5.511410582008745,0.545,21.532,31.595,13.388
Peas & beans (Pulses),1998,Summer     ,Manipur,6.566672429803241,360,1855.0,11.158376830261503,5.332235584751498,0.548,21.532,31.595,13.388
Peas & beans (Pulses),1998,Winter     ,Manipur,6.447305862541213,320,1855.0,11.038833489815886,5.21330399222108,0.52,21.532,31.595,13.388
Rapeseed &Mustard,1998,Rabi       ,Manipur,6.089044875446846,200,1855.0,10.679895334714034,4.856706811803519,0.45,21.532,31.595,13.388
Rapeseed &Mustard,1998,Winter     ,Manipur,6.898714534329988,440,1855.0,11.49081277152463,5.663307642090483,0.44,21.532,31.595,13.388
Sesamum,1998,Autumn     ,Manipur,6.154858094016418,230,1855.0,10.745851834241988,4.922168312773925,0.49,21.532,31.595,13.388
Sesamum,1998,Winter     ,Manipur,5.739792912179234,150,1855.0,10.329702551562889,4.509760001183433,0.475,21.532,31.595,13.388
Soyabean,1998,Autumn     ,Manipur,5.602118820879701,320,1855.0,10.191557049929173,4.373238128640803,1.144,21.532,31.595,13.388
Soyabean,1998,Winter     ,Manipur,4.394449154672439,100,1855.0,8.975250749643573,3.186352633162641,1.265,21.532,31.595,13.388
Sweet potato,1998,Autumn     ,Manipur,3.9318256327243257,180,1855.0,8.50532301884575,2.740840023925201,3.6,21.532,31.595,13.388
Sweet potato,1998,Rabi       ,Manipur,3.044522437723423,70,1855.0,7.589335823170617,1.916922612182061,3.5,21.532,31.595,13.388
Sweet potato,1998,Winter     ,Manipur,2.3978952727983707,30,1855.0,6.8966943316227125,1.3609765531356006,3.0,21.532,31.595,13.388
Turmeric,1998,Autumn     ,Manipur,4.61512051684126,70,1855.0,9.198369000194964,3.4011973816621555,0.833,21.532,31.595,13.388
Turmeric,1998,Winter     ,Manipur,3.713572066704308,20,1855.0,8.282230063296685,2.533696813957432,0.5,21.532,31.595,13.388
Cotton(lint),1999,Kharif     ,Manipur,3.9318256327243257,30,2092.7,8.57687619357741,2.6741486494265287,0.6,22.002,32.271,13.95
Dry chillies,1999,Whole Year ,Manipur,8.842315546841863,4150,2092.7,13.506837168003953,7.533372802748483,0.642,22.002,32.271,13.95
Ginger,1999,Kharif     ,Manipur,6.3818160174060985,970,2092.7,11.044803264726454,5.0770470596155075,1.627,22.002,32.271,13.95
Jute,1999,Kharif     ,Manipur,3.044522437723423,40,2092.7,7.660868040709516,1.8562979903656263,2.0,22.002,32.271,13.95
Maize,1999,Kharif     ,Manipur,8.375860015299594,10710,2092.7,13.040296555927226,7.067149331132387,2.254,22.002,32.271,13.95
Onion,1999,Whole Year ,Manipur,5.707110264748875,640,2092.7,10.368478639958319,4.406719247264253,2.069,22.002,32.271,13.95
Peas & beans (Pulses),1999,Kharif     ,Manipur,7.732369222284388,1160,2092.7,12.396599612348101,6.42422051545205,0.565,22.002,32.271,13.95
Rapeseed &Mustard,1999,Rabi       ,Manipur,7.252053951852814,630,2092.7,11.916016423681405,5.944634959751184,0.463,22.002,32.271,13.95
Sesamum,1999,Kharif     ,Manipur,7.099201743553092,600,2092.7,11.763048183446994,5.792098555704769,0.495,22.002,32.271,13.95
Soyabean,1999,Kharif     ,Manipur,6.154858094016418,560,2092.7,10.81741749995025,4.851248708584797,1.122,22.002,32.271,13.95
Turmeric,1999,Whole Year ,Manipur,5.3981627015177525,140,2092.7,10.058335132329328,4.100989104940769,0.8,22.002,32.271,13.95
Cotton(lint),2000,Kharif     ,Manipur,4.110873864173311,20,1969.7,8.68121499103876,2.8094026953624978,0.33,21.328,31.948,13.389
Dry chillies,2000,Whole Year ,Manipur,8.877800393882575,4300,1969.7,13.464363023996016,7.531123564934166,0.649,21.328,31.948,13.389
Ginger,2000,Kharif     ,Manipur,7.039660349862076,1890,1969.7,11.625493146501583,5.6950780340260545,1.673,21.328,31.948,13.389
Maize,2000,Kharif     ,Manipur,8.449128460502108,10860,1969.7,13.035617201609389,7.1026639512815635,2.55,21.328,31.948,13.389
Onion,2000,Whole Year ,Manipur,5.860786223465865,740,1969.7,10.444662927796738,4.5217885770490405,2.1,21.328,31.948,13.389
Other Kharif pulses,2000,Kharif     ,Manipur,7.664346632098617,1090,1969.7,12.250582710749201,6.318607688440676,0.574,21.328,31.948,13.389
Peas & beans (Pulses),2000,Kharif     ,Manipur,8.309184527686298,2130,1969.7,12.895641431265368,6.962811484730215,0.554,21.328,31.948,13.389
Rapeseed &Mustard,2000,Rabi       ,Manipur,7.293697720601438,660,1969.7,11.879725278984719,5.948557046096705,0.452,21.328,31.948,13.389
Sesamum,2000,Kharif     ,Manipur,7.13966033596492,620,1969.7,11.725575754070709,5.794841205603168,0.497,21.328,31.948,13.389
Sweet potato,2000,Whole Year ,Manipur,3.9318256327243257,180,1969.7,8.498927382609345,2.6390573296152584,3.6,21.328,31.948,13.389
Cotton(lint),2001,Kharif     ,Manipur,4.51085950651685,30,2013.1,9.12616496980576,3.1945831322991562,0.33,21.907,32.503,13.345
Dry chillies,2001,Whole Year ,Manipur,8.916103530553727,4470,2013.1,13.542217137250303,7.569411792450712,0.78,21.907,32.503,13.345
Ginger,2001,Kharif     ,Manipur,7.669028288589683,3530,2013.1,12.294812195035755,6.323283115047848,1.645,21.907,32.503,13.345
Maize,2001,Kharif     ,Manipur,8.529319371214077,10090,2013.1,13.15537020893729,7.182807935033776,2.013,21.907,32.503,13.345
Onion,2001,Whole Year ,Manipur,6.46302945692067,1360,2013.1,11.087729986955257,5.120386158055375,2.16,21.907,32.503,13.345
Other Kharif pulses,2001,Kharif     ,Manipur,7.534228326274089,950,2013.1,12.159945457490322,6.1886747163956874,0.517,21.907,32.503,13.345
Peas & beans (Pulses),2001,Kharif     ,Manipur,8.316544717929398,2080,2013.1,12.942549154619657,6.970166539103534,0.53,21.907,32.503,13.345
Rapeseed &Mustard,2001,Rabi       ,Manipur,6.3818160174060985,260,2013.1,11.006385644016946,5.039546637590676,0.44,21.907,32.503,13.345
Sesamum,2001,Kharif     ,Manipur,6.018593214496234,200,2013.1,10.642427552569737,4.678420647727684,0.63,21.907,32.503,13.345
Cashewnut,2002,Whole Year ,Manipur,5.655991810819852,93,1743.7,10.202923402909802,4.2801323269925415,0.405,21.544,31.508,12.897
Dry chillies,2002,Whole Year ,Manipur,9.224341891611996,6080,1743.7,13.77464147900223,7.8383433155571165,0.588,21.544,31.508,12.897
Ginger,2002,Kharif     ,Manipur,7.147559271189454,2100,1743.7,11.697177656888254,5.763622475012218,1.663,21.544,31.508,12.897
Maize,2002,Kharif     ,Manipur,8.172164452111904,8270,1743.7,12.72228215016483,6.786716950605081,2.2,21.544,31.508,12.897
Onion,2002,Whole Year ,Manipur,5.484796933490655,510,1743.7,10.031080095049038,4.110873864173311,2.078,21.544,31.508,12.897
Other Kharif pulses,2002,Kharif     ,Manipur,7.155396301896734,650,1743.7,11.705020769370682,5.771441123130016,0.518,21.544,31.508,12.897
Peas & beans (Pulses),2002,Kharif     ,Manipur,8.321421586897879,2100,1743.7,12.8715780377028,6.935856709093012,0.519,21.544,31.508,12.897
Rapeseed &Mustard,2002,Rabi       ,Manipur,7.745435610274381,1030,1743.7,12.295404536377069,6.360438546633731,0.45,21.544,31.508,12.897
Sesamum,2002,Kharif     ,Manipur,3.4339872044851463,20,1743.7,7.951946580108358,2.1400661634962708,0.67,21.544,31.508,12.897
Soyabean,2002,Kharif     ,Manipur,5.638354669333745,340,1743.7,10.18522448762828,4.2626798770413155,1.21,21.544,31.508,12.897
Turmeric,2002,Whole Year ,Manipur,5.802118375377063,230,1743.7,10.349521823205242,4.42484663185681,0.803,21.544,31.508,12.897
Dry chillies,2004,Whole Year ,Manipur,9.386056829718001,7150,1613.3,14.071248145194534,7.825724601234847,0.598,21.071,30.851,12.565
Ginger,2004,Kharif     ,Manipur,7.816416983691801,4090,1613.3,12.501291991237185,6.257284372702628,1.734,21.071,30.851,12.565
Maize,2004,Kharif     ,Manipur,8.0774471493312,8900,1613.3,12.762413935286215,6.51796665025898,2.522,21.071,30.851,12.565
Onion,2004,Whole Year ,Manipur,6.2166061010848646,1060,1613.3,10.89990098888399,4.663439094112067,2.094,21.071,30.851,12.565
Other Kharif pulses,2004,Kharif     ,Manipur,8.125926802707886,1720,1613.3,12.810908149531851,6.566391096280496,0.513,21.071,30.851,12.565
Peas & beans (Pulses),2004,Kharif     ,Manipur,8.599878558034845,2770,1613.3,13.284970543009184,7.039923242559555,0.509,21.071,30.851,12.565
Rapeseed &Mustard,2004,Rabi       ,Manipur,5.303304908059076,90,1613.3,9.983637946718957,3.7612001156935624,0.445,21.071,30.851,12.565
Sesamum,2004,Kharif     ,Manipur,7.565793282428515,950,1613.3,12.250554494604925,6.007091802993681,0.46,21.071,30.851,12.565
Soyabean,2004,Kharif     ,Manipur,6.042632833682381,500,1613.3,10.72555111793525,4.490881039585964,1.133,21.071,30.851,12.565
Sweet potato,2004,Whole Year ,Manipur,4.875197323201151,460,1613.3,9.552879879712679,3.342861804649192,3.54,21.071,30.851,12.565
Turmeric,2004,Whole Year ,Manipur,6.154858094016418,320,1613.3,10.838026763467017,4.602165676967792,0.74,21.071,30.851,12.565
Dry chillies,2005,Whole Year ,Manipur,8.778171881033469,3890,1585.4,13.56484394837495,7.21810352193283,0.591,21.681,31.756,13.415
Ginger,2005,Kharif     ,Manipur,7.714677473800927,3700,1585.4,12.501059721356407,6.155706990502031,1.684,21.681,31.756,13.415
Maize,2005,Kharif     ,Manipur,7.955425088912672,7940,1585.4,12.741902052979984,6.396095974467569,2.56,21.681,31.756,13.415
Onion,2005,Whole Year ,Manipur,7.473637108496206,3740,1585.4,12.259898679822472,5.915123313851259,2.14,21.681,31.756,13.415
Other Kharif pulses,2005,Kharif     ,Manipur,8.03947991910045,1580,1585.4,12.825984934229314,6.480044561926653,0.581,21.681,31.756,13.415
Peas & beans (Pulses),2005,Kharif     ,Manipur,8.610865667278873,2800,1585.4,13.397509907220735,7.050902788200622,0.524,21.681,31.756,13.415
Rapeseed &Mustard,2005,Rabi       ,Manipur,5.5254529391317835,120,1585.4,10.308319126670684,3.979681653901961,0.595,21.681,31.756,13.415
Sesamum,2005,Kharif     ,Manipur,7.048386408721883,570,1585.4,11.8343493263363,5.491001710377538,0.497,21.681,31.756,13.415
Soyabean,2005,Kharif     ,Manipur,5.14166355650266,200,1585.4,9.922672341950962,3.6027767550605247,1.052,21.681,31.756,13.415
Turmeric,2005,Whole Year ,Manipur,5.303304908059076,140,1585.4,10.085183913936165,3.7612001156935624,0.835,21.681,31.756,13.415
Cotton(lint),2006,Kharif     ,Manipur,5.351858133476067,70,1533.562,10.196906885389494,3.8543938925915096,0.33,21.932,32.32,13.661
Dry chillies,2006,Whole Year ,Manipur,9.09504174761272,5350,1533.562,13.944692467787497,7.581311809777079,0.606,21.932,32.32,13.661
Ginger,2006,Kharif     ,Manipur,8.357259153499912,7030,1533.562,13.206788345854495,6.8439631458943575,1.671,21.932,32.32,13.661
Ginger,2006,Summer     ,Manipur,6.311734809152915,910,1533.562,11.159694583434051,4.804021044733257,1.788,21.932,32.32,13.661
Maize,2006,Kharif     ,Manipur,8.114025442356757,8270,1533.562,12.96349049885952,6.6009583426706735,2.48,21.932,32.32,13.661
Onion,2006,Summer     ,Manipur,6.175867270105761,1020,1533.562,11.023564485277861,4.669083511731744,2.125,21.932,32.32,13.661
Onion,2006,Whole Year ,Manipur,6.46302945692067,1360,1533.562,11.31124247953765,4.954417614098027,2.11,21.932,32.32,13.661
Other Kharif pulses,2006,Kharif     ,Manipur,8.219056661060598,1890,1533.562,13.068551334684349,6.705883862943467,0.569,21.932,32.32,13.661
Peas & beans (Pulses),2006,Kharif     ,Manipur,8.788898309344878,3350,1533.562,13.638509144079798,7.2753108140170815,0.512,21.932,32.32,13.661
Rapeseed &Mustard,2006,Rabi       ,Manipur,3.713572066704308,20,1533.562,8.538837259474109,2.2823823856765264,0.5,21.932,32.32,13.661
Sesamum,2006,Kharif     ,Manipur,7.550135342488429,940,1533.562,12.399375354833362,6.037870919922137,0.495,21.932,32.32,13.661
Soyabean,2006,Kharif     ,Manipur,5.707110264748875,360,1533.562,10.553570643625047,4.204692619390966,1.215,21.932,32.32,13.661
Turmeric,2006,Summer     ,Manipur,3.4339872044851463,20,1533.562,8.251220424126606,2.028148247292285,0.67,21.932,32.32,13.661
Turmeric,2006,Whole Year ,Manipur,5.771441123130016,280,1533.562,10.618107533503784,4.268297869345539,0.918,21.932,32.32,13.661
Cotton(lint),2007,Kharif     ,Manipur,5.351858133476067,70,1435.7,10.240495359999384,3.543853682063679,0.33,20.872,31.442,12.73
Dry chillies,2007,Whole Year ,Manipur,8.872206756028303,4280,1435.7,13.765419698257036,7.040361243530159,0.609,20.872,31.442,12.73
Ginger,2007,Kharif     ,Manipur,8.016647877057803,5000,1435.7,12.909672505992397,6.185797016568072,1.747,20.872,31.442,12.73
Maize,2007,Kharif     ,Manipur,7.993282328101591,8450,1435.7,12.886299213313947,6.162472344001663,2.802,20.872,31.442,12.73
Onion,2007,Whole Year ,Manipur,6.846943139585379,2000,1435.7,11.739239983449812,5.019925341003349,2.11,20.872,31.442,12.73
Other Kharif pulses,2007,Kharif     ,Manipur,7.80016307039296,1240,1435.7,12.693108523998426,5.969730054961976,0.688,20.872,31.442,12.73
Peas & beans (Pulses),2007,Kharif     ,Manipur,8.796490207333578,3370,1435.7,13.689692200404052,6.964702559423887,0.509,20.872,31.442,12.73
Rapeseed &Mustard,2007,Rabi       ,Manipur,7.065613363597717,520,1435.7,11.958117568305683,5.23750522715128,0.427,20.872,31.442,12.73
Sesamum,2007,Kharif     ,Manipur,6.814542897259958,450,1435.7,11.706804970597911,4.987707789452551,0.495,20.872,31.442,12.73
Soyabean,2007,Kharif     ,Manipur,3.713572066704308,40,1435.7,8.582418976333944,2.0014800002101243,1.0,20.872,31.442,12.73
Sweet potato,2007,Whole Year ,Manipur,6.111467339502679,1580,1435.7,11.002616374444639,4.290459441148391,3.51,20.872,31.442,12.73
Turmeric,2007,Whole Year ,Manipur,5.993961427306569,280,1435.7,10.884835421043586,4.174387269895637,0.762,20.872,31.442,12.73
Black pepper,2004,Whole Year ,Goa,6.380122536899765,98,2518.0,11.063716284728361,4.825830657008495,0.165,25.146,34.578,17.72
Groundnut,2004,Kharif     ,Goa,8.09925056179696,5408,2518.0,12.784223983848959,6.539744902522513,1.815,25.146,34.578,17.72
Ragi,2004,Kharif     ,Goa,5.978885764901122,377,2518.0,10.661648766159926,4.4277167605909975,0.97,25.146,34.578,17.72
Cotton(lint),1998,Kharif     ,Mizoram,6.320768294250582,429,2640.7,10.912083955194309,5.087287645617338,0.742,21.525,32.062,12.816
Maize,1998,Kharif     ,Mizoram,9.055205875026193,16347,2640.7,13.648187873595072,7.817617391491165,2.018,21.525,32.062,12.816
Maize,1998,Rabi       ,Mizoram,4.787491742782046,242,2640.7,9.372306148513063,3.5698143469549963,1.74,21.525,32.062,12.816
Other  Rabi pulses,1998,Rabi       ,Mizoram,7.280697195384741,3236,2640.7,11.873112833118498,6.044507559845193,1.98,21.525,32.062,12.816
Other Kharif pulses,1998,Kharif     ,Mizoram,8.267705664762426,6070,2640.7,12.860549161632314,7.0304595189575885,1.582,21.525,32.062,12.816
Tobacco,1998,Whole Year ,Mizoram,6.082218910376446,434,2640.7,10.67305396081115,4.849918661054685,0.92,21.525,32.062,12.816
Wheat,1998,Rabi       ,Mizoram,4.02535169073515,48,2640.7,8.60061479955531,2.830267833826459,1.09,21.525,32.062,12.816
other oilseeds,1998,Kharif     ,Mizoram,8.58316818033977,6338,2640.7,13.176080432110291,7.345752112092786,1.138,21.525,32.062,12.816
other oilseeds,1998,Rabi       ,Mizoram,7.640603826393634,1393,2640.7,12.233225643522678,6.403905268952571,0.98,21.525,32.062,12.816
Cotton(lint),1999,Kharif     ,Mizoram,6.315358001522335,1964,2535.9,10.978229873482103,5.010901925213687,3.727,21.995,32.55,13.353
Groundnut,1999,Kharif     ,Mizoram,4.31748811353631,117,2535.9,8.96885717268948,3.043569602968151,1.305,21.995,32.55,13.353
Maize,1999,Kharif     ,Mizoram,8.535622326884605,9512,2535.9,13.20009256788264,7.2268197326625865,1.768,21.995,32.55,13.353
Maize,1999,Rabi       ,Mizoram,5.225746673713202,190,2535.9,9.885071513482002,3.9308447596687337,1.15,21.995,32.55,13.353
Rapeseed &Mustard,1999,Rabi       ,Mizoram,7.721791776817535,1540,2535.9,12.386017546981577,6.413655659131733,1.015,21.995,32.55,13.353
Sesamum,1999,Kharif     ,Mizoram,8.248529124800218,4217,2535.9,12.912934671170609,6.939902960192455,1.03,21.995,32.55,13.353
Soyabean,1999,Kharif     ,Mizoram,7.022868086082641,1449,2535.9,11.686649586168713,5.715941585480011,1.338,21.995,32.55,13.353
Sugarcane,1999,Whole Year ,Mizoram,6.612041034833092,1510,2535.9,11.275373483981044,5.30633513814162,3.003,21.995,32.55,13.353
Wheat,1999,Rabi       ,Mizoram,3.784189633918261,38,2535.9,8.42608397519491,2.534490149976828,0.88,21.995,32.55,13.353
Cotton(lint),1999,Kharif     ,Tripura,6.762729506931879,1023,2147.4,11.42624843208138,5.456516981221582,1.18,25.292,34.509,17.374
Maize,1999,Kharif     ,Tripura,7.1316985104669115,1000,2147.4,11.795571125966854,5.82452409235233,0.802,25.292,34.509,17.374
Moong(Green Gram),1999,Whole Year ,Tripura,8.721928343047091,4170,2147.4,13.386431650762141,7.413035555692498,0.672,25.292,34.509,17.374
Wheat,1999,Rabi       ,Tripura,7.1316985104669115,2400,2147.4,11.795571125966854,5.82452409235233,2.005,25.292,34.509,17.374
Cotton(lint),2000,Kharif     ,Tripura,6.814542897259958,1340,2437.5,11.400156463011276,5.47058858748849,1.44,24.17,32.795,16.707
Maize,2000,Kharif     ,Tripura,7.365812837209472,1580,2437.5,11.951887242800437,6.0205377945936895,1.0,24.17,32.795,16.707
Moong(Green Gram),2000,Whole Year ,Tripura,8.74209519574531,4507,2437.5,13.328637761019507,7.395476029033031,0.702,24.17,32.795,16.707
Wheat,2000,Rabi       ,Tripura,6.97166860472579,2230,2437.5,11.557440312507685,5.627261336748458,2.095,24.17,32.795,16.707
Cotton(lint),2001,Kharif     ,Tripura,7.161622002939187,1900,2284.4,11.78710002027687,5.816753953315362,1.465,24.365,32.923,16.636
Maize,2001,Kharif     ,Tripura,7.640603826393634,2080,2284.4,12.266374391698465,6.294896929650995,0.99,24.365,32.923,16.636
Moong(Green Gram),2001,Whole Year ,Tripura,8.568076401730806,3857,2284.4,13.194134678810958,7.221543598518397,0.732,24.365,32.923,16.636
Wheat,2001,Rabi       ,Tripura,7.107425474110705,2455,2284.4,11.732860675057463,5.762680115903686,2.015,24.365,32.923,16.636
Cotton(lint),2002,Kharif     ,Tripura,7.223295679562314,1584,2579.8,11.772970889158316,5.839187111662404,1.06,24.512,32.875,16.236
Maize,2002,Kharif     ,Tripura,7.743269700829004,2205,2579.8,12.29323769821109,6.358275448234605,0.952,24.512,32.875,16.236
Moong(Green Gram),2002,Whole Year ,Tripura,8.517992871586802,3520,2579.8,13.068192282961643,7.132297851210054,0.695,24.512,32.875,16.236
Other Kharif pulses,2002,Kharif     ,Tripura,9.028938392241612,5125,2579.8,13.579216922040553,7.643003635560718,0.615,24.512,32.875,16.236
Wheat,2002,Rabi       ,Tripura,6.824373670043086,1827,2579.8,11.373694776454744,5.441334873382962,2.002,24.512,32.875,16.236
other oilseeds,2002,Whole Year ,Tripura,8.517992871586802,3520,2579.8,13.068192282961643,7.132297851210054,0.695,24.512,32.875,16.236
Cotton(lint),2003,Kharif     ,Tripura,7.1049654482698426,305,2487.9,11.699070204080032,5.6804456092917635,0.248,24.357,33.302,16.657
Maize,2003,Kharif     ,Tripura,7.714677473800927,2150,2487.9,12.309153464653333,6.288973180377498,0.958,24.357,33.302,16.657
Moong(Green Gram),2003,Whole Year ,Tripura,8.302265794873367,2746,2487.9,12.89693812498885,6.875934319992301,0.678,24.357,33.302,16.657
Wheat,2003,Rabi       ,Tripura,6.79794041297493,1810,2487.9,11.391752816060158,5.374352052824034,2.027,24.357,33.302,16.657
Cotton(lint),2004,Kharif     ,Mizoram,5.66988092298052,975,2640.8,10.351733056244685,4.122121843221548,3.43,21.348,31.684,12.468
Groundnut,2004,Kharif     ,Mizoram,3.258096538021482,26,2640.8,7.904519395006169,1.8325814637483102,0.926,21.348,31.684,12.468
Maize,2004,Kharif     ,Mizoram,9.188708071849069,18257,2640.8,13.87388125336058,7.628444666715106,2.141,21.348,31.684,12.468
Maize,2004,Rabi       ,Mizoram,6.579251212010101,1530,2640.8,11.263148625422248,5.02381472920837,2.61,21.348,31.684,12.468
Masoor,2004,Kharif     ,Mizoram,0.4054651081081644,0,2640.8,4.01041932728434,0.09984533496971613,0.4,21.348,31.684,12.468
Masoor,2004,Rabi       ,Mizoram,2.833213344056216,12,2640.8,7.458439873710014,1.4724720573609429,1.033,21.348,31.684,12.468
Moong(Green Gram),2004,Kharif     ,Mizoram,2.772588722239781,17,2640.8,7.393939788831677,1.423108334242607,1.13,21.348,31.684,12.468
Moong(Green Gram),2004,Rabi       ,Mizoram,4.110873864173311,70,2640.8,8.779772817307176,2.6100697927420065,1.18,21.348,31.684,12.468
Rapeseed &Mustard,2004,Kharif     ,Mizoram,4.912654885736052,112,2640.8,9.59061757819181,3.3792925462741055,0.725,21.348,31.684,12.468
Rapeseed &Mustard,2004,Rabi       ,Mizoram,7.382124365737512,927,2640.8,12.066782072043242,5.823814830545896,0.7,21.348,31.684,12.468
Sesamum,2004,Kharif     ,Mizoram,7.850882664809852,1481,2640.8,12.535771206809745,6.291698760786756,0.572,21.348,31.684,12.468
Soyabean,2004,Kharif     ,Mizoram,7.268920128193722,2745,2640.8,11.953503888050067,5.710890486115579,1.361,21.348,31.684,12.468
Sunflower,2004,Kharif     ,Mizoram,3.784189633918261,24,2640.8,8.446689178730335,2.305580601973844,0.52,21.348,31.684,12.468
Tobacco,2004,Whole Year ,Mizoram,6.150602768446279,317,2640.8,10.833762448605087,4.5979441408963515,0.689,21.348,31.684,12.468
Urad,2004,Kharif     ,Mizoram,2.833213344056216,18,2640.8,7.458439873710014,1.4724720573609429,1.13,21.348,31.684,12.468
Urad,2004,Rabi       ,Mizoram,3.4657359027997265,56,2640.8,8.119559338823032,2.0162354657760435,1.317,21.348,31.684,12.468
Wheat,2004,Rabi       ,Mizoram,1.3862943611198906,4,2640.8,5.786958729178144,0.48858001481867097,1.33,21.348,31.684,12.468
Cotton(lint),2006,Kharif     ,Mizoram,5.488937726156687,151,2353.0,10.334591492095035,3.98935434836447,0.79,21.742,31.915,13.242
Maize,2006,Kharif     ,Mizoram,9.253112463820052,20219,2353.0,14.10277946507501,7.739324374046019,1.885,21.742,31.915,13.242
Maize,2006,Rabi       ,Mizoram,5.8289456176102075,750,2353.0,10.675785273676109,4.325191697921343,2.107,21.742,31.915,13.242
Other  Rabi pulses,2006,Rabi       ,Mizoram,7.655864017616056,2790,2353.0,12.505156420827634,6.14341280338004,1.144,21.742,31.915,13.242
Other Kharif pulses,2006,Kharif     ,Mizoram,7.987864096085687,3045,2353.0,12.837289208081794,6.4749395288511735,1.024,21.742,31.915,13.242
Potato,2006,Kharif     ,Mizoram,6.461468176353717,1652,2353.0,11.30967877670795,4.9528649283460435,3.26,21.742,31.915,13.242
Rice,2006,Rabi       ,Mizoram,7.711101251840158,3675,2353.0,12.560418900175435,6.198560014000584,1.58,21.742,31.915,13.242
Tobacco,2006,Whole Year ,Mizoram,6.222576268071369,342,2353.0,11.07036780556505,4.715458539882214,0.677,21.742,31.915,13.242
other oilseeds,2006,Kharif     ,Mizoram,8.191740021277457,3435,2353.0,13.041227288874405,6.678593655342365,0.971,21.742,31.915,13.242
other oilseeds,2006,Rabi       ,Mizoram,6.1463292576688975,322,2353.0,10.993964505583609,4.639764830752591,0.648,21.742,31.915,13.242
Cotton(lint),2008,Kharif     ,Mizoram,5.337538079701318,102,1912.1,10.295876877315703,2.9770590082883697,0.468,21.005,31.242,12.258
Maize,2008,Kharif     ,Mizoram,9.124128675157117,8906,1912.1,14.087144739068163,6.71728460816956,0.912,21.005,31.242,12.258
Maize,2008,Rabi       ,Mizoram,5.955837369464831,412,1912.1,10.91638580412333,3.573749146860305,1.884,21.005,31.242,12.258
Other  Rabi pulses,2008,Rabi       ,Mizoram,7.223295679562314,1848,1912.1,12.18569543319162,4.822697998516666,1.504,21.005,31.242,12.258
Other Kharif pulses,2008,Kharif     ,Mizoram,7.848543482456679,1798,1912.1,12.811280127434145,5.444536676049014,0.818,21.005,31.242,12.258
Rice,2008,Rabi       ,Mizoram,4.882801922586371,280,1912.1,9.838375000007392,2.548663615590751,2.555,21.005,31.242,12.258
Tapioca,2008,Kharif     ,Mizoram,4.189654742026425,286,1912.1,9.137619130175011,1.9242486522741338,2.647,21.005,31.242,12.258
Tobacco,2008,Whole Year ,Mizoram,6.184148890937483,276,1912.1,11.145223662358704,3.7968365956190286,0.49,21.005,31.242,12.258
other oilseeds,2008,Kharif     ,Mizoram,7.91862865334224,2184,1912.1,12.881391542494107,5.5143557357322,0.818,21.005,31.242,12.258
other oilseeds,2008,Rabi       ,Mizoram,6.270988431858299,330,1912.1,11.232233835671563,3.8819760840758493,0.53,21.005,31.242,12.258
Cotton(lint),2009,Kharif     ,Mizoram,5.308267697401205,129,2086.3,10.35203833111578,3.5601934464858913,0.653,21.226,31.092,12.993
Maize,2009,Kharif     ,Mizoram,9.025335217553026,11136,2086.3,14.073917155033666,7.2539656598729865,1.362,21.226,31.092,12.993
Maize,2009,Rabi       ,Mizoram,5.488937726156687,374,2086.3,10.533525057339245,3.7369550773454994,1.61,21.226,31.092,12.993
Other  Rabi pulses,2009,Rabi       ,Mizoram,7.31455283232408,3231,2086.3,12.362592602117576,5.545841286587624,2.038,21.226,31.092,12.993
Other Kharif pulses,2009,Kharif     ,Mizoram,7.791522819150732,3248,2086.3,12.83981365853171,6.021581446011793,1.028,21.226,31.092,12.993
Rice,2009,Rabi       ,Mizoram,4.787491742782046,238,2086.3,9.827878916487842,3.055415275715165,2.0,21.226,31.092,12.993
Tobacco,2009,Whole Year ,Mizoram,5.918893854273146,249,2086.3,10.964920855639251,4.15997623565093,0.582,21.226,31.092,12.993
other oilseeds,2009,Kharif     ,Mizoram,7.752335163302292,2727,2086.3,12.800609587075282,5.9824742552698496,1.056,21.226,31.092,12.993
other oilseeds,2009,Rabi       ,Mizoram,6.030685260261263,261,2086.3,11.076995479258187,4.27039650600246,0.584,21.226,31.092,12.993
Dry chillies,1999,Whole Year ,Arunachal Pradesh,7.313220387090301,1696,2338.6,11.977224541651426,6.005687913744225,1.262,21.171,32.078,12.224
Wheat,1999,Rabi       ,Arunachal Pradesh,8.26796230533871,5069,2338.6,12.93237284101539,6.9593225358385435,1.374,21.171,32.078,12.224
Dry chillies,2000,Whole Year ,Arunachal Pradesh,7.183870715062453,2097,2157.7,11.769820105974617,5.838954187885657,1.816,20.253,31.248,11.382
Small millets,2000,Kharif     ,Arunachal Pradesh,9.91095956737483,17332,2157.7,14.497611113610256,8.564027157763448,0.905,20.253,31.248,11.382
Wheat,2000,Rabi       ,Arunachal Pradesh,8.388905171114706,6226,2157.7,12.97538075555559,7.042478461143297,1.374,20.253,31.248,11.382
Dry chillies,2001,Whole Year ,Arunachal Pradesh,7.396335293800808,2128,2128.5,12.021974130881341,6.051006229816298,1.48,20.881,31.73,12.275
Small millets,2001,Kharif     ,Arunachal Pradesh,9.890452970265668,17851,2128.5,14.516649320597736,8.543523486662266,0.939,20.881,31.73,12.275
Wheat,2001,Rabi       ,Arunachal Pradesh,8.244334047856094,5341,2128.5,12.870320355191886,6.8980079275272566,1.432,20.881,31.73,12.275
Dry chillies,2002,Whole Year ,Arunachal Pradesh,7.3833681469923835,2345,2832.8,11.933150178893175,5.998936561946683,1.555,20.487,31.369,11.631
Small millets,2002,Kharif     ,Arunachal Pradesh,9.957549510634658,18811,2832.8,14.507899801362404,8.571397245429749,0.942,20.487,31.369,11.631
Wheat,2002,Rabi       ,Arunachal Pradesh,8.32239411311117,6250,2832.8,12.872550797926571,6.936828526467844,1.482,20.487,31.369,11.631
Dry chillies,2003,Whole Year ,Arunachal Pradesh,7.4133673356952405,2430,2782.2,12.007687924126115,5.988159090099256,1.54,20.363,30.744,12.194
Turmeric,2003,Whole Year ,Arunachal Pradesh,6.104793232414985,1527,2782.2,10.697499005785964,4.684720464746101,3.821,20.363,30.744,12.194
Wheat,2003,Rabi       ,Arunachal Pradesh,8.33110454805304,6320,2782.2,12.92578385721567,6.904750769961838,1.512,20.363,30.744,12.194
Dry chillies,2005,Whole Year ,Arunachal Pradesh,7.682021510826875,2646,2767.0,12.468389062699154,6.123106656159697,1.487,20.365,30.286,12.014
Small millets,2005,Kharif     ,Arunachal Pradesh,10.03464738523415,22376,2767.0,14.821428749896764,8.474164597478518,0.998,20.365,30.286,12.014
Wheat,2005,Rabi       ,Arunachal Pradesh,8.28828304520769,6140,2767.0,13.074858518875597,6.728580765050051,1.589,20.365,30.286,12.014
Dry chillies,2006,Whole Year ,Arunachal Pradesh,7.55171221535131,2729,1940.0,12.40095305047814,6.039444859626549,1.567,20.79,31.105,12.32
Small millets,2006,Kharif     ,Arunachal Pradesh,9.985482200088756,21428,1940.0,14.835198564398992,8.471517771390989,1.003,20.79,31.105,12.32
Wheat,2006,Rabi       ,Arunachal Pradesh,8.289037098278483,6301,1940.0,13.138549846824692,6.775799786831067,1.668,20.79,31.105,12.32
Dry chillies,2008,Whole Year ,Arunachal Pradesh,7.749753406274437,3960,2244.4,12.712449789465268,5.346154695962197,1.874,20.214,30.335,11.628
Oilseeds total,2008,Whole Year ,Arunachal Pradesh,10.366781220256765,31016,2244.4,15.329874290743824,7.959153660534683,0.995,20.214,30.335,11.628
Small millets,2008,Kharif     ,Arunachal Pradesh,10.010681386638243,18922,2244.4,14.973761093513518,7.603189841488216,0.865,20.214,30.335,11.628
Wheat,2008,Rabi       ,Arunachal Pradesh,8.095293776844649,5169,2244.4,13.058115203445269,5.690427019609043,1.57,20.214,30.335,11.628
Dry chillies,2009,Whole Year ,Arunachal Pradesh,7.643482907077201,3499,1701.9,12.6917082069982,5.873862745027802,2.043,20.498,30.179,12.208
Small millets,2009,Kharif     ,Arunachal Pradesh,9.969930509084842,18391,1701.9,15.018585517348042,8.19820206592721,0.867,20.498,30.179,12.208
Wheat,2009,Rabi       ,Arunachal Pradesh,8.061802274538348,4770,1701.9,13.110190386270855,6.291383937224241,1.59,20.498,30.179,12.208
Dry chillies,2010,Whole Year ,Arunachal Pradesh,7.706162970199576,3648,2574.1,12.818365753932756,6.280470742521894,1.904,20.214,29.515,12.527
Small millets,2010,Kharif     ,Arunachal Pradesh,9.983314852395683,20038,2574.1,15.095919184967713,8.556344671403728,0.991,20.214,29.515,12.527
Wheat,2010,Rabi       ,Arunachal Pradesh,8.216088098632316,5872,2574.1,13.328469638829967,6.789827232812237,1.647,20.214,29.515,12.527
Dry chillies,2011,Whole Year ,Arunachal Pradesh,7.824445930877619,4300,2193.7,12.945151145750263,6.716594773520978,1.998,20.068,29.965,12.019
Wheat,2011,Rabi       ,Arunachal Pradesh,8.216358332386156,6500,2193.7,13.337192459114453,7.108244139731541,1.818,20.068,29.965,12.019
Dry chillies,2012,Whole Year ,Arunachal Pradesh,7.768956044538332,4619,2760.7,12.784490560428193,6.598713367408947,2.511,20.168,29.818,12.24
Wheat,2012,Rabi       ,Arunachal Pradesh,7.9854843567338225,4401,2760.7,13.001100644617981,6.81505868079595,1.73,20.168,29.818,12.24
Dry chillies,2013,Whole Year ,Arunachal Pradesh,7.820840879907344,8106,2042.9,12.793652594623607,6.512591925119222,3.71,21.022,31.395,12.592
Wheat,2013,Rabi       ,Arunachal Pradesh,7.993282328101591,4470,2042.9,12.966157186460817,6.684861696423135,1.73,21.022,31.395,12.592
Dry chillies,2014,Whole Year ,Arunachal Pradesh,7.886457270977689,7500,2403.2,12.903098793160506,6.778557340510455,2.828,20.922,30.342,13.2
Wheat,2014,Rabi       ,Arunachal Pradesh,8.24301946898925,7500,2403.2,13.25977299000255,7.134890851565884,2.454,20.922,30.342,13.2
Dry chillies,2015,Whole Year ,Arunachal Pradesh,7.993282328101591,8288,2593.2,13.054971937227197,6.8853051501445455,2.698,20.655,30.149,13.194
Wheat,2015,Rabi       ,Arunachal Pradesh,8.271548374755515,7700,2593.2,13.333319523078435,7.163404741852606,2.105,20.655,30.149,13.194
Groundnut,1997,Rabi       ,Arunachal Pradesh,6.80903930604298,802,2274.9,11.363611320228237,5.640310051700627,0.875,19.437,29.532,10.938
Sesamum,1997,Kharif     ,Arunachal Pradesh,7.204892510204673,818,2274.9,11.759821870366904,6.035361808145165,0.635,19.437,29.532,10.938
Soyabean,1997,Kharif     ,Arunachal Pradesh,7.76046702921342,3075,2274.9,12.315709927770316,6.590232364519335,1.493,19.437,29.532,10.938
Sunflower,1997,Kharif     ,Arunachal Pradesh,6.1070228877422545,220,2274.9,10.660481452493993,4.940784912195175,0.492,19.437,29.532,10.938
Wheat,1997,Rabi       ,Arunachal Pradesh,8.239065331769268,5475,2274.9,12.794468708045176,7.068470082022033,1.592,19.437,29.532,10.938
Groundnut,1998,Winter     ,Odisha,8.69751274553952,5184,1357.1,13.290445026250234,7.460047169680334,0.94,26.252,36.648,16.997
Horse-gram,1998,Summer     ,Odisha,6.270988431858299,81,1357.1,10.862213057703416,5.037731519757957,0.106,26.252,36.648,16.997
Maize,1998,Summer     ,Odisha,5.6240175061873385,240,1357.1,10.213535141746,4.394942859940428,0.941,26.252,36.648,16.997
Maize,1998,Winter     ,Odisha,6.035481432524756,247,1357.1,10.626208098338372,4.803447109572174,0.717,26.252,36.648,16.997
Ragi,1998,Summer     ,Odisha,6.759255270663693,596,1357.1,11.351203864579926,5.524217116055963,0.476,26.252,36.648,16.997
Sesamum,1998,Autumn     ,Odisha,8.94832604627298,1269,1357.1,13.541295003565262,7.710769804172262,0.183,26.252,36.648,16.997
Sesamum,1998,Summer     ,Odisha,8.970177815492379,1683,1357.1,13.56314955364224,7.732614698509495,0.204,26.252,36.648,16.997
Urad,1998,Summer     ,Odisha,7.841885928984623,529,1357.1,12.434594507766255,6.60497310500771,0.24,26.252,36.648,16.997
Wheat,1998,Summer     ,Odisha,8.260751354700513,4441,1357.1,12.853593078039584,7.023509591503979,1.108,26.252,36.648,16.997
Groundnut,2005,Winter     ,Odisha,8.06211758275474,2831,1503.4,12.84862975806515,6.502655104277677,0.913,26.307,36.155,17.235
Horse-gram,2005,Summer     ,Odisha,6.0867747269123065,83,1503.4,10.87134326188864,4.534640419797564,0.218,26.307,36.155,17.235
Maize,2005,Summer     ,Odisha,7.368970402194793,3455,1503.4,12.155169801222858,5.810691790303878,1.497,26.307,36.155,17.235
Maize,2005,Winter     ,Odisha,8.663369301573839,12841,1503.4,13.450022780548291,7.103371403414094,1.32,26.307,36.155,17.235
Moong(Green Gram),2005,Autumn     ,Odisha,9.906682443432647,4344,1503.4,14.693457871109835,8.346222172846225,0.175,26.307,36.155,17.235
Ragi,2005,Summer     ,Odisha,5.424950017481403,180,1503.4,10.207396750140768,3.8807387153883797,0.693,26.307,36.155,17.235
Rapeseed &Mustard,2005,Winter     ,Odisha,9.76434042112597,3330,1503.4,14.551108287828965,8.203908826073729,0.172,26.307,36.155,17.235
Sesamum,2005,Autumn     ,Odisha,8.011355109161286,417,1503.4,12.797850999696463,6.451954312734866,0.171,26.307,36.155,17.235
Sesamum,2005,Summer     ,Odisha,9.243001154215731,2788,1503.4,14.029730023815333,7.682717441962391,0.285,26.307,36.155,17.235
Urad,2005,Summer     ,Odisha,8.718827059242566,2458,1503.4,13.505489784297662,7.1587941137350795,0.33,26.307,36.155,17.235
Wheat,2005,Summer     ,Odisha,8.094683648698815,4486,1503.4,12.881205844213573,6.535183214175999,1.212,26.307,36.155,17.235
Groundnut,2006,Winter     ,Odisha,8.170751423757535,4056,1716.9,13.020232861897322,6.6576258625829405,0.966,25.748,35.661,16.872
Horse-gram,2006,Summer     ,Odisha,5.288267030694535,25,1716.9,10.133005543869391,3.7918872041881655,0.243,25.748,35.661,16.872
Maize,2006,Summer     ,Odisha,7.558516743045645,4497,1716.9,12.40776111379492,6.046236782954962,1.626,25.748,35.661,16.872
Maize,2006,Winter     ,Odisha,8.68185981297147,15471,1716.9,13.531453560315343,7.1683333337418595,1.663,25.748,35.661,16.872
Moong(Green Gram),2006,Autumn     ,Odisha,10.030824800997323,5201,1716.9,14.880543191418338,8.516853133603133,0.201,25.748,35.661,16.872
Ragi,2006,Summer     ,Odisha,5.616771097666572,202,1716.9,10.462918752007576,4.1154535254323354,0.59,25.748,35.661,16.872
Rapeseed &Mustard,2006,Winter     ,Odisha,9.626547576616248,2578,1716.9,14.476244205062173,8.112653654834563,0.154,25.748,35.661,16.872
Sesamum,2006,Autumn     ,Odisha,8.108021221376747,612,1716.9,12.957484488922065,6.594960505715281,0.185,25.748,35.661,16.872
Sesamum,2006,Summer     ,Odisha,9.170351363759819,2417,1716.9,14.020010161973307,7.656592573735274,0.273,25.748,35.661,16.872
Urad,2006,Summer     ,Odisha,8.71915396346254,2164,1716.9,13.568753873087502,7.205605480349544,0.301,25.748,35.661,16.872
Wheat,2006,Summer     ,Odisha,8.272315147956022,5802,1716.9,13.121823691800248,6.759092844480235,1.303,25.748,35.661,16.872
Groundnut,2007,Autumn     ,Odisha,10.356948858912547,30635,1633.8,15.250269458815142,8.524534180301686,0.812,25.907,35.866,16.978
Groundnut,2007,Winter     ,Odisha,7.647308832356238,2406,1633.8,12.540187104777553,5.817230200496646,1.054,25.907,35.866,16.978
Horse-gram,2007,Summer     ,Odisha,5.030437921392435,42,1633.8,9.917281970558275,3.2315945972759756,0.227,25.907,35.866,16.978
Maize,2007,Summer     ,Odisha,7.963807953231451,6495,1633.8,12.856814808416283,6.133050911169852,1.383,25.907,35.866,16.978
Maize,2007,Winter     ,Odisha,8.780480107033297,17797,1633.8,13.673679676810536,6.948705265311091,1.561,25.907,35.866,16.978
Moong(Green Gram),2007,Autumn     ,Odisha,10.072723869781427,5930,1633.8,14.966034103375195,8.240364012682223,0.199,25.907,35.866,16.978
Ragi,2007,Autumn     ,Odisha,10.174201476757755,17357,1633.8,15.067515753708092,8.34182023707037,0.541,25.907,35.866,16.978
Ragi,2007,Summer     ,Odisha,6.184148890937483,428,1633.8,11.075452528201922,4.362334001328145,0.78,25.907,35.866,16.978
Rapeseed &Mustard,2007,Winter     ,Odisha,9.673130546703616,3232,1633.8,14.566420197669842,7.8408795288242,0.191,25.907,35.866,16.978
Sesamum,2007,Autumn     ,Odisha,8.418256443556213,766,1633.8,13.31138940889583,6.586833504749222,0.197,25.907,35.866,16.978
Sesamum,2007,Summer     ,Odisha,9.53387209732166,3181,1633.8,14.427152411744654,7.7016704456613665,0.274,25.907,35.866,16.978
Sesamum,2007,Winter     ,Odisha,10.313376195704071,6220,1633.8,15.206695391207507,8.480968944370911,0.182,25.907,35.866,16.978
Urad,2007,Autumn     ,Odisha,10.392956742473556,7455,1633.8,15.286278457651013,8.560536165595309,0.223,25.907,35.866,16.978
Urad,2007,Summer     ,Odisha,9.14825217966276,3568,1633.8,14.041498699592468,7.316229189434718,0.277,25.907,35.866,16.978
Wheat,2007,Summer     ,Odisha,8.621373010325902,8721,1633.8,13.514546266078252,6.789737215708927,1.398,25.907,35.866,16.978
Groundnut,2008,Autumn     ,Odisha,10.38176932322609,31406,1539.0,15.34486285847113,7.974137032840997,0.79,25.592,35.214,16.518
Groundnut,2008,Winter     ,Odisha,7.633369649679584,2289,1539.0,12.596013202311678,5.230306155931493,1.13,25.592,35.214,16.518
Horse-gram,2008,Summer     ,Odisha,4.553876891600541,25,1539.0,9.506493463817492,2.247072383063787,0.242,25.592,35.214,16.518
Maize,2008,Summer     ,Odisha,7.718685495198466,5960,1539.0,12.68136837189523,5.315223646614395,1.529,25.592,35.214,16.518
Maize,2008,Winter     ,Odisha,5.730099782973574,676,1539.0,10.689994830907693,3.354455119110024,1.625,25.592,35.214,16.518
Moong(Green Gram),2008,Autumn     ,Odisha,10.029106473960287,5300,1539.0,14.992186995171144,7.621606641100374,0.184,25.592,35.214,16.518
Ragi,2008,Autumn     ,Odisha,10.169384032915987,17371,1539.0,15.132470285631817,7.7618258668710425,0.573,25.592,35.214,16.518
Ragi,2008,Summer     ,Odisha,5.66988092298052,230,1539.0,10.629575189734512,3.2962071678045244,0.7,25.592,35.214,16.518
Rapeseed &Mustard,2008,Winter     ,Odisha,9.527848201325206,2527,1539.0,14.490900222960704,7.120638371358435,0.166,25.592,35.214,16.518
Sesamum,2008,Autumn     ,Odisha,8.174984532943087,485,1539.0,13.137829163202996,5.7698822763607245,0.157,25.592,35.214,16.518
Sesamum,2008,Summer     ,Odisha,8.657998068007258,1455,1539.0,13.620949847359155,6.251807539411298,0.279,25.592,35.214,16.518
Sesamum,2008,Winter     ,Odisha,10.251323547807656,5310,1539.0,15.214412794742806,7.843734906195042,0.196,25.592,35.214,16.518
Urad,2008,Autumn     ,Odisha,10.269206476121777,6823,1539.0,15.23229634454987,7.861611508742434,0.241,25.592,35.214,16.518
Urad,2008,Summer     ,Odisha,9.17678358844734,3745,1539.0,14.139805204946184,6.769883049973443,0.31,25.592,35.214,16.518
Wheat,2008,Summer     ,Odisha,8.569406062863171,7386,1539.0,13.532341858238537,6.163377959935002,1.384,25.592,35.214,16.518
Groundnut,2009,Autumn     ,Odisha,10.333059735987526,28876,1330.3,15.38172889982163,8.561261750139073,0.814,26.66,36.79,17.628
Groundnut,2009,Winter     ,Odisha,8.212297138229768,4440,1330.3,13.260729041088107,6.441663986556317,1.127,26.66,36.79,17.628
Horse-gram,2009,Summer     ,Odisha,5.6240175061873385,74,1330.3,10.66912561274592,3.869532953807194,0.218,26.66,36.79,17.628
Maize,2009,Summer     ,Odisha,7.725771441587952,5048,1330.3,12.774034366220425,5.955966894754825,1.505,26.66,36.79,17.628
Maize,2009,Winter     ,Odisha,5.356586274672012,302,1330.3,10.40059004337313,3.607398212246053,1.568,26.66,36.79,17.628
Moong(Green Gram),2009,Autumn     ,Odisha,9.986541107671414,4949,1330.3,15.03519688174528,8.214808902431233,0.338,26.66,36.79,17.628
Ragi,2009,Autumn     ,Odisha,9.992276515350188,13721,1330.3,15.040932550907035,8.220543025558106,0.59,26.66,36.79,17.628
Ragi,2009,Summer     ,Odisha,5.420534999272286,205,1330.3,10.464830419639934,3.6699514442284173,0.692,26.66,36.79,17.628
Rapeseed &Mustard,2009,Winter     ,Odisha,9.460476328353995,2736,1330.3,14.509100450512804,7.688899600506716,0.197,26.66,36.79,17.628
Sesamum,2009,Autumn     ,Odisha,8.4252971767117,785,1330.3,13.47378080479204,6.654410218934806,0.198,26.66,36.79,17.628
Sesamum,2009,Summer     ,Odisha,9.126850061477157,2494,1330.3,14.175443540725908,7.355423826975367,0.294,26.66,36.79,17.628
Urad,2009,Autumn     ,Odisha,10.292958770889943,6514,1330.3,15.341626611848147,8.521167284238208,0.26,26.66,36.79,17.628
Urad,2009,Summer     ,Odisha,8.900276348631271,2477,1330.3,13.948842358171555,7.128985000091073,0.263,26.66,36.79,17.628
Wheat,2009,Summer     ,Odisha,8.292798858200374,5782,1330.3,13.34125161570277,6.5220633859729125,1.346,26.66,36.79,17.628
Groundnut,2010,Winter     ,Odisha,8.031060180240619,3604,1291.9,13.143387101994911,6.60497310500771,1.071,26.712,36.571,17.435
Horse-gram,2010,Summer     ,Odisha,6.003887067106539,120,1291.9,11.114079998608455,4.584559232083967,0.28,26.712,36.571,17.435
Maize,2010,Summer     ,Odisha,8.40178233990491,12540,1291.9,13.514209418937517,6.975376543579613,1.83,26.712,36.571,17.435
Maize,2010,Winter     ,Odisha,6.608000625296087,1529,1291.9,11.719308540948052,5.185148668442399,1.979,26.712,36.571,17.435
Ragi,2010,Summer     ,Odisha,5.796057750765372,276,1291.9,10.905682181703934,4.378520495344594,0.854,26.712,36.571,17.435
Rapeseed &Mustard,2010,Winter     ,Odisha,9.67570827281739,3345,1291.9,14.788296077971985,8.248790733696413,0.181,26.712,36.571,17.435
Sesamum,2010,Autumn     ,Odisha,8.756997183623554,1280,1291.9,13.86949098178355,7.330378999181063,0.206,26.712,36.571,17.435
Sesamum,2010,Summer     ,Odisha,8.966228514225776,2092,1291.9,14.078751845426952,7.539516297827734,0.325,26.712,36.571,17.435
Urad,2010,Summer     ,Odisha,8.989070065043654,2980,1291.9,14.10159626189759,7.562348723909834,0.36,26.712,36.571,17.435
Wheat,2010,Summer     ,Odisha,7.957877358489813,4176,1291.9,13.0701797288744,6.531868390402728,1.34,26.712,36.571,17.435
Groundnut,2011,Winter     ,Odisha,7.669028288589683,2274,1346.2,12.789666644590534,6.5613135113234335,1.038,25.805,35.504,16.758
Horse-gram,2011,Summer     ,Odisha,4.51085950651685,27,1346.2,9.620978742325006,3.4242626545931514,0.25,25.805,35.504,16.758
Maize,2011,Summer     ,Odisha,8.287025025165063,9914,1346.2,13.407877481510088,7.178873423883248,2.039,25.805,35.504,16.758
Maize,2011,Winter     ,Odisha,5.181783550292085,227,1346.2,10.297286204757219,4.08446256236765,1.776,25.805,35.504,16.758
Ragi,2011,Summer     ,Odisha,4.74493212836325,81,1346.2,9.857353557623743,3.653770277000368,0.673,25.805,35.504,16.758
Rapeseed &Mustard,2011,Winter     ,Odisha,9.243388226022383,2194,1346.2,14.36439479683217,8.134922012457617,0.191,25.805,35.504,16.758
Sesamum,2011,Autumn     ,Odisha,8.415824697027949,745,1346.2,13.536707404324881,7.307611352492437,0.182,25.805,35.504,16.758
Sesamum,2011,Summer     ,Odisha,8.565602330623925,1549,1346.2,13.686515648493918,7.457326503053173,0.304,25.805,35.504,16.758
Urad,2011,Summer     ,Odisha,8.696343057044556,2073,1346.2,13.817279592299931,7.588019833711069,0.27,25.805,35.504,16.758
Wheat,2011,Summer     ,Odisha,7.2875606403097235,2396,1346.2,12.407983244721175,6.18028576857662,1.39,25.805,35.504,16.758
Groundnut,2012,Winter     ,Odisha,7.81923445385907,3136,1430.2,12.834789565758802,6.648945689166076,1.155,26.175,36.255,16.035
Horse-gram,2012,Summer     ,Odisha,4.127134385045092,19,1430.2,9.126937023670399,2.991222118076105,0.28,26.175,36.255,16.035
Jute,2012,Autumn     ,Odisha,7.482681828154651,3112,1430.2,12.49807711295894,6.31275062697354,1.694,26.175,36.255,16.035
Maize,2012,Summer     ,Odisha,8.182838710766026,10000,1430.2,13.198515572994557,7.01227744332168,1.861,26.175,36.255,16.035
Maize,2012,Winter     ,Odisha,5.805134968916488,483,1430.2,10.81809286488841,4.640633850263661,2.008,26.175,36.255,16.035
Ragi,2012,Summer     ,Odisha,4.787491742782046,94,1430.2,9.795133672340649,3.6346872250305093,0.833,26.175,36.255,16.035
Rapeseed &Mustard,2012,Winter     ,Odisha,9.590966190070702,4031,1430.2,14.606852753188177,8.419935316083814,0.238,26.175,36.255,16.035
Sesamum,2012,Autumn     ,Odisha,8.092851027538384,581,1430.2,13.108501747383507,6.922348281285037,0.227,26.175,36.255,16.035
Sesamum,2012,Summer     ,Odisha,8.009363076630045,965,1430.2,13.024987345195589,6.838919538006683,0.339,26.175,36.255,16.035
Sesamum,2012,Winter     ,Odisha,9.64510534912921,3773,1430.2,14.660995490275733,8.47406645969508,0.264,26.175,36.255,16.035
Urad,2012,Summer     ,Odisha,8.52158353971753,1901,1430.2,13.537340172320642,7.350843671186743,0.401,26.175,36.255,16.035
Wheat,2012,Summer     ,Odisha,6.946975992135418,1974,1430.2,11.96197482903937,5.77793092218126,1.623,26.175,36.255,16.035
Groundnut,2013,Winter     ,Odisha,7.4205789054108005,2311,1632.4,12.393194371389841,6.112863260538543,1.251,25.941,35.656,16.667
Horse-gram,2013,Summer     ,Odisha,4.143134726391533,21,1632.4,9.10045630714622,2.8758219768814333,0.38,25.941,35.656,16.667
Jute,2013,Autumn     ,Odisha,7.586803535162581,3566,1632.4,12.559510119513911,6.278840322655655,1.82,25.941,35.656,16.667
Maize,2013,Summer     ,Odisha,8.18646442942209,10430,1632.4,13.159398222518574,6.877883527777174,1.905,25.941,35.656,16.667
Maize,2013,Winter     ,Odisha,5.631211781821365,420,1632.4,10.600856309689078,4.331522502500114,1.802,25.941,35.656,16.667
Ragi,2013,Autumn     ,Odisha,9.665801266405587,11548,1632.4,14.63894858875821,8.356639388615108,0.598,25.941,35.656,16.667
Ragi,2013,Summer     ,Odisha,5.438079308923196,191,1632.4,10.406962526348401,4.140432666414855,0.756,25.941,35.656,16.667
Rapeseed &Mustard,2013,Winter     ,Odisha,9.506213803454253,3617,1632.4,14.479350228406165,8.197081586784552,0.231,25.941,35.656,16.667
Sesamum,2013,Autumn     ,Odisha,7.914983005848394,564,1632.4,12.887830538685376,6.606636672593393,0.25,25.941,35.656,16.667
Sesamum,2013,Summer     ,Odisha,8.440744019252831,1210,1632.4,13.413739901955935,7.13199423012683,0.333,25.941,35.656,16.667
Sesamum,2013,Winter     ,Odisha,9.691036630760662,3838,1632.4,14.664185522565203,8.381870481053955,0.232,25.941,35.656,16.667
Urad,2013,Summer     ,Odisha,8.009363076630045,1344,1632.4,12.982243286901785,6.700927892152864,0.383,25.941,35.656,16.667
Wheat,2013,Summer     ,Odisha,6.520621127558696,1069,1632.4,11.492367796702341,5.215261791410711,1.666,25.941,35.656,16.667
Groundnut,2014,Winter     ,Odisha,7.558516743045645,1936,1536.9,12.575013316929242,6.450912662414201,1.179,25.787,35.562,16.276
Horse-gram,2014,Summer     ,Odisha,4.77912349311153,40,1536.9,9.787755661842915,3.6873783279876693,0.368,25.787,35.562,16.276
Jute,2014,Autumn     ,Odisha,6.964135612418245,1718,1536.9,11.980211153960402,5.857390149940316,1.55,25.787,35.562,16.276
Maize,2014,Summer     ,Odisha,7.726212650507529,5918,1536.9,12.742789265976423,6.618445215404971,2.085,25.787,35.562,16.276
Maize,2014,Winter     ,Odisha,5.198497031265826,302,1536.9,10.210008552780735,4.100989104940769,2.656,25.787,35.562,16.276
Ragi,2014,Autumn     ,Odisha,9.632203625893982,10806,1536.9,14.649153376896024,8.523674144595926,0.639,25.787,35.562,16.276
Ragi,2014,Summer     ,Odisha,5.659482215759621,260,1536.9,10.673029873399784,4.557868912870078,0.729,25.787,35.562,16.276
Rapeseed &Mustard,2014,Winter     ,Odisha,9.222268942841456,2473,1536.9,14.239185679426793,8.113806921026859,0.244,25.787,35.562,16.276
Sesamum,2014,Autumn     ,Odisha,8.210668031162976,833,1536.9,13.227412956726463,7.102556967283798,0.251,25.787,35.562,16.276
Sesamum,2014,Summer     ,Odisha,8.35608503102148,1278,1536.9,13.372866498887081,7.247899337635072,0.35,25.787,35.562,16.276
Urad,2014,Summer     ,Odisha,7.937731775260109,1120,1536.9,12.95439196303198,6.829793737512425,0.403,25.787,35.562,16.276
Wheat,2014,Summer     ,Odisha,6.0014148779611505,658,1536.9,11.015967900269727,4.8977651703005165,1.441,25.787,35.562,16.276
Groundnut,2015,Winter     ,Odisha,7.247792581767846,1812,1210.1,12.3091103455393,6.140573969695823,1.171,26.14,36.148,16.846
Horse-gram,2015,Summer     ,Odisha,5.056245805348308,27,1210.1,10.111921851270637,3.9604321446358335,0.18,26.14,36.148,16.846
Jute,2015,Autumn     ,Odisha,7.094234845924755,2617,1210.1,12.155435136068677,5.987255702333927,1.902,26.14,36.148,16.846
Maize,2015,Summer     ,Odisha,7.820037989458753,6521,1210.1,12.881664097126222,6.712190415436319,1.936,26.14,36.148,16.846
Maize,2015,Winter     ,Odisha,5.545177444479562,458,1210.1,10.603313629529282,4.444414407108697,2.528,26.14,36.148,16.846
Ragi,2015,Autumn     ,Odisha,9.56317796268366,8780,1210.1,14.625133386588434,8.45465799561513,0.598,26.14,36.148,16.846
Ragi,2015,Summer     ,Odisha,5.697093486505405,265,1210.1,10.755778711347437,4.595220855134423,0.783,26.14,36.148,16.846
Rapeseed &Mustard,2015,Winter     ,Odisha,8.896861744480391,1497,1210.1,13.958751034522484,7.788476862617485,0.207,26.14,36.148,16.846
Sesamum,2015,Autumn     ,Odisha,7.992944547318106,623,1210.1,13.054634043032324,6.884967600851472,0.258,26.14,36.148,16.846
Sesamum,2015,Summer     ,Odisha,8.441175704992322,1219,1210.1,13.502986502766955,7.332951116377044,0.309,26.14,36.148,16.846
Sesamum,2015,Winter     ,Odisha,9.428270356237505,2300,1210.1,14.49021569461454,8.319770991651659,0.182,26.14,36.148,16.846
Urad,2015,Summer     ,Odisha,8.931287626222456,3170,1210.1,13.993181517475108,7.822893346794244,0.388,26.14,36.148,16.846
Wheat,2015,Summer     ,Odisha,5.908082938168931,494,1210.1,10.967404353755287,4.8049222778449305,1.268,26.14,36.148,16.846
Groundnut,2016,Winter     ,Odisha,8.37930948405285,5469,1460.5,13.411151962445196,7.329913610031962,1.249,26.532,36.532,17.58
Horse-gram,2016,Summer     ,Odisha,3.713572066704308,15,1460.5,8.721113147762688,2.70805020110221,0.338,26.532,36.532,17.58
Jute,2016,Autumn     ,Odisha,6.625392368007956,1264,1460.5,11.656144468296437,5.5780302693501405,1.742,26.532,36.532,17.58
Maize,2016,Summer     ,Odisha,7.859413154693583,7542,1460.5,12.89110007495305,6.810307816816172,1.771,26.532,36.532,17.58
Maize,2016,Winter     ,Odisha,7.20414929203594,1736,1460.5,12.235480951010755,6.155706990502031,1.542,26.532,36.532,17.58
Niger seed,2016,Winter     ,Odisha,9.61707134520558,4616,1460.5,14.64907576997369,8.567372865959321,0.289,26.532,36.532,17.58
Ragi,2016,Autumn     ,Odisha,9.565704457114814,9107,1460.5,14.597705395055398,8.516012494668075,0.594,26.532,36.532,17.58
Ragi,2016,Summer     ,Odisha,4.3694478524670215,54,1460.5,9.388863055512989,3.342861804649192,0.653,26.532,36.532,17.58
Rapeseed &Mustard,2016,Winter     ,Odisha,9.179778066393542,3354,1460.5,14.211746205329968,8.130147401331822,0.293,26.532,36.532,17.58
Sesamum,2016,Autumn     ,Odisha,8.18088094199639,1027,1460.5,13.21267334970831,7.131578599201104,0.271,26.532,36.532,17.58
Sesamum,2016,Summer     ,Odisha,7.269616749608169,439,1460.5,12.300995250236973,6.221087064519901,0.408,26.532,36.532,17.58
Sesamum,2016,Winter     ,Odisha,9.305741456739435,3429,1460.5,14.337721719804424,8.25608813381491,0.282,26.532,36.532,17.58
Wheat,2016,Summer     ,Odisha,4.060443010546419,80,1460.5,9.075236314791338,3.0421386463681466,0.95,26.532,36.532,17.58
Groundnut,2017,Winter     ,Odisha,7.505492274737424,2466,1344.4,12.563989997360498,6.538805304167792,1.304,26.462,36.568,17.257
Horse-gram,2017,Summer     ,Odisha,5.924255797414532,142,1344.4,10.980639881290754,4.961024793542921,0.45,26.462,36.568,17.257
Jute,2017,Autumn     ,Odisha,6.854354502255021,2360,1344.4,11.912350233569974,5.8884900714801525,2.055,26.462,36.568,17.257
Maize,2017,Summer     ,Odisha,7.665284718471351,5803,1344.4,12.723863197771928,6.698465321956463,2.553,26.462,36.568,17.257
Maize,2017,Winter     ,Odisha,5.926926025970411,527,1344.4,10.98331721353153,4.963683439200464,2.146,26.462,36.568,17.257
Ragi,2017,Autumn     ,Odisha,9.21463115339334,7679,1344.4,14.27357664240447,8.24720957325621,0.573,26.462,36.568,17.257
Ragi,2017,Summer     ,Odisha,4.709530201312334,75,1344.4,9.759582539484045,3.756538102587751,0.643,26.462,36.568,17.257
Rapeseed &Mustard,2017,Winter     ,Odisha,9.065430200180375,2819,1344.4,14.124359767521623,8.098034756176071,0.328,26.462,36.568,17.257
Sesamum,2017,Autumn     ,Odisha,7.80057265467065,598,1344.4,12.859210105752517,6.833656537555043,0.302,26.462,36.568,17.257
Sesamum,2017,Summer     ,Odisha,7.522400231387125,510,1344.4,12.580907122526732,6.555698227574589,0.353,26.462,36.568,17.257
Sesamum,2017,Winter     ,Odisha,9.260653185849772,3030,1344.4,14.31960312549439,8.29322429960224,0.268,26.462,36.568,17.257
Urad,2017,Summer     ,Odisha,9.545955098183267,6963,1344.4,14.60492849319239,8.578487706451158,0.413,26.462,36.568,17.257
Wheat,2017,Summer     ,Odisha,4.30406509320417,158,1344.4,9.349590879242873,3.358289880650879,2.387,26.462,36.568,17.257
Groundnut,2018,Autumn     ,Odisha,9.303375237943373,11237,1635.9,14.392114821103258,8.253722314879406,1.114,25.785,35.661,16.321
Groundnut,2018,Summer     ,Odisha,9.610792938260802,21685,1635.9,14.699556489130565,8.561095237703366,1.698,25.785,35.661,16.321
Groundnut,2018,Winter     ,Odisha,7.589841512182657,2669,1635.9,12.678169083323604,6.540957846514812,1.498,25.785,35.661,16.321
Horse-gram,2018,Summer     ,Odisha,3.6635616461296463,14,1635.9,8.726578531092843,2.6602595372658615,0.35,25.785,35.661,16.321
Jute,2018,Autumn     ,Odisha,5.303304908059076,313,1635.9,10.3871783338948,4.2626798770413155,1.54,25.785,35.661,16.321
Maize,2018,Summer     ,Odisha,7.957177323459475,7452,1635.9,13.045659423218519,6.908005247737345,2.335,25.785,35.661,16.321
Maize,2018,Winter     ,Odisha,4.219507705176107,164,1635.9,9.293614775168903,3.196630215920881,2.231,25.785,35.661,16.321
Moong(Green Gram),2018,Autumn     ,Odisha,9.270117576012044,2798,1635.9,14.358854096621902,8.220470374312308,0.418,25.785,35.661,16.321
Ragi,2018,Autumn     ,Odisha,9.049232211581426,5827,1635.9,14.137945589541529,7.999628242662103,0.641,25.785,35.661,16.321
Ragi,2018,Summer     ,Odisha,5.3612921657094255,132,1635.9,10.44544549719516,4.320151230955794,0.768,25.785,35.661,16.321
Rapeseed &Mustard,2018,Winter     ,Odisha,8.702842538302868,1657,1635.9,13.791507577522978,7.653328861720459,0.271,25.785,35.661,16.321
Sesamum,2018,Autumn     ,Odisha,7.373374309910049,490,1635.9,12.461580380708867,6.324717321102222,0.287,25.785,35.661,16.321
Sesamum,2018,Summer     ,Odisha,7.709756864454165,449,1635.9,12.798141240979962,6.660767192857912,0.283,25.785,35.661,16.321
Sesamum,2018,Winter     ,Odisha,9.310818990542401,2563,1635.9,14.399559245325015,8.261164812766252,0.213,25.785,35.661,16.321
Urad,2018,Autumn     ,Odisha,9.526682784921174,3583,1635.9,14.615440492321737,8.476996001664824,0.337,25.785,35.661,16.321
Urad,2018,Summer     ,Odisha,8.427706024914702,2336,1635.9,13.516318768782245,7.378290017164549,0.469,25.785,35.661,16.321
Wheat,2018,Summer     ,Odisha,4.997212273764115,268,1635.9,10.07930466790788,3.9598603348423063,1.825,25.785,35.661,16.321
Small millets,1998,Kharif     ,Nagaland,8.294299608857235,2000,1498.0,12.88714977521702,7.057036981697891,0.5,20.292,29.86,12.067
Wheat,1998,Rabi       ,Nagaland,6.90875477931522,3000,1498.0,11.500863005142227,5.673323267171493,3.0,20.292,29.86,12.067
